player,year,greens,holes,cut
Aaron Baddeley,2019,148,290,Other
Aaron Baddeley,2019,337,444,Fairway
Aaron Baddeley,2019,16,35,Bunker
Aaron Wise,2019,182,330,Other
Aaron Wise,2019,480,599,Fairway
Aaron Wise,2019,12,41,Bunker
Abraham Ancer,2019,184,322,Other
Abraham Ancer,2019,645,865,Fairway
Abraham Ancer,2019,18,45,Bunker
Adam Hadwin,2019,162,320,Other
Adam Hadwin,2019,599,776,Fairway
Adam Hadwin,2019,27,49,Bunker
Adam Long,2019,142,289,Other
Adam Long,2019,535,707,Fairway
Adam Long,2019,39,67,Bunker
Adam Schenk,2019,251,473,Other
Adam Schenk,2019,675,856,Fairway
Adam Schenk,2019,38,68,Bunker
Adam Scott,2019,164,300,Other
Adam Scott,2019,415,511,Fairway
Adam Scott,2019,22,42,Bunker
Adam Svensson,2019,152,274,Other
Adam Svensson,2019,482,610,Fairway
Adam Svensson,2019,29,51,Bunker
Alex Cejka,2019,101,200,Other
Alex Cejka,2019,325,467,Fairway
Alex Cejka,2019,15,28,Bunker
Alex Noren,2019,139,278,Other
Alex Noren,2019,391,524,Fairway
Alex Noren,2019,21,38,Bunker
Alex Prugh,2019,187,308,Other
Alex Prugh,2019,522,635,Fairway
Alex Prugh,2019,25,48,Bunker
Anders Albertson,2019,165,318,Other
Anders Albertson,2019,422,538,Fairway
Anders Albertson,2019,19,39,Bunker
Andrew Landry,2019,139,257,Other
Andrew Landry,2019,559,743,Fairway
Andrew Landry,2019,15,36,Bunker
Andrew Putnam,2019,178,358,Other
Andrew Putnam,2019,500,647,Fairway
Andrew Putnam,2019,24,62,Bunker
Anirban Lahiri,2019,163,317,Other
Anirban Lahiri,2019,411,578,Fairway
Anirban Lahiri,2019,32,67,Bunker
Austin Cook,2019,108,228,Other
Austin Cook,2019,479,626,Fairway
Austin Cook,2019,12,37,Bunker
Beau Hossler,2019,214,396,Other
Beau Hossler,2019,531,686,Fairway
Beau Hossler,2019,39,77,Bunker
Ben Silverman,2019,141,264,Other
Ben Silverman,2019,484,645,Fairway
Ben Silverman,2019,16,40,Bunker
Bill Haas,2019,163,321,Other
Bill Haas,2019,447,590,Fairway
Bill Haas,2019,25,51,Bunker
Billy Horschel,2019,194,381,Other
Billy Horschel,2019,649,836,Fairway
Billy Horschel,2019,45,75,Bunker
Brady Schnell,2019,100,198,Other
Brady Schnell,2019,351,481,Fairway
Brady Schnell,2019,16,34,Bunker
Branden Grace,2019,189,361,Other
Branden Grace,2019,419,543,Fairway
Branden Grace,2019,19,45,Bunker
Brandon Harkins,2019,249,445,Other
Brandon Harkins,2019,523,659,Fairway
Brandon Harkins,2019,26,53,Bunker
Brandt Snedeker,2019,220,442,Other
Brandt Snedeker,2019,673,876,Fairway
Brandt Snedeker,2019,30,67,Bunker
Brendan Steele,2019,133,238,Other
Brendan Steele,2019,477,595,Fairway
Brendan Steele,2019,13,33,Bunker
Brian Gay,2019,156,314,Other
Brian Gay,2019,622,871,Fairway
Brian Gay,2019,28,56,Bunker
Brian Harman,2019,158,332,Other
Brian Harman,2019,626,848,Fairway
Brian Harman,2019,31,64,Bunker
Brian Stuard,2019,160,337,Other
Brian Stuard,2019,680,932,Fairway
Brian Stuard,2019,16,42,Bunker
Brice Garnett,2019,170,300,Other
Brice Garnett,2019,656,851,Fairway
Brice Garnett,2019,17,40,Bunker
Bronson Burgoon,2019,115,222,Other
Bronson Burgoon,2019,406,512,Fairway
Bronson Burgoon,2019,14,36,Bunker
Brooks Koepka,2019,205,356,Other
Brooks Koepka,2019,513,643,Fairway
Brooks Koepka,2019,23,41,Bunker
Bryson DeChambeau,2019,160,304,Other
Bryson DeChambeau,2019,497,658,Fairway
Bryson DeChambeau,2019,26,50,Bunker
Bubba Watson,2019,167,309,Other
Bubba Watson,2019,372,472,Fairway
Bubba Watson,2019,18,31,Bunker
Bud Cauley,2019,180,360,Other
Bud Cauley,2019,564,725,Fairway
Bud Cauley,2019,31,61,Bunker
Byeong Hun An,2019,228,409,Other
Byeong Hun An,2019,501,625,Fairway
Byeong Hun An,2019,19,44,Bunker
C.T. Pan,2019,163,347,Other
C.T. Pan,2019,561,741,Fairway
C.T. Pan,2019,17,56,Bunker
Cam Davis,2019,245,394,Other
Cam Davis,2019,447,583,Fairway
Cam Davis,2019,14,28,Bunker
Cameron Champ,2019,246,432,Other
Cameron Champ,2019,479,590,Fairway
Cameron Champ,2019,24,45,Bunker
Cameron Smith,2019,175,365,Other
Cameron Smith,2019,456,615,Fairway
Cameron Smith,2019,32,56,Bunker
Cameron Tringale,2019,198,322,Other
Cameron Tringale,2019,431,549,Fairway
Cameron Tringale,2019,18,36,Bunker
Carlos Ortiz,2019,213,374,Other
Carlos Ortiz,2019,553,714,Fairway
Carlos Ortiz,2019,24,58,Bunker
Charles Howell III,2019,219,403,Other
Charles Howell III,2019,661,803,Fairway
Charles Howell III,2019,29,72,Bunker
Charley Hoffman,2019,191,363,Other
Charley Hoffman,2019,444,568,Fairway
Charley Hoffman,2019,17,44,Bunker
Chase Wright,2019,170,309,Other
Chase Wright,2019,466,603,Fairway
Chase Wright,2019,23,51,Bunker
Chesson Hadley,2019,184,354,Other
Chesson Hadley,2019,462,616,Fairway
Chesson Hadley,2019,32,61,Bunker
Chez Reavie,2019,140,269,Other
Chez Reavie,2019,725,973,Fairway
Chez Reavie,2019,16,43,Bunker
Chris Stroud,2019,166,302,Other
Chris Stroud,2019,357,503,Fairway
Chris Stroud,2019,20,58,Bunker
Cody Gribble,2019,184,371,Other
Cody Gribble,2019,360,494,Fairway
Cody Gribble,2019,30,56,Bunker
Corey Conners,2019,205,351,Other
Corey Conners,2019,657,805,Fairway
Corey Conners,2019,25,47,Bunker
Curtis Luck,2019,172,329,Other
Curtis Luck,2019,344,459,Fairway
Curtis Luck,2019,18,33,Bunker
Daniel Berger,2019,160,276,Other
Daniel Berger,2019,433,605,Fairway
Daniel Berger,2019,24,43,Bunker
Danny Lee,2019,216,420,Other
Danny Lee,2019,511,645,Fairway
Danny Lee,2019,29,65,Bunker
Danny Willett,2019,179,313,Other
Danny Willett,2019,395,523,Fairway
Danny Willett,2019,22,42,Bunker
David Hearn,2019,93,177,Other
David Hearn,2019,349,458,Fairway
David Hearn,2019,10,20,Bunker
Denny McCarthy,2019,164,329,Other
Denny McCarthy,2019,573,744,Fairway
Denny McCarthy,2019,20,57,Bunker
Dominic Bozzelli,2019,164,325,Other
Dominic Bozzelli,2019,455,564,Fairway
Dominic Bozzelli,2019,16,48,Bunker
Dustin Johnson,2019,220,397,Other
Dustin Johnson,2019,429,544,Fairway
Dustin Johnson,2019,15,38,Bunker
Dylan Frittelli,2019,213,376,Other
Dylan Frittelli,2019,561,708,Fairway
Dylan Frittelli,2019,18,45,Bunker
Emiliano Grillo,2019,151,292,Other
Emiliano Grillo,2019,571,744,Fairway
Emiliano Grillo,2019,29,56,Bunker
Ernie Els,2019,117,248,Other
Ernie Els,2019,320,406,Fairway
Ernie Els,2019,14,31,Bunker
Fabián Gómez,2019,128,244,Other
Fabián Gómez,2019,467,591,Fairway
Fabián Gómez,2019,10,32,Bunker
Francesco Molinari,2019,117,218,Other
Francesco Molinari,2019,370,505,Fairway
Francesco Molinari,2019,16,37,Bunker
Freddie Jacobson,2019,108,245,Other
Freddie Jacobson,2019,320,431,Fairway
Freddie Jacobson,2019,21,35,Bunker
Gary Woodland,2019,196,372,Other
Gary Woodland,2019,606,747,Fairway
Gary Woodland,2019,23,59,Bunker
Graeme McDowell,2019,159,326,Other
Graeme McDowell,2019,478,620,Fairway
Graeme McDowell,2019,21,43,Bunker
Hank Lebioda,2019,151,290,Other
Hank Lebioda,2019,498,640,Fairway
Hank Lebioda,2019,20,45,Bunker
Harold Varner III,2019,209,398,Other
Harold Varner III,2019,543,686,Fairway
Harold Varner III,2019,37,60,Bunker
Harris English,2019,257,430,Other
Harris English,2019,588,782,Fairway
Harris English,2019,32,58,Bunker
Henrik Stenson,2019,78,169,Other
Henrik Stenson,2019,364,502,Fairway
Henrik Stenson,2019,10,25,Bunker
Hideki Matsuyama,2019,239,414,Other
Hideki Matsuyama,2019,591,755,Fairway
Hideki Matsuyama,2019,39,63,Bunker
Hudson Swafford,2019,158,302,Other
Hudson Swafford,2019,351,459,Fairway
Hudson Swafford,2019,23,35,Bunker
Hunter Mahan,2019,145,261,Other
Hunter Mahan,2019,435,540,Fairway
Hunter Mahan,2019,5,22,Bunker
Ian Poulter,2019,127,248,Other
Ian Poulter,2019,397,519,Fairway
Ian Poulter,2019,24,49,Bunker
J.B. Holmes,2019,205,384,Other
J.B. Holmes,2019,431,561,Fairway
J.B. Holmes,2019,19,48,Bunker
J.J. Henry,2019,116,220,Other
J.J. Henry,2019,358,473,Fairway
J.J. Henry,2019,19,34,Bunker
J.J. Spaun,2019,190,363,Other
J.J. Spaun,2019,578,729,Fairway
J.J. Spaun,2019,31,55,Bunker
J.T. Poston,2019,231,414,Other
J.T. Poston,2019,646,844,Fairway
J.T. Poston,2019,36,84,Bunker
Jason Day,2019,156,315,Other
Jason Day,2019,459,554,Fairway
Jason Day,2019,19,28,Bunker
Jason Dufner,2019,167,278,Other
Jason Dufner,2019,533,682,Fairway
Jason Dufner,2019,23,46,Bunker
Jason Kokrak,2019,222,416,Other
Jason Kokrak,2019,618,788,Fairway
Jason Kokrak,2019,26,52,Bunker
Jhonattan Vegas,2019,218,357,Other
Jhonattan Vegas,2019,463,594,Fairway
Jhonattan Vegas,2019,34,57,Bunker
Jim Furyk,2019,99,211,Other
Jim Furyk,2019,543,705,Fairway
Jim Furyk,2019,14,31,Bunker
Jim Herman,2019,92,175,Other
Jim Herman,2019,348,470,Fairway
Jim Herman,2019,8,25,Bunker
Jim Knous,2019,175,295,Other
Jim Knous,2019,317,408,Fairway
Jim Knous,2019,22,36,Bunker
Jimmy Walker,2019,204,401,Other
Jimmy Walker,2019,450,576,Fairway
Jimmy Walker,2019,30,58,Bunker
Joaquin Niemann,2019,259,446,Other
Joaquin Niemann,2019,640,827,Fairway
Joaquin Niemann,2019,24,67,Bunker
Joel Dahmen,2019,188,363,Other
Joel Dahmen,2019,696,918,Fairway
Joel Dahmen,2019,25,59,Bunker
Joey Garber,2019,145,272,Other
Joey Garber,2019,383,497,Fairway
Joey Garber,2019,7,26,Bunker
John Chin,2019,143,281,Other
John Chin,2019,354,439,Fairway
John Chin,2019,23,35,Bunker
Johnson Wagner,2019,142,235,Other
Johnson Wagner,2019,434,544,Fairway
Johnson Wagner,2019,16,32,Bunker
Jon Rahm,2019,157,304,Other
Jon Rahm,2019,476,595,Fairway
Jon Rahm,2019,23,53,Bunker
Jonas Blixt,2019,164,331,Other
Jonas Blixt,2019,517,681,Fairway
Jonas Blixt,2019,16,47,Bunker
Jonathan Byrd,2019,149,263,Other
Jonathan Byrd,2019,291,399,Fairway
Jonathan Byrd,2019,12,23,Bunker
Jordan Spieth,2019,239,464,Other
Jordan Spieth,2019,450,587,Fairway
Jordan Spieth,2019,29,54,Bunker
Josh Teater,2019,174,299,Other
Josh Teater,2019,466,595,Fairway
Josh Teater,2019,26,43,Bunker
José de Jesús Rodríguez,2019,178,322,Other
José de Jesús Rodríguez,2019,401,547,Fairway
José de Jesús Rodríguez,2019,16,38,Bunker
Julián Etulain,2019,184,364,Other
Julián Etulain,2019,379,496,Fairway
Julián Etulain,2019,22,45,Bunker
Justin Rose,2019,131,284,Other
Justin Rose,2019,402,522,Fairway
Justin Rose,2019,33,62,Bunker
Justin Thomas,2019,203,363,Other
Justin Thomas,2019,510,607,Fairway
Justin Thomas,2019,20,42,Bunker
K.H. Lee,2019,175,343,Other
K.H. Lee,2019,618,775,Fairway
K.H. Lee,2019,20,56,Bunker
Keegan Bradley,2019,173,337,Other
Keegan Bradley,2019,600,763,Fairway
Keegan Bradley,2019,23,50,Bunker
Keith Mitchell,2019,219,410,Other
Keith Mitchell,2019,561,701,Fairway
Keith Mitchell,2019,21,50,Bunker
Kelly Kraft,2019,169,371,Other
Kelly Kraft,2019,501,696,Fairway
Kelly Kraft,2019,27,62,Bunker
Kevin Kisner,2019,156,316,Other
Kevin Kisner,2019,635,832,Fairway
Kevin Kisner,2019,29,51,Bunker
Kevin Na,2019,128,271,Other
Kevin Na,2019,407,538,Fairway
Kevin Na,2019,10,31,Bunker
Kevin Streelman,2019,182,316,Other
Kevin Streelman,2019,603,769,Fairway
Kevin Streelman,2019,20,46,Bunker
Kevin Tway,2019,246,444,Other
Kevin Tway,2019,492,620,Fairway
Kevin Tway,2019,18,58,Bunker
Kiradech Aphibarnrat,2019,136,288,Other
Kiradech Aphibarnrat,2019,390,549,Fairway
Kiradech Aphibarnrat,2019,14,31,Bunker
Kramer Hickok,2019,158,293,Other
Kramer Hickok,2019,571,743,Fairway
Kramer Hickok,2019,11,37,Bunker
Kyle Jones,2019,132,251,Other
Kyle Jones,2019,476,632,Fairway
Kyle Jones,2019,14,38,Bunker
Kyle Stanley,2019,130,287,Other
Kyle Stanley,2019,583,735,Fairway
Kyle Stanley,2019,23,42,Bunker
Louis Oosthuizen,2019,127,254,Other
Louis Oosthuizen,2019,463,597,Fairway
Louis Oosthuizen,2019,20,41,Bunker
Lucas Glover,2019,201,362,Other
Lucas Glover,2019,640,830,Fairway
Lucas Glover,2019,29,63,Bunker
Luke List,2019,206,360,Other
Luke List,2019,355,468,Fairway
Luke List,2019,25,54,Bunker
Mackenzie Hughes,2019,213,379,Other
Mackenzie Hughes,2019,469,614,Fairway
Mackenzie Hughes,2019,22,66,Bunker
Marc Leishman,2019,193,373,Other
Marc Leishman,2019,473,601,Fairway
Marc Leishman,2019,17,38,Bunker
Martin Laird,2019,203,362,Other
Martin Laird,2019,574,706,Fairway
Martin Laird,2019,20,51,Bunker
Martin Trainer,2019,173,372,Other
Martin Trainer,2019,333,432,Fairway
Martin Trainer,2019,25,47,Bunker
Matt Fitzpatrick,2019,103,216,Other
Matt Fitzpatrick,2019,347,471,Fairway
Matt Fitzpatrick,2019,13,26,Bunker
Matt Jones,2019,195,368,Other
Matt Jones,2019,583,728,Fairway
Matt Jones,2019,35,75,Bunker
Matt Kuchar,2019,160,319,Other
Matt Kuchar,2019,605,757,Fairway
Matt Kuchar,2019,25,47,Bunker
Max Homa,2019,209,406,Other
Max Homa,2019,488,642,Fairway
Max Homa,2019,26,69,Bunker
Michael Kim,2019,152,346,Other
Michael Kim,2019,318,438,Fairway
Michael Kim,2019,22,43,Bunker
Michael Thompson,2019,118,248,Other
Michael Thompson,2019,501,685,Fairway
Michael Thompson,2019,31,58,Bunker
Nate Lashley,2019,139,278,Other
Nate Lashley,2019,491,620,Fairway
Nate Lashley,2019,29,53,Bunker
Nick Taylor,2019,235,425,Other
Nick Taylor,2019,637,800,Fairway
Nick Taylor,2019,32,72,Bunker
Nick Watney,2019,218,402,Other
Nick Watney,2019,554,686,Fairway
Nick Watney,2019,32,69,Bunker
Ollie Schniederjans,2019,235,468,Other
Ollie Schniederjans,2019,394,508,Fairway
Ollie Schniederjans,2019,43,72,Bunker
Pat Perez,2019,120,267,Other
Pat Perez,2019,421,566,Fairway
Pat Perez,2019,18,34,Bunker
Patrick Cantlay,2019,206,384,Other
Patrick Cantlay,2019,459,578,Fairway
Patrick Cantlay,2019,22,46,Bunker
Patrick Reed,2019,226,419,Other
Patrick Reed,2019,582,741,Fairway
Patrick Reed,2019,39,73,Bunker
Patrick Rodgers,2019,148,271,Other
Patrick Rodgers,2019,297,407,Fairway
Patrick Rodgers,2019,13,33,Bunker
Patton Kizzire,2019,183,364,Other
Patton Kizzire,2019,462,629,Fairway
Patton Kizzire,2019,20,43,Bunker
Paul Casey,2019,181,294,Other
Paul Casey,2019,558,710,Fairway
Paul Casey,2019,23,45,Bunker
Peter Malnati,2019,248,455,Other
Peter Malnati,2019,471,632,Fairway
Peter Malnati,2019,29,70,Bunker
Peter Uihlein,2019,265,481,Other
Peter Uihlein,2019,436,550,Fairway
Peter Uihlein,2019,34,57,Bunker
Phil Mickelson,2019,195,382,Other
Phil Mickelson,2019,336,426,Fairway
Phil Mickelson,2019,19,31,Bunker
Rafa Cabrera Bello,2019,143,299,Other
Rafa Cabrera Bello,2019,452,611,Fairway
Rafa Cabrera Bello,2019,17,37,Bunker
Richy Werenski,2019,213,389,Other
Richy Werenski,2019,536,710,Fairway
Richy Werenski,2019,25,60,Bunker
Rickie Fowler,2019,192,363,Other
Rickie Fowler,2019,508,645,Fairway
Rickie Fowler,2019,33,56,Bunker
Robert Streb,2019,191,346,Other
Robert Streb,2019,470,613,Fairway
Robert Streb,2019,19,47,Bunker
Roberto Castro,2019,139,285,Other
Roberto Castro,2019,530,677,Fairway
Roberto Castro,2019,12,41,Bunker
Roberto Díaz,2019,137,263,Other
Roberto Díaz,2019,463,614,Fairway
Roberto Díaz,2019,11,28,Bunker
Rod Pampling,2019,118,234,Other
Rod Pampling,2019,333,455,Fairway
Rod Pampling,2019,16,36,Bunker
Roger Sloan,2019,189,376,Other
Roger Sloan,2019,558,724,Fairway
Roger Sloan,2019,31,71,Bunker
Rory McIlroy,2019,177,336,Other
Rory McIlroy,2019,463,591,Fairway
Rory McIlroy,2019,15,29,Bunker
Rory Sabbatini,2019,215,366,Other
Rory Sabbatini,2019,648,868,Fairway
Rory Sabbatini,2019,26,63,Bunker
Russell Henley,2019,120,249,Other
Russell Henley,2019,518,676,Fairway
Russell Henley,2019,21,50,Bunker
Russell Knox,2019,159,297,Other
Russell Knox,2019,513,661,Fairway
Russell Knox,2019,23,45,Bunker
Ryan Armour,2019,136,291,Other
Ryan Armour,2019,730,947,Fairway
Ryan Armour,2019,14,45,Bunker
Ryan Blaum,2019,183,366,Other
Ryan Blaum,2019,542,715,Fairway
Ryan Blaum,2019,31,63,Bunker
Ryan Moore,2019,112,212,Other
Ryan Moore,2019,587,781,Fairway
Ryan Moore,2019,21,41,Bunker
Ryan Palmer,2019,174,308,Other
Ryan Palmer,2019,431,560,Fairway
Ryan Palmer,2019,34,55,Bunker
Sam Burns,2019,194,420,Other
Sam Burns,2019,487,622,Fairway
Sam Burns,2019,23,46,Bunker
Sam Ryder,2019,160,310,Other
Sam Ryder,2019,496,640,Fairway
Sam Ryder,2019,28,56,Bunker
Sam Saunders,2019,196,387,Other
Sam Saunders,2019,452,583,Fairway
Sam Saunders,2019,23,61,Bunker
Sangmoon Bae,2019,144,261,Other
Sangmoon Bae,2019,338,463,Fairway
Sangmoon Bae,2019,13,29,Bunker
Satoshi Kodaira,2019,120,255,Other
Satoshi Kodaira,2019,447,606,Fairway
Satoshi Kodaira,2019,16,35,Bunker
Scott Brown,2019,168,338,Other
Scott Brown,2019,568,749,Fairway
Scott Brown,2019,29,58,Bunker
Scott Langley,2019,138,284,Other
Scott Langley,2019,500,713,Fairway
Scott Langley,2019,12,36,Bunker
Scott Piercy,2019,181,327,Other
Scott Piercy,2019,639,816,Fairway
Scott Piercy,2019,32,64,Bunker
Scott Stallings,2019,200,396,Other
Scott Stallings,2019,516,641,Fairway
Scott Stallings,2019,22,50,Bunker
Seamus Power,2019,194,390,Other
Seamus Power,2019,429,566,Fairway
Seamus Power,2019,21,50,Bunker
Sebastián Muñoz,2019,219,396,Other
Sebastián Muñoz,2019,539,668,Fairway
Sebastián Muñoz,2019,24,53,Bunker
Sepp Straka,2019,185,330,Other
Sepp Straka,2019,513,641,Fairway
Sepp Straka,2019,14,32,Bunker
Sergio Garcia,2019,120,230,Other
Sergio Garcia,2019,266,360,Fairway
Sergio Garcia,2019,14,22,Bunker
Seth Reeves,2019,206,365,Other
Seth Reeves,2019,413,535,Fairway
Seth Reeves,2019,13,35,Bunker
Shawn Stefani,2019,208,363,Other
Shawn Stefani,2019,510,656,Fairway
Shawn Stefani,2019,26,41,Bunker
Si Woo Kim,2019,199,374,Other
Si Woo Kim,2019,539,722,Fairway
Si Woo Kim,2019,23,51,Bunker
Stephan Jaeger,2019,192,364,Other
Stephan Jaeger,2019,445,590,Fairway
Stephan Jaeger,2019,17,37,Bunker
Sung Kang,2019,195,396,Other
Sung Kang,2019,568,711,Fairway
Sung Kang,2019,27,64,Bunker
Sungjae Im,2019,276,478,Other
Sungjae Im,2019,805,1078,Fairway
Sungjae Im,2019,42,91,Bunker
Talor Gooch,2019,168,275,Other
Talor Gooch,2019,355,443,Fairway
Talor Gooch,2019,14,37,Bunker
"Ted Potter, Jr.",2019,180,315,Other
"Ted Potter, Jr.",2019,473,629,Fairway
"Ted Potter, Jr.",2019,27,51,Bunker
Tom Hoge,2019,206,416,Other
Tom Hoge,2019,602,777,Fairway
Tom Hoge,2019,26,64,Bunker
Tommy Fleetwood,2019,152,279,Other
Tommy Fleetwood,2019,436,573,Fairway
Tommy Fleetwood,2019,19,43,Bunker
Tony Finau,2019,254,456,Other
Tony Finau,2019,527,669,Fairway
Tony Finau,2019,28,50,Bunker
Trey Mullinax,2019,247,434,Other
Trey Mullinax,2019,430,519,Fairway
Trey Mullinax,2019,25,64,Bunker
Troy Merritt,2019,132,245,Other
Troy Merritt,2019,436,570,Fairway
Troy Merritt,2019,23,43,Bunker
Tyler Duncan,2019,155,307,Other
Tyler Duncan,2019,616,807,Fairway
Tyler Duncan,2019,20,45,Bunker
Tyrrell Hatton,2019,130,249,Other
Tyrrell Hatton,2019,391,510,Fairway
Tyrrell Hatton,2019,25,51,Bunker
Vaughn Taylor,2019,160,323,Other
Vaughn Taylor,2019,665,876,Fairway
Vaughn Taylor,2019,35,70,Bunker
Webb Simpson,2019,158,330,Other
Webb Simpson,2019,553,731,Fairway
Webb Simpson,2019,16,33,Bunker
Wes Roach,2019,142,279,Other
Wes Roach,2019,440,581,Fairway
Wes Roach,2019,12,21,Bunker
Whee Kim,2019,151,328,Other
Whee Kim,2019,465,599,Fairway
Whee Kim,2019,19,38,Bunker
Wyndham Clark,2019,267,473,Other
Wyndham Clark,2019,517,668,Fairway
Wyndham Clark,2019,19,44,Bunker
Xander Schauffele,2019,192,350,Other
Xander Schauffele,2019,499,627,Fairway
Xander Schauffele,2019,31,63,Bunker
Zach Johnson,2019,106,248,Other
Zach Johnson,2019,430,594,Fairway
Zach Johnson,2019,25,50,Bunker
Aaron Baddeley,2020,119,227,Other
Aaron Baddeley,2020,297,391,Fairway
Aaron Baddeley,2020,16,39,Bunker
Aaron Wise,2020,123,217,Other
Aaron Wise,2020,311,377,Fairway
Aaron Wise,2020,17,35,Bunker
Abraham Ancer,2020,160,318,Other
Abraham Ancer,2020,516,665,Fairway
Abraham Ancer,2020,19,49,Bunker
Adam Hadwin,2020,133,274,Other
Adam Hadwin,2020,465,584,Fairway
Adam Hadwin,2020,22,47,Bunker
Adam Long,2020,217,401,Other
Adam Long,2020,610,769,Fairway
Adam Long,2020,26,61,Bunker
Adam Schenk,2020,193,350,Other
Adam Schenk,2020,500,642,Fairway
Adam Schenk,2020,18,39,Bunker
Adam Scott,2020,115,219,Other
Adam Scott,2020,242,293,Fairway
Adam Scott,2020,8,16,Bunker
Alex Noren,2020,169,298,Other
Alex Noren,2020,340,455,Fairway
Alex Noren,2020,15,30,Bunker
Andrew Landry,2020,134,261,Other
Andrew Landry,2020,421,579,Fairway
Andrew Landry,2020,20,41,Bunker
Andrew Putnam,2020,125,254,Other
Andrew Putnam,2020,272,365,Fairway
Andrew Putnam,2020,14,21,Bunker
Anirban Lahiri,2020,96,173,Other
Anirban Lahiri,2020,231,297,Fairway
Anirban Lahiri,2020,7,19,Bunker
Arjun Atwal,2020,78,134,Other
Arjun Atwal,2020,213,288,Fairway
Arjun Atwal,2020,5,11,Bunker
Austin Cook,2020,135,248,Other
Austin Cook,2020,441,560,Fairway
Austin Cook,2020,9,31,Bunker
Beau Hossler,2020,204,376,Other
Beau Hossler,2020,385,505,Fairway
Beau Hossler,2020,34,56,Bunker
Ben Martin,2020,83,163,Other
Ben Martin,2020,252,324,Fairway
Ben Martin,2020,6,16,Bunker
Ben Taylor,2020,118,215,Other
Ben Taylor,2020,271,340,Fairway
Ben Taylor,2020,16,32,Bunker
Bill Haas,2020,118,203,Other
Bill Haas,2020,296,377,Fairway
Bill Haas,2020,16,35,Bunker
Billy Horschel,2020,177,364,Other
Billy Horschel,2020,554,692,Fairway
Billy Horschel,2020,18,46,Bunker
Bo Hoag,2020,176,301,Other
Bo Hoag,2020,468,592,Fairway
Bo Hoag,2020,20,44,Bunker
Bo Van Pelt,2020,121,228,Other
Bo Van Pelt,2020,265,356,Fairway
Bo Van Pelt,2020,6,17,Bunker
Branden Grace,2020,125,226,Other
Branden Grace,2020,252,319,Fairway
Branden Grace,2020,19,28,Bunker
Brandon Hagy,2020,172,293,Other
Brandon Hagy,2020,257,328,Fairway
Brandon Hagy,2020,8,22,Bunker
Brandt Snedeker,2020,127,243,Other
Brandt Snedeker,2020,356,459,Fairway
Brandt Snedeker,2020,23,39,Bunker
Brendan Steele,2020,155,301,Other
Brendan Steele,2020,437,537,Fairway
Brendan Steele,2020,27,58,Bunker
Brendon Todd,2020,151,303,Other
Brendon Todd,2020,647,862,Fairway
Brendon Todd,2020,19,43,Bunker
Brian Gay,2020,171,309,Other
Brian Gay,2020,396,517,Fairway
Brian Gay,2020,27,55,Bunker
Brian Harman,2020,170,345,Other
Brian Harman,2020,531,691,Fairway
Brian Harman,2020,27,56,Bunker
Brian Stuard,2020,119,267,Other
Brian Stuard,2020,600,814,Fairway
Brian Stuard,2020,26,52,Bunker
Brice Garnett,2020,157,264,Other
Brice Garnett,2020,411,522,Fairway
Brice Garnett,2020,8,25,Bunker
Bronson Burgoon,2020,130,251,Other
Bronson Burgoon,2020,342,442,Fairway
Bronson Burgoon,2020,28,49,Bunker
Brooks Koepka,2020,115,217,Other
Brooks Koepka,2020,238,301,Fairway
Brooks Koepka,2020,25,42,Bunker
Bryson DeChambeau,2020,185,342,Other
Bryson DeChambeau,2020,401,498,Fairway
Bryson DeChambeau,2020,14,28,Bunker
Bubba Watson,2020,181,336,Other
Bubba Watson,2020,430,533,Fairway
Bubba Watson,2020,27,51,Bunker
Bud Cauley,2020,146,284,Other
Bud Cauley,2020,395,504,Fairway
Bud Cauley,2020,31,66,Bunker
Byeong Hun An,2020,220,415,Other
Byeong Hun An,2020,453,568,Fairway
Byeong Hun An,2020,36,63,Bunker
C.T. Pan,2020,146,271,Other
C.T. Pan,2020,360,470,Fairway
C.T. Pan,2020,17,39,Bunker
Cam Davis,2020,164,298,Other
Cam Davis,2020,392,477,Fairway
Cam Davis,2020,15,36,Bunker
Cameron Champ,2020,206,394,Other
Cameron Champ,2020,455,554,Fairway
Cameron Champ,2020,14,35,Bunker
Cameron Percy,2020,133,226,Other
Cameron Percy,2020,296,373,Fairway
Cameron Percy,2020,18,31,Bunker
Cameron Smith,2020,184,349,Other
Cameron Smith,2020,389,488,Fairway
Cameron Smith,2020,27,59,Bunker
Cameron Tringale,2020,223,358,Other
Cameron Tringale,2020,386,476,Fairway
Cameron Tringale,2020,16,47,Bunker
Carlos Ortiz,2020,232,397,Other
Carlos Ortiz,2020,437,558,Fairway
Carlos Ortiz,2020,24,53,Bunker
Charles Howell III,2020,199,389,Other
Charles Howell III,2020,448,525,Fairway
Charles Howell III,2020,26,48,Bunker
Charley Hoffman,2020,165,287,Other
Charley Hoffman,2020,379,469,Fairway
Charley Hoffman,2020,37,69,Bunker
Chase Seiffert,2020,144,254,Other
Chase Seiffert,2020,353,472,Fairway
Chase Seiffert,2020,19,29,Bunker
Chesson Hadley,2020,147,250,Other
Chesson Hadley,2020,426,541,Fairway
Chesson Hadley,2020,7,20,Bunker
Chez Reavie,2020,149,283,Other
Chez Reavie,2020,558,751,Fairway
Chez Reavie,2020,27,43,Bunker
Chris Baker,2020,105,187,Other
Chris Baker,2020,388,476,Fairway
Chris Baker,2020,7,22,Bunker
Chris Stroud,2020,118,227,Other
Chris Stroud,2020,286,382,Fairway
Chris Stroud,2020,16,34,Bunker
Collin Morikawa,2020,178,329,Other
Collin Morikawa,2020,572,734,Fairway
Collin Morikawa,2020,32,57,Bunker
Corey Conners,2020,157,289,Other
Corey Conners,2020,574,695,Fairway
Corey Conners,2020,26,52,Bunker
D.J. Trahan,2020,122,211,Other
D.J. Trahan,2020,330,425,Fairway
D.J. Trahan,2020,11,21,Bunker
Daniel Berger,2020,160,284,Other
Daniel Berger,2020,433,569,Fairway
Daniel Berger,2020,20,38,Bunker
Danny Lee,2020,198,353,Other
Danny Lee,2020,431,549,Fairway
Danny Lee,2020,31,60,Bunker
Danny Willett,2020,111,225,Other
Danny Willett,2020,234,310,Fairway
Danny Willett,2020,10,25,Bunker
David Hearn,2020,115,210,Other
David Hearn,2020,374,488,Fairway
David Hearn,2020,8,15,Bunker
Denny McCarthy,2020,180,365,Other
Denny McCarthy,2020,533,664,Fairway
Denny McCarthy,2020,20,49,Bunker
Doc Redman,2020,170,310,Other
Doc Redman,2020,623,783,Fairway
Doc Redman,2020,32,54,Bunker
Dominic Bozzelli,2020,106,223,Other
Dominic Bozzelli,2020,201,260,Fairway
Dominic Bozzelli,2020,10,20,Bunker
Doug Ghim,2020,104,179,Other
Doug Ghim,2020,291,356,Fairway
Doug Ghim,2020,11,24,Bunker
Dustin Johnson,2020,136,246,Other
Dustin Johnson,2020,330,407,Fairway
Dustin Johnson,2020,13,36,Bunker
Dylan Frittelli,2020,216,385,Other
Dylan Frittelli,2020,521,698,Fairway
Dylan Frittelli,2020,27,65,Bunker
Emiliano Grillo,2020,154,272,Other
Emiliano Grillo,2020,483,599,Fairway
Emiliano Grillo,2020,23,35,Bunker
Fabián Gómez,2020,123,230,Other
Fabián Gómez,2020,389,506,Fairway
Fabián Gómez,2020,17,33,Bunker
Gary Woodland,2020,172,304,Other
Gary Woodland,2020,405,521,Fairway
Gary Woodland,2020,17,43,Bunker
Graeme McDowell,2020,111,236,Other
Graeme McDowell,2020,316,418,Fairway
Graeme McDowell,2020,9,20,Bunker
Grayson Murray,2020,104,202,Other
Grayson Murray,2020,211,273,Fairway
Grayson Murray,2020,11,29,Bunker
Hank Lebioda,2020,149,268,Other
Hank Lebioda,2020,357,464,Fairway
Hank Lebioda,2020,17,37,Bunker
Harold Varner III,2020,183,344,Other
Harold Varner III,2020,518,636,Fairway
Harold Varner III,2020,25,51,Bunker
Harris English,2020,202,349,Other
Harris English,2020,522,657,Fairway
Harris English,2020,37,58,Bunker
Harry Higgs,2020,193,362,Other
Harry Higgs,2020,553,722,Fairway
Harry Higgs,2020,42,77,Bunker
Henrik Norlander,2020,142,275,Other
Henrik Norlander,2020,585,720,Fairway
Henrik Norlander,2020,28,40,Bunker
Hideki Matsuyama,2020,211,388,Other
Hideki Matsuyama,2020,486,588,Fairway
Hideki Matsuyama,2020,31,56,Bunker
Ian Poulter,2020,115,231,Other
Ian Poulter,2020,291,398,Fairway
Ian Poulter,2020,21,39,Bunker
J.J. Spaun,2020,160,303,Other
J.J. Spaun,2020,361,469,Fairway
J.J. Spaun,2020,18,39,Bunker
J.T. Poston,2020,183,351,Other
J.T. Poston,2020,512,696,Fairway
J.T. Poston,2020,16,45,Bunker
James Hahn,2020,97,166,Other
James Hahn,2020,238,309,Fairway
James Hahn,2020,19,28,Bunker
Jason Day,2020,133,291,Other
Jason Day,2020,326,412,Fairway
Jason Day,2020,19,34,Bunker
Jason Dufner,2020,136,253,Other
Jason Dufner,2020,446,576,Fairway
Jason Dufner,2020,15,38,Bunker
Jason Kokrak,2020,182,318,Other
Jason Kokrak,2020,398,498,Fairway
Jason Kokrak,2020,29,48,Bunker
Jhonattan Vegas,2020,144,240,Other
Jhonattan Vegas,2020,340,434,Fairway
Jhonattan Vegas,2020,15,26,Bunker
Jim Furyk,2020,63,110,Other
Jim Furyk,2020,333,406,Fairway
Jim Furyk,2020,16,29,Bunker
Jim Herman,2020,99,213,Other
Jim Herman,2020,432,584,Fairway
Jim Herman,2020,26,46,Bunker
Jimmy Walker,2020,148,297,Other
Jimmy Walker,2020,237,301,Fairway
Jimmy Walker,2020,26,45,Bunker
Joaquin Niemann,2020,244,415,Other
Joaquin Niemann,2020,490,601,Fairway
Joaquin Niemann,2020,19,48,Bunker
Joel Dahmen,2020,169,350,Other
Joel Dahmen,2020,527,711,Fairway
Joel Dahmen,2020,16,40,Bunker
Jon Rahm,2020,125,256,Other
Jon Rahm,2020,430,515,Fairway
Jon Rahm,2020,27,45,Bunker
Jordan Spieth,2020,195,376,Other
Jordan Spieth,2020,338,450,Fairway
Jordan Spieth,2020,14,37,Bunker
Joseph Bramlett,2020,154,275,Other
Joseph Bramlett,2020,351,425,Fairway
Joseph Bramlett,2020,27,41,Bunker
Josh Teater,2020,93,167,Other
Josh Teater,2020,311,391,Fairway
Josh Teater,2020,9,15,Bunker
Justin Rose,2020,84,178,Other
Justin Rose,2020,234,321,Fairway
Justin Rose,2020,15,33,Bunker
Justin Thomas,2020,212,347,Other
Justin Thomas,2020,423,529,Fairway
Justin Thomas,2020,25,48,Bunker
K.H. Lee,2020,164,302,Other
K.H. Lee,2020,493,655,Fairway
K.H. Lee,2020,16,51,Bunker
Keegan Bradley,2020,165,323,Other
Keegan Bradley,2020,445,566,Fairway
Keegan Bradley,2020,30,59,Bunker
Keith Mitchell,2020,158,330,Other
Keith Mitchell,2020,410,522,Fairway
Keith Mitchell,2020,21,43,Bunker
Kevin Chappell,2020,105,218,Other
Kevin Chappell,2020,254,324,Fairway
Kevin Chappell,2020,14,31,Bunker
Kevin Kisner,2020,162,313,Other
Kevin Kisner,2020,492,666,Fairway
Kevin Kisner,2020,25,42,Bunker
Kevin Na,2020,142,328,Other
Kevin Na,2020,474,623,Fairway
Kevin Na,2020,18,42,Bunker
Kevin Streelman,2020,162,295,Other
Kevin Streelman,2020,525,670,Fairway
Kevin Streelman,2020,26,52,Bunker
Kevin Tway,2020,150,298,Other
Kevin Tway,2020,262,333,Fairway
Kevin Tway,2020,14,37,Bunker
Kramer Hickok,2020,106,192,Other
Kramer Hickok,2020,344,460,Fairway
Kramer Hickok,2020,12,33,Bunker
Kris Ventura,2020,138,231,Other
Kris Ventura,2020,282,367,Fairway
Kris Ventura,2020,7,17,Bunker
Kyle Stanley,2020,104,177,Other
Kyle Stanley,2020,430,529,Fairway
Kyle Stanley,2020,16,36,Bunker
Lanto Griffin,2020,245,476,Other
Lanto Griffin,2020,584,738,Fairway
Lanto Griffin,2020,36,77,Bunker
Louis Oosthuizen,2020,112,226,Other
Louis Oosthuizen,2020,323,405,Fairway
Louis Oosthuizen,2020,18,37,Bunker
Lucas Glover,2020,166,284,Other
Lucas Glover,2020,470,603,Fairway
Lucas Glover,2020,21,46,Bunker
Luke List,2020,212,358,Other
Luke List,2020,442,555,Fairway
Luke List,2020,28,53,Bunker
Mackenzie Hughes,2020,172,372,Other
Mackenzie Hughes,2020,427,546,Fairway
Mackenzie Hughes,2020,22,61,Bunker
Marc Leishman,2020,172,351,Other
Marc Leishman,2020,320,441,Fairway
Marc Leishman,2020,31,58,Bunker
Mark Anderson,2020,119,238,Other
Mark Anderson,2020,304,391,Fairway
Mark Anderson,2020,16,28,Bunker
Mark Hubbard,2020,195,382,Other
Mark Hubbard,2020,589,756,Fairway
Mark Hubbard,2020,34,65,Bunker
Martin Laird,2020,90,175,Other
Martin Laird,2020,291,348,Fairway
Martin Laird,2020,12,23,Bunker
Martin Trainer,2020,139,310,Other
Martin Trainer,2020,200,311,Fairway
Martin Trainer,2020,8,26,Bunker
Matt Every,2020,116,231,Other
Matt Every,2020,282,365,Fairway
Matt Every,2020,19,33,Bunker
Matt Fitzpatrick,2020,120,231,Other
Matt Fitzpatrick,2020,360,485,Fairway
Matt Fitzpatrick,2020,17,35,Bunker
Matt Jones,2020,200,366,Other
Matt Jones,2020,483,629,Fairway
Matt Jones,2020,35,68,Bunker
Matt Kuchar,2020,107,228,Other
Matt Kuchar,2020,397,518,Fairway
Matt Kuchar,2020,22,41,Bunker
Matt Wallace,2020,136,255,Other
Matt Wallace,2020,253,327,Fairway
Matt Wallace,2020,16,34,Bunker
Matthew NeSmith,2020,157,285,Other
Matthew NeSmith,2020,499,610,Fairway
Matthew NeSmith,2020,30,56,Bunker
Matthew Wolff,2020,191,374,Other
Matthew Wolff,2020,496,611,Fairway
Matthew Wolff,2020,24,51,Bunker
Maverick McNealy,2020,202,377,Other
Maverick McNealy,2020,480,619,Fairway
Maverick McNealy,2020,39,67,Bunker
Max Homa,2020,168,351,Other
Max Homa,2020,443,577,Fairway
Max Homa,2020,28,51,Bunker
Michael Gellerman,2020,101,191,Other
Michael Gellerman,2020,284,367,Fairway
Michael Gellerman,2020,12,29,Bunker
Michael Gligic,2020,141,247,Other
Michael Gligic,2020,306,399,Fairway
Michael Gligic,2020,16,25,Bunker
Michael Thompson,2020,124,251,Other
Michael Thompson,2020,416,567,Fairway
Michael Thompson,2020,27,49,Bunker
Nate Lashley,2020,115,243,Other
Nate Lashley,2020,346,453,Fairway
Nate Lashley,2020,16,34,Bunker
Nelson Ledesma,2020,129,248,Other
Nelson Ledesma,2020,216,285,Fairway
Nelson Ledesma,2020,14,26,Bunker
Nick Taylor,2020,113,244,Other
Nick Taylor,2020,429,530,Fairway
Nick Taylor,2020,20,51,Bunker
Nick Watney,2020,141,251,Other
Nick Watney,2020,280,341,Fairway
Nick Watney,2020,13,23,Bunker
Pat Perez,2020,153,256,Other
Pat Perez,2020,384,480,Fairway
Pat Perez,2020,16,29,Bunker
Patrick Cantlay,2020,123,225,Other
Patrick Cantlay,2020,317,384,Fairway
Patrick Cantlay,2020,17,38,Bunker
Patrick Reed,2020,209,388,Other
Patrick Reed,2020,459,581,Fairway
Patrick Reed,2020,35,67,Bunker
Patrick Rodgers,2020,288,531,Other
Patrick Rodgers,2020,536,674,Fairway
Patrick Rodgers,2020,36,68,Bunker
Patton Kizzire,2020,160,315,Other
Patton Kizzire,2020,322,416,Fairway
Patton Kizzire,2020,24,39,Bunker
Paul Casey,2020,155,258,Other
Paul Casey,2020,399,498,Fairway
Paul Casey,2020,15,27,Bunker
Peter Malnati,2020,162,320,Other
Peter Malnati,2020,323,434,Fairway
Peter Malnati,2020,18,43,Bunker
Peter Uihlein,2020,157,285,Other
Peter Uihlein,2020,235,285,Fairway
Peter Uihlein,2020,19,31,Bunker
Phil Mickelson,2020,153,300,Other
Phil Mickelson,2020,296,385,Fairway
Phil Mickelson,2020,14,28,Bunker
Rafa Cabrera Bello,2020,128,248,Other
Rafa Cabrera Bello,2020,333,461,Fairway
Rafa Cabrera Bello,2020,10,28,Bunker
Rhein Gibson,2020,154,296,Other
Rhein Gibson,2020,278,363,Fairway
Rhein Gibson,2020,24,40,Bunker
Richy Werenski,2020,148,287,Other
Richy Werenski,2020,352,454,Fairway
Richy Werenski,2020,21,42,Bunker
Rickie Fowler,2020,81,189,Other
Rickie Fowler,2020,325,402,Fairway
Rickie Fowler,2020,14,29,Bunker
Rob Oppenheim,2020,140,279,Other
Rob Oppenheim,2020,409,537,Fairway
Rob Oppenheim,2020,15,37,Bunker
Robby Shelton,2020,194,337,Other
Robby Shelton,2020,461,608,Fairway
Robby Shelton,2020,26,49,Bunker
Robert Streb,2020,146,266,Other
Robert Streb,2020,325,406,Fairway
Robert Streb,2020,15,27,Bunker
Roger Sloan,2020,142,266,Other
Roger Sloan,2020,314,416,Fairway
Roger Sloan,2020,18,32,Bunker
Rory McIlroy,2020,168,328,Other
Rory McIlroy,2020,396,471,Fairway
Rory McIlroy,2020,16,37,Bunker
Rory Sabbatini,2020,160,319,Other
Rory Sabbatini,2020,443,559,Fairway
Rory Sabbatini,2020,20,42,Bunker
Russell Henley,2020,145,260,Other
Russell Henley,2020,467,579,Fairway
Russell Henley,2020,26,43,Bunker
Russell Knox,2020,146,277,Other
Russell Knox,2020,449,548,Fairway
Russell Knox,2020,33,56,Bunker
Ryan Armour,2020,88,189,Other
Ryan Armour,2020,453,599,Fairway
Ryan Armour,2020,7,23,Bunker
Ryan Brehm,2020,186,321,Other
Ryan Brehm,2020,275,341,Fairway
Ryan Brehm,2020,21,37,Bunker
Ryan Moore,2020,84,156,Other
Ryan Moore,2020,326,420,Fairway
Ryan Moore,2020,20,36,Bunker
Ryan Palmer,2020,170,320,Other
Ryan Palmer,2020,431,572,Fairway
Ryan Palmer,2020,33,60,Bunker
Sam Burns,2020,175,307,Other
Sam Burns,2020,357,445,Fairway
Sam Burns,2020,34,60,Bunker
Sam Ryder,2020,170,334,Other
Sam Ryder,2020,473,600,Fairway
Sam Ryder,2020,24,46,Bunker
Scott Brown,2020,124,262,Other
Scott Brown,2020,447,603,Fairway
Scott Brown,2020,15,30,Bunker
Scott Harrington,2020,172,342,Other
Scott Harrington,2020,428,555,Fairway
Scott Harrington,2020,29,54,Bunker
Scott Piercy,2020,161,304,Other
Scott Piercy,2020,420,576,Fairway
Scott Piercy,2020,27,39,Bunker
Scott Stallings,2020,209,354,Other
Scott Stallings,2020,436,537,Fairway
Scott Stallings,2020,19,46,Bunker
Scottie Scheffler,2020,205,372,Other
Scottie Scheffler,2020,563,703,Fairway
Scottie Scheffler,2020,39,73,Bunker
Seamus Power,2020,96,168,Other
Seamus Power,2020,209,262,Fairway
Seamus Power,2020,11,17,Bunker
Sebastian Cappelen,2020,183,325,Other
Sebastian Cappelen,2020,292,379,Fairway
Sebastian Cappelen,2020,16,37,Bunker
Sebastián Muñoz,2020,214,409,Other
Sebastián Muñoz,2020,560,713,Fairway
Sebastián Muñoz,2020,23,58,Bunker
Sepp Straka,2020,172,339,Other
Sepp Straka,2020,462,590,Fairway
Sepp Straka,2020,30,51,Bunker
Sergio Garcia,2020,129,219,Other
Sergio Garcia,2020,287,371,Fairway
Sergio Garcia,2020,16,22,Bunker
Shane Lowry,2020,110,213,Other
Shane Lowry,2020,300,373,Fairway
Shane Lowry,2020,17,26,Bunker
Si Woo Kim,2020,196,376,Other
Si Woo Kim,2020,454,588,Fairway
Si Woo Kim,2020,31,67,Bunker
Stewart Cink,2020,145,260,Other
Stewart Cink,2020,317,402,Fairway
Stewart Cink,2020,29,51,Bunker
Sung Kang,2020,221,392,Other
Sung Kang,2020,437,568,Fairway
Sung Kang,2020,30,61,Bunker
Sungjae Im,2020,189,390,Other
Sungjae Im,2020,671,846,Fairway
Sungjae Im,2020,42,76,Bunker
Talor Gooch,2020,216,411,Other
Talor Gooch,2020,538,678,Fairway
Talor Gooch,2020,38,73,Bunker
"Ted Potter, Jr.",2020,121,206,Other
"Ted Potter, Jr.",2020,285,373,Fairway
"Ted Potter, Jr.",2020,21,36,Bunker
Tim Wilkinson,2020,91,183,Other
Tim Wilkinson,2020,340,439,Fairway
Tim Wilkinson,2020,8,21,Bunker
Tom Hoge,2020,187,349,Other
Tom Hoge,2020,472,627,Fairway
Tom Hoge,2020,30,59,Bunker
Tommy Fleetwood,2020,108,199,Other
Tommy Fleetwood,2020,265,341,Fairway
Tommy Fleetwood,2020,8,16,Bunker
Tony Finau,2020,256,429,Other
Tony Finau,2020,423,520,Fairway
Tony Finau,2020,29,55,Bunker
Troy Merritt,2020,148,280,Other
Troy Merritt,2020,465,611,Fairway
Troy Merritt,2020,29,56,Bunker
Tyler Duncan,2020,140,297,Other
Tyler Duncan,2020,631,814,Fairway
Tyler Duncan,2020,16,54,Bunker
Tyler McCumber,2020,177,314,Other
Tyler McCumber,2020,304,402,Fairway
Tyler McCumber,2020,17,25,Bunker
Tyrrell Hatton,2020,113,190,Other
Tyrrell Hatton,2020,286,363,Fairway
Tyrrell Hatton,2020,16,35,Bunker
Vaughn Taylor,2020,123,230,Other
Vaughn Taylor,2020,411,576,Fairway
Vaughn Taylor,2020,18,43,Bunker
Viktor Hovland,2020,176,313,Other
Viktor Hovland,2020,523,652,Fairway
Viktor Hovland,2020,25,66,Bunker
Vince Whaley,2020,105,193,Other
Vince Whaley,2020,246,310,Fairway
Vince Whaley,2020,12,28,Bunker
Webb Simpson,2020,111,210,Other
Webb Simpson,2020,395,490,Fairway
Webb Simpson,2020,15,28,Bunker
Wes Roach,2020,103,188,Other
Wes Roach,2020,276,350,Fairway
Wes Roach,2020,8,21,Bunker
Will Gordon,2020,102,169,Other
Will Gordon,2020,211,257,Fairway
Will Gordon,2020,10,22,Bunker
Wyndham Clark,2020,188,364,Other
Wyndham Clark,2020,328,443,Fairway
Wyndham Clark,2020,24,42,Bunker
Xander Schauffele,2020,194,335,Other
Xander Schauffele,2020,496,591,Fairway
Xander Schauffele,2020,30,54,Bunker
Xinjun Zhang,2020,207,388,Other
Xinjun Zhang,2020,509,641,Fairway
Xinjun Zhang,2020,24,48,Bunker
Zac Blair,2020,161,302,Other
Zac Blair,2020,432,578,Fairway
Zac Blair,2020,17,43,Bunker
Zach Johnson,2020,153,275,Other
Zach Johnson,2020,420,536,Fairway
Zach Johnson,2020,17,43,Bunker
Zack Sucher,2020,119,204,Other
Zack Sucher,2020,216,268,Fairway
Zack Sucher,2020,21,31,Bunker
Aaron Baddeley,2021,150,279,Other
Aaron Baddeley,2021,326,435,Fairway
Aaron Baddeley,2021,16,40,Bunker
Aaron Wise,2021,212,376,Other
Aaron Wise,2021,554,670,Fairway
Aaron Wise,2021,33,70,Bunker
Abraham Ancer,2021,195,330,Other
Abraham Ancer,2021,747,972,Fairway
Abraham Ancer,2021,27,66,Bunker
Adam Hadwin,2021,165,385,Other
Adam Hadwin,2021,578,772,Fairway
Adam Hadwin,2021,29,69,Bunker
Adam Long,2021,140,320,Other
Adam Long,2021,589,786,Fairway
Adam Long,2021,25,60,Bunker
Adam Schenk,2021,293,485,Other
Adam Schenk,2021,650,866,Fairway
Adam Schenk,2021,44,71,Bunker
Adam Scott,2021,191,406,Other
Adam Scott,2021,463,557,Fairway
Adam Scott,2021,16,45,Bunker
Alex Noren,2021,198,408,Other
Alex Noren,2021,489,663,Fairway
Alex Noren,2021,29,67,Bunker
Andrew Landry,2021,125,265,Other
Andrew Landry,2021,452,614,Fairway
Andrew Landry,2021,20,41,Bunker
Andrew Putnam,2021,218,409,Other
Andrew Putnam,2021,588,765,Fairway
Andrew Putnam,2021,31,68,Bunker
Anirban Lahiri,2021,200,354,Other
Anirban Lahiri,2021,414,548,Fairway
Anirban Lahiri,2021,25,50,Bunker
Austin Cook,2021,150,291,Other
Austin Cook,2021,500,656,Fairway
Austin Cook,2021,24,55,Bunker
Beau Hossler,2021,254,481,Other
Beau Hossler,2021,537,690,Fairway
Beau Hossler,2021,33,55,Bunker
Ben Martin,2021,121,207,Other
Ben Martin,2021,346,468,Fairway
Ben Martin,2021,10,25,Bunker
Ben Taylor,2021,158,296,Other
Ben Taylor,2021,293,371,Fairway
Ben Taylor,2021,18,33,Bunker
Bill Haas,2021,115,221,Other
Bill Haas,2021,281,351,Fairway
Bill Haas,2021,21,44,Bunker
Billy Horschel,2021,181,353,Other
Billy Horschel,2021,608,791,Fairway
Billy Horschel,2021,30,60,Bunker
Bo Hoag,2021,225,363,Other
Bo Hoag,2021,610,776,Fairway
Bo Hoag,2021,38,75,Bunker
Bo Van Pelt,2021,197,338,Other
Bo Van Pelt,2021,436,611,Fairway
Bo Van Pelt,2021,31,53,Bunker
Branden Grace,2021,225,442,Other
Branden Grace,2021,497,626,Fairway
Branden Grace,2021,23,60,Bunker
Brandon Hagy,2021,245,467,Other
Brandon Hagy,2021,411,524,Fairway
Brandon Hagy,2021,19,41,Bunker
Brandt Snedeker,2021,193,355,Other
Brandt Snedeker,2021,570,748,Fairway
Brandt Snedeker,2021,29,65,Bunker
Brendan Steele,2021,164,346,Other
Brendan Steele,2021,519,657,Fairway
Brendan Steele,2021,28,57,Bunker
Brendon Todd,2021,112,253,Other
Brendon Todd,2021,665,906,Fairway
Brendon Todd,2021,21,45,Bunker
Brian Gay,2021,157,324,Other
Brian Gay,2021,425,586,Fairway
Brian Gay,2021,38,72,Bunker
Brian Harman,2021,189,392,Other
Brian Harman,2021,694,931,Fairway
Brian Harman,2021,23,69,Bunker
Brian Stuard,2021,184,336,Other
Brian Stuard,2021,779,1063,Fairway
Brian Stuard,2021,22,51,Bunker
Brice Garnett,2021,185,333,Other
Brice Garnett,2021,694,908,Fairway
Brice Garnett,2021,18,43,Bunker
Bronson Burgoon,2021,210,359,Other
Bronson Burgoon,2021,460,601,Fairway
Bronson Burgoon,2021,19,42,Bunker
Brooks Koepka,2021,192,334,Other
Brooks Koepka,2021,416,521,Fairway
Brooks Koepka,2021,34,65,Bunker
Bryson DeChambeau,2021,243,464,Other
Bryson DeChambeau,2021,492,609,Fairway
Bryson DeChambeau,2021,30,51,Bunker
Bubba Watson,2021,205,337,Other
Bubba Watson,2021,434,574,Fairway
Bubba Watson,2021,21,47,Bunker
Byeong Hun An,2021,246,495,Other
Byeong Hun An,2021,467,607,Fairway
Byeong Hun An,2021,39,66,Bunker
C.T. Pan,2021,195,379,Other
C.T. Pan,2021,526,682,Fairway
C.T. Pan,2021,27,55,Bunker
Cam Davis,2021,257,498,Other
Cam Davis,2021,576,735,Fairway
Cam Davis,2021,26,77,Bunker
Cameron Champ,2021,211,375,Other
Cameron Champ,2021,478,618,Fairway
Cameron Champ,2021,31,57,Bunker
Cameron Percy,2021,206,338,Other
Cameron Percy,2021,557,685,Fairway
Cameron Percy,2021,26,53,Bunker
Cameron Smith,2021,192,392,Other
Cameron Smith,2021,544,680,Fairway
Cameron Smith,2021,44,76,Bunker
Cameron Tringale,2021,213,420,Other
Cameron Tringale,2021,618,783,Fairway
Cameron Tringale,2021,39,77,Bunker
Camilo Villegas,2021,233,410,Other
Camilo Villegas,2021,467,605,Fairway
Camilo Villegas,2021,28,57,Bunker
Carlos Ortiz,2021,224,419,Other
Carlos Ortiz,2021,613,775,Fairway
Carlos Ortiz,2021,36,90,Bunker
Charl Schwartzel,2021,234,420,Other
Charl Schwartzel,2021,536,692,Fairway
Charl Schwartzel,2021,44,86,Bunker
Charles Howell III,2021,173,333,Other
Charles Howell III,2021,481,592,Fairway
Charles Howell III,2021,40,51,Bunker
Charley Hoffman,2021,286,513,Other
Charley Hoffman,2021,618,787,Fairway
Charley Hoffman,2021,41,78,Bunker
Chase Seiffert,2021,190,330,Other
Chase Seiffert,2021,528,711,Fairway
Chase Seiffert,2021,23,49,Bunker
Chesson Hadley,2021,214,394,Other
Chesson Hadley,2021,422,567,Fairway
Chesson Hadley,2021,26,45,Bunker
Chez Reavie,2021,126,248,Other
Chez Reavie,2021,664,870,Fairway
Chez Reavie,2021,27,56,Bunker
Chris Baker,2021,111,217,Other
Chris Baker,2021,367,500,Fairway
Chris Baker,2021,26,39,Bunker
Chris Kirk,2021,209,375,Other
Chris Kirk,2021,582,760,Fairway
Chris Kirk,2021,30,63,Bunker
Collin Morikawa,2021,153,279,Other
Collin Morikawa,2021,609,760,Fairway
Collin Morikawa,2021,27,53,Bunker
Corey Conners,2021,197,361,Other
Corey Conners,2021,800,1013,Fairway
Corey Conners,2021,40,70,Bunker
D.J. Trahan,2021,182,338,Other
D.J. Trahan,2021,414,526,Fairway
D.J. Trahan,2021,32,58,Bunker
Daniel Berger,2021,198,341,Other
Daniel Berger,2021,613,770,Fairway
Daniel Berger,2021,30,65,Bunker
Danny Lee,2021,130,274,Other
Danny Lee,2021,367,484,Fairway
Danny Lee,2021,32,58,Bunker
Danny Willett,2021,112,234,Other
Danny Willett,2021,289,393,Fairway
Danny Willett,2021,10,28,Bunker
David Hearn,2021,118,232,Other
David Hearn,2021,463,624,Fairway
David Hearn,2021,22,36,Bunker
Denny McCarthy,2021,217,422,Other
Denny McCarthy,2021,613,815,Fairway
Denny McCarthy,2021,34,71,Bunker
Doc Redman,2021,144,313,Other
Doc Redman,2021,535,685,Fairway
Doc Redman,2021,28,58,Bunker
Doug Ghim,2021,179,334,Other
Doug Ghim,2021,650,824,Fairway
Doug Ghim,2021,23,44,Bunker
Dustin Johnson,2021,189,362,Other
Dustin Johnson,2021,472,581,Fairway
Dustin Johnson,2021,33,61,Bunker
Dylan Frittelli,2021,223,422,Other
Dylan Frittelli,2021,401,520,Fairway
Dylan Frittelli,2021,27,60,Bunker
Emiliano Grillo,2021,250,402,Other
Emiliano Grillo,2021,699,868,Fairway
Emiliano Grillo,2021,35,70,Bunker
Erik van Rooyen,2021,160,333,Other
Erik van Rooyen,2021,471,621,Fairway
Erik van Rooyen,2021,31,62,Bunker
Fabián Gómez,2021,120,263,Other
Fabián Gómez,2021,351,463,Fairway
Fabián Gómez,2021,12,26,Bunker
Gary Woodland,2021,170,378,Other
Gary Woodland,2021,427,538,Fairway
Gary Woodland,2021,27,62,Bunker
Grayson Murray,2021,156,301,Other
Grayson Murray,2021,256,347,Fairway
Grayson Murray,2021,21,34,Bunker
Hank Lebioda,2021,192,341,Other
Hank Lebioda,2021,482,614,Fairway
Hank Lebioda,2021,29,49,Bunker
Harold Varner III,2021,224,417,Other
Harold Varner III,2021,588,752,Fairway
Harold Varner III,2021,49,87,Bunker
Harris English,2021,185,375,Other
Harris English,2021,624,828,Fairway
Harris English,2021,36,85,Bunker
Harry Higgs,2021,223,416,Other
Harry Higgs,2021,481,639,Fairway
Harry Higgs,2021,23,61,Bunker
Henrik Norlander,2021,179,327,Other
Henrik Norlander,2021,633,785,Fairway
Henrik Norlander,2021,34,58,Bunker
Hideki Matsuyama,2021,218,411,Other
Hideki Matsuyama,2021,627,808,Fairway
Hideki Matsuyama,2021,37,79,Bunker
Hudson Swafford,2021,183,351,Other
Hudson Swafford,2021,577,734,Fairway
Hudson Swafford,2021,33,63,Bunker
Hunter Mahan,2021,156,308,Other
Hunter Mahan,2021,307,445,Fairway
Hunter Mahan,2021,16,41,Bunker
Ian Poulter,2021,116,280,Other
Ian Poulter,2021,474,666,Fairway
Ian Poulter,2021,29,58,Bunker
J.B. Holmes,2021,158,307,Other
J.B. Holmes,2021,220,313,Fairway
J.B. Holmes,2021,25,48,Bunker
J.J. Spaun,2021,137,266,Other
J.J. Spaun,2021,527,694,Fairway
J.J. Spaun,2021,20,46,Bunker
J.T. Poston,2021,187,406,Other
J.T. Poston,2021,510,666,Fairway
J.T. Poston,2021,45,96,Bunker
James Hahn,2021,148,266,Other
James Hahn,2021,501,652,Fairway
James Hahn,2021,32,56,Bunker
Jason Day,2021,146,292,Other
Jason Day,2021,428,553,Fairway
Jason Day,2021,38,57,Bunker
Jason Dufner,2021,190,357,Other
Jason Dufner,2021,598,773,Fairway
Jason Dufner,2021,20,68,Bunker
Jason Kokrak,2021,212,411,Other
Jason Kokrak,2021,593,739,Fairway
Jason Kokrak,2021,40,78,Bunker
Jhonattan Vegas,2021,258,459,Other
Jhonattan Vegas,2021,567,697,Fairway
Jhonattan Vegas,2021,38,68,Bunker
Jim Herman,2021,134,273,Other
Jim Herman,2021,485,613,Fairway
Jim Herman,2021,14,32,Bunker
Jimmy Walker,2021,213,476,Other
Jimmy Walker,2021,352,486,Fairway
Jimmy Walker,2021,34,68,Bunker
Joaquin Niemann,2021,269,497,Other
Joaquin Niemann,2021,683,843,Fairway
Joaquin Niemann,2021,37,84,Bunker
Joel Dahmen,2021,153,305,Other
Joel Dahmen,2021,579,773,Fairway
Joel Dahmen,2021,27,66,Bunker
John Huh,2021,127,236,Other
John Huh,2021,400,529,Fairway
John Huh,2021,19,41,Bunker
Jon Rahm,2021,175,316,Other
Jon Rahm,2021,579,687,Fairway
Jon Rahm,2021,42,75,Bunker
Jordan Spieth,2021,244,480,Other
Jordan Spieth,2021,528,661,Fairway
Jordan Spieth,2021,44,85,Bunker
Joseph Bramlett,2021,247,426,Other
Joseph Bramlett,2021,490,619,Fairway
Joseph Bramlett,2021,30,43,Bunker
Josh Teater,2021,113,193,Other
Josh Teater,2021,343,457,Fairway
Josh Teater,2021,7,22,Bunker
Justin Rose,2021,128,250,Other
Justin Rose,2021,340,454,Fairway
Justin Rose,2021,18,46,Bunker
Justin Thomas,2021,230,434,Other
Justin Thomas,2021,536,653,Fairway
Justin Thomas,2021,36,85,Bunker
K.H. Lee,2021,239,476,Other
K.H. Lee,2021,704,932,Fairway
K.H. Lee,2021,32,70,Bunker
K.J. Choi,2021,98,209,Other
K.J. Choi,2021,342,486,Fairway
K.J. Choi,2021,14,31,Bunker
Keegan Bradley,2021,180,350,Other
Keegan Bradley,2021,630,779,Fairway
Keegan Bradley,2021,38,69,Bunker
Keith Mitchell,2021,233,450,Other
Keith Mitchell,2021,497,661,Fairway
Keith Mitchell,2021,26,59,Bunker
Kevin Kisner,2021,127,283,Other
Kevin Kisner,2021,569,737,Fairway
Kevin Kisner,2021,31,70,Bunker
Kevin Na,2021,146,334,Other
Kevin Na,2021,629,808,Fairway
Kevin Na,2021,35,72,Bunker
Kevin Streelman,2021,187,372,Other
Kevin Streelman,2021,716,886,Fairway
Kevin Streelman,2021,36,78,Bunker
Kevin Tway,2021,206,364,Other
Kevin Tway,2021,364,460,Fairway
Kevin Tway,2021,19,40,Bunker
Kramer Hickok,2021,129,256,Other
Kramer Hickok,2021,517,657,Fairway
Kramer Hickok,2021,19,45,Bunker
Kris Ventura,2021,186,370,Other
Kris Ventura,2021,409,561,Fairway
Kris Ventura,2021,23,43,Bunker
Kyle Stanley,2021,179,354,Other
Kyle Stanley,2021,675,838,Fairway
Kyle Stanley,2021,33,64,Bunker
Lanto Griffin,2021,232,453,Other
Lanto Griffin,2021,550,715,Fairway
Lanto Griffin,2021,42,86,Bunker
Lee Westwood,2021,120,261,Other
Lee Westwood,2021,419,545,Fairway
Lee Westwood,2021,26,60,Bunker
Louis Oosthuizen,2021,152,300,Other
Louis Oosthuizen,2021,526,655,Fairway
Louis Oosthuizen,2021,32,77,Bunker
Lucas Glover,2021,209,403,Other
Lucas Glover,2021,660,857,Fairway
Lucas Glover,2021,37,78,Bunker
Luke Donald,2021,153,288,Other
Luke Donald,2021,347,448,Fairway
Luke Donald,2021,22,42,Bunker
Luke List,2021,286,490,Other
Luke List,2021,549,689,Fairway
Luke List,2021,32,63,Bunker
Mackenzie Hughes,2021,225,456,Other
Mackenzie Hughes,2021,551,728,Fairway
Mackenzie Hughes,2021,30,70,Bunker
Marc Leishman,2021,181,366,Other
Marc Leishman,2021,489,622,Fairway
Marc Leishman,2021,43,76,Bunker
Mark Anderson,2021,148,260,Other
Mark Anderson,2021,385,498,Fairway
Mark Anderson,2021,12,26,Bunker
Mark Hubbard,2021,159,355,Other
Mark Hubbard,2021,660,905,Fairway
Mark Hubbard,2021,34,74,Bunker
Martin Laird,2021,158,298,Other
Martin Laird,2021,615,771,Fairway
Martin Laird,2021,26,51,Bunker
Martin Trainer,2021,178,372,Other
Martin Trainer,2021,270,408,Fairway
Martin Trainer,2021,17,42,Bunker
Matt Fitzpatrick,2021,123,249,Other
Matt Fitzpatrick,2021,466,629,Fairway
Matt Fitzpatrick,2021,22,42,Bunker
Matt Jones,2021,285,531,Other
Matt Jones,2021,636,792,Fairway
Matt Jones,2021,53,101,Bunker
Matt Kuchar,2021,127,258,Other
Matt Kuchar,2021,462,608,Fairway
Matt Kuchar,2021,27,54,Bunker
Matt Wallace,2021,124,255,Other
Matt Wallace,2021,345,444,Fairway
Matt Wallace,2021,26,43,Bunker
Matthew NeSmith,2021,199,366,Other
Matthew NeSmith,2021,647,798,Fairway
Matthew NeSmith,2021,37,62,Bunker
Matthew Wolff,2021,174,330,Other
Matthew Wolff,2021,319,391,Fairway
Matthew Wolff,2021,20,45,Bunker
Maverick McNealy,2021,203,383,Other
Maverick McNealy,2021,517,658,Fairway
Maverick McNealy,2021,19,47,Bunker
Max Homa,2021,213,406,Other
Max Homa,2021,525,699,Fairway
Max Homa,2021,43,91,Bunker
Michael Gellerman,2021,121,200,Other
Michael Gellerman,2021,339,434,Fairway
Michael Gellerman,2021,10,24,Bunker
Michael Gligic,2021,222,404,Other
Michael Gligic,2021,511,656,Fairway
Michael Gligic,2021,33,56,Bunker
Michael Kim,2021,197,437,Other
Michael Kim,2021,363,472,Fairway
Michael Kim,2021,22,53,Bunker
Michael Thompson,2021,135,280,Other
Michael Thompson,2021,525,706,Fairway
Michael Thompson,2021,20,46,Bunker
Nate Lashley,2021,189,359,Other
Nate Lashley,2021,483,655,Fairway
Nate Lashley,2021,19,46,Bunker
Nelson Ledesma,2021,134,244,Other
Nelson Ledesma,2021,297,397,Fairway
Nelson Ledesma,2021,12,29,Bunker
Nick Taylor,2021,177,382,Other
Nick Taylor,2021,623,804,Fairway
Nick Taylor,2021,44,72,Bunker
Nick Watney,2021,179,325,Other
Nick Watney,2021,301,389,Fairway
Nick Watney,2021,27,40,Bunker
Pat Perez,2021,235,448,Other
Pat Perez,2021,637,830,Fairway
Pat Perez,2021,30,60,Bunker
Patrick Cantlay,2021,211,365,Other
Patrick Cantlay,2021,546,663,Fairway
Patrick Cantlay,2021,35,64,Bunker
Patrick Reed,2021,153,322,Other
Patrick Reed,2021,506,689,Fairway
Patrick Reed,2021,32,79,Bunker
Patrick Rodgers,2021,315,577,Other
Patrick Rodgers,2021,615,770,Fairway
Patrick Rodgers,2021,38,77,Bunker
Patton Kizzire,2021,293,517,Other
Patton Kizzire,2021,637,824,Fairway
Patton Kizzire,2021,38,79,Bunker
Paul Casey,2021,164,309,Other
Paul Casey,2021,488,622,Fairway
Paul Casey,2021,43,69,Bunker
Peter Malnati,2021,205,414,Other
Peter Malnati,2021,472,634,Fairway
Peter Malnati,2021,41,70,Bunker
Phil Mickelson,2021,219,414,Other
Phil Mickelson,2021,410,560,Fairway
Phil Mickelson,2021,24,54,Bunker
Rafa Cabrera Bello,2021,149,308,Other
Rafa Cabrera Bello,2021,490,666,Fairway
Rafa Cabrera Bello,2021,26,60,Bunker
Rafael Campos,2021,181,322,Other
Rafael Campos,2021,353,483,Fairway
Rafael Campos,2021,13,33,Bunker
Rhein Gibson,2021,171,323,Other
Rhein Gibson,2021,309,417,Fairway
Rhein Gibson,2021,25,42,Bunker
Richy Werenski,2021,190,396,Other
Richy Werenski,2021,571,732,Fairway
Richy Werenski,2021,38,74,Bunker
Rickie Fowler,2021,180,364,Other
Rickie Fowler,2021,498,669,Fairway
Rickie Fowler,2021,25,55,Bunker
Rob Oppenheim,2021,166,319,Other
Rob Oppenheim,2021,492,668,Fairway
Rob Oppenheim,2021,21,47,Bunker
Robby Shelton,2021,196,409,Other
Robby Shelton,2021,459,623,Fairway
Robby Shelton,2021,37,84,Bunker
Robert Streb,2021,205,411,Other
Robert Streb,2021,516,672,Fairway
Robert Streb,2021,32,69,Bunker
Roger Sloan,2021,239,392,Other
Roger Sloan,2021,556,708,Fairway
Roger Sloan,2021,22,46,Bunker
Rory McIlroy,2021,216,391,Other
Rory McIlroy,2021,471,592,Fairway
Rory McIlroy,2021,20,49,Bunker
Rory Sabbatini,2021,175,335,Other
Rory Sabbatini,2021,495,650,Fairway
Rory Sabbatini,2021,25,62,Bunker
Russell Henley,2021,175,314,Other
Russell Henley,2021,630,782,Fairway
Russell Henley,2021,36,70,Bunker
Russell Knox,2021,197,375,Other
Russell Knox,2021,688,847,Fairway
Russell Knox,2021,34,58,Bunker
Ryan Armour,2021,118,243,Other
Ryan Armour,2021,594,792,Fairway
Ryan Armour,2021,28,53,Bunker
Ryan Brehm,2021,214,359,Other
Ryan Brehm,2021,333,420,Fairway
Ryan Brehm,2021,17,31,Bunker
Ryan Palmer,2021,175,338,Other
Ryan Palmer,2021,487,619,Fairway
Ryan Palmer,2021,42,75,Bunker
Sam Burns,2021,227,413,Other
Sam Burns,2021,540,688,Fairway
Sam Burns,2021,33,67,Bunker
Sam Ryder,2021,199,379,Other
Sam Ryder,2021,582,742,Fairway
Sam Ryder,2021,40,79,Bunker
Satoshi Kodaira,2021,127,264,Other
Satoshi Kodaira,2021,540,734,Fairway
Satoshi Kodaira,2021,30,56,Bunker
Scott Brown,2021,192,371,Other
Scott Brown,2021,519,694,Fairway
Scott Brown,2021,23,47,Bunker
Scott Harrington,2021,200,398,Other
Scott Harrington,2021,486,656,Fairway
Scott Harrington,2021,23,47,Bunker
Scott Piercy,2021,215,389,Other
Scott Piercy,2021,502,660,Fairway
Scott Piercy,2021,28,51,Bunker
Scott Stallings,2021,215,368,Other
Scott Stallings,2021,488,627,Fairway
Scott Stallings,2021,27,63,Bunker
Scottie Scheffler,2021,232,430,Other
Scottie Scheffler,2021,684,866,Fairway
Scottie Scheffler,2021,35,68,Bunker
Seamus Power,2021,147,257,Other
Seamus Power,2021,402,508,Fairway
Seamus Power,2021,18,47,Bunker
Sean O'Hair,2021,127,230,Other
Sean O'Hair,2021,333,441,Fairway
Sean O'Hair,2021,19,37,Bunker
Sebastian Cappelen,2021,162,327,Other
Sebastian Cappelen,2021,292,391,Fairway
Sebastian Cappelen,2021,20,36,Bunker
Sebastián Muñoz,2021,246,457,Other
Sebastián Muñoz,2021,685,899,Fairway
Sebastián Muñoz,2021,33,72,Bunker
Sepp Straka,2021,252,511,Other
Sepp Straka,2021,630,772,Fairway
Sepp Straka,2021,25,57,Bunker
Sergio Garcia,2021,194,343,Other
Sergio Garcia,2021,509,635,Fairway
Sergio Garcia,2021,30,60,Bunker
Shane Lowry,2021,186,347,Other
Shane Lowry,2021,500,635,Fairway
Shane Lowry,2021,42,78,Bunker
Si Woo Kim,2021,217,413,Other
Si Woo Kim,2021,637,824,Fairway
Si Woo Kim,2021,37,77,Bunker
Stewart Cink,2021,260,463,Other
Stewart Cink,2021,557,712,Fairway
Stewart Cink,2021,58,87,Bunker
Sung Kang,2021,224,479,Other
Sung Kang,2021,496,666,Fairway
Sung Kang,2021,29,55,Bunker
Sungjae Im,2021,235,429,Other
Sungjae Im,2021,905,1175,Fairway
Sungjae Im,2021,40,96,Bunker
Talor Gooch,2021,216,421,Other
Talor Gooch,2021,589,752,Fairway
Talor Gooch,2021,37,77,Bunker
"Ted Potter, Jr.",2021,168,342,Other
"Ted Potter, Jr.",2021,399,540,Fairway
"Ted Potter, Jr.",2021,33,64,Bunker
Tom Hoge,2021,205,419,Other
Tom Hoge,2021,622,851,Fairway
Tom Hoge,2021,30,66,Bunker
Tom Lewis,2021,211,414,Other
Tom Lewis,2021,508,639,Fairway
Tom Lewis,2021,31,61,Bunker
Tommy Fleetwood,2021,141,302,Other
Tommy Fleetwood,2021,374,483,Fairway
Tommy Fleetwood,2021,28,51,Bunker
Tony Finau,2021,242,463,Other
Tony Finau,2021,553,707,Fairway
Tony Finau,2021,49,86,Bunker
Troy Merritt,2021,225,450,Other
Troy Merritt,2021,639,845,Fairway
Troy Merritt,2021,29,69,Bunker
Tyler Duncan,2021,164,356,Other
Tyler Duncan,2021,644,844,Fairway
Tyler Duncan,2021,25,50,Bunker
Tyler McCumber,2021,168,348,Other
Tyler McCumber,2021,439,555,Fairway
Tyler McCumber,2021,22,49,Bunker
Tyrrell Hatton,2021,118,235,Other
Tyrrell Hatton,2021,366,489,Fairway
Tyrrell Hatton,2021,20,52,Bunker
Vaughn Taylor,2021,164,303,Other
Vaughn Taylor,2021,530,735,Fairway
Vaughn Taylor,2021,20,48,Bunker
Viktor Hovland,2021,182,340,Other
Viktor Hovland,2021,598,737,Fairway
Viktor Hovland,2021,37,77,Bunker
Vince Whaley,2021,243,419,Other
Vince Whaley,2021,481,630,Fairway
Vince Whaley,2021,23,67,Bunker
Webb Simpson,2021,165,301,Other
Webb Simpson,2021,545,695,Fairway
Webb Simpson,2021,18,40,Bunker
Will Gordon,2021,252,480,Other
Will Gordon,2021,551,677,Fairway
Will Gordon,2021,39,71,Bunker
Will Zalatoris,2021,265,471,Other
Will Zalatoris,2021,557,687,Fairway
Will Zalatoris,2021,33,60,Bunker
Wyndham Clark,2021,289,517,Other
Wyndham Clark,2021,391,511,Fairway
Wyndham Clark,2021,25,58,Bunker
Xander Schauffele,2021,193,363,Other
Xander Schauffele,2021,507,626,Fairway
Xander Schauffele,2021,33,75,Bunker
Xinjun Zhang,2021,176,344,Other
Xinjun Zhang,2021,408,555,Fairway
Xinjun Zhang,2021,18,49,Bunker
Zach Johnson,2021,195,376,Other
Zach Johnson,2021,572,730,Fairway
Zach Johnson,2021,23,62,Bunker
Aaron Rai,2022,210,364,Other
Aaron Rai,2022,650,832,Fairway
Aaron Rai,2022,18,39,Bunker
Aaron Wise,2022,230,427,Other
Aaron Wise,2022,572,711,Fairway
Aaron Wise,2022,30,64,Bunker
Abraham Ancer,2022,111,208,Other
Abraham Ancer,2022,428,577,Fairway
Abraham Ancer,2022,15,33,Bunker
Adam Hadwin,2022,204,395,Other
Adam Hadwin,2022,621,797,Fairway
Adam Hadwin,2022,27,59,Bunker
Adam Long,2022,178,368,Other
Adam Long,2022,613,786,Fairway
Adam Long,2022,30,60,Bunker
Adam Schenk,2022,260,483,Other
Adam Schenk,2022,509,702,Fairway
Adam Schenk,2022,30,63,Bunker
Adam Scott,2022,218,392,Other
Adam Scott,2022,454,560,Fairway
Adam Scott,2022,35,60,Bunker
Adam Svensson,2022,220,429,Other
Adam Svensson,2022,695,889,Fairway
Adam Svensson,2022,35,69,Bunker
Alex Noren,2022,178,325,Other
Alex Noren,2022,368,497,Fairway
Alex Noren,2022,35,62,Bunker
Alex Smalley,2022,252,445,Other
Alex Smalley,2022,600,775,Fairway
Alex Smalley,2022,29,63,Bunker
Andrew Novak,2022,220,405,Other
Andrew Novak,2022,454,592,Fairway
Andrew Novak,2022,29,54,Bunker
Andrew Putnam,2022,211,401,Other
Andrew Putnam,2022,652,841,Fairway
Andrew Putnam,2022,18,61,Bunker
Anirban Lahiri,2022,156,317,Other
Anirban Lahiri,2022,464,619,Fairway
Anirban Lahiri,2022,26,64,Bunker
Austin Cook,2022,139,274,Other
Austin Cook,2022,466,641,Fairway
Austin Cook,2022,18,42,Bunker
Austin Smotherman,2022,174,342,Other
Austin Smotherman,2022,534,672,Fairway
Austin Smotherman,2022,28,51,Bunker
Beau Hossler,2022,224,413,Other
Beau Hossler,2022,396,510,Fairway
Beau Hossler,2022,28,56,Bunker
Ben Kohles,2022,167,311,Other
Ben Kohles,2022,410,531,Fairway
Ben Kohles,2022,14,33,Bunker
Bill Haas,2022,248,473,Other
Bill Haas,2022,528,693,Fairway
Bill Haas,2022,46,77,Bunker
Billy Horschel,2022,143,286,Other
Billy Horschel,2022,515,644,Fairway
Billy Horschel,2022,33,60,Bunker
Bo Hoag,2022,118,241,Other
Bo Hoag,2022,314,409,Fairway
Bo Hoag,2022,14,31,Bunker
Branden Grace,2022,140,254,Other
Branden Grace,2022,328,433,Fairway
Branden Grace,2022,14,33,Bunker
Brandon Hagy,2022,269,512,Other
Brandon Hagy,2022,400,517,Fairway
Brandon Hagy,2022,27,44,Bunker
Brandon Wu,2022,205,354,Other
Brandon Wu,2022,507,638,Fairway
Brandon Wu,2022,20,35,Bunker
Brandt Snedeker,2022,130,268,Other
Brandt Snedeker,2022,390,509,Fairway
Brandt Snedeker,2022,19,42,Bunker
Brendan Steele,2022,192,348,Other
Brendan Steele,2022,504,625,Fairway
Brendan Steele,2022,19,45,Bunker
Brendon Todd,2022,147,307,Other
Brendon Todd,2022,585,795,Fairway
Brendon Todd,2022,23,45,Bunker
Brett Drewitt,2022,168,310,Other
Brett Drewitt,2022,337,453,Fairway
Brett Drewitt,2022,18,40,Bunker
Brian Harman,2022,193,356,Other
Brian Harman,2022,657,846,Fairway
Brian Harman,2022,34,69,Bunker
Brian Stuard,2022,152,316,Other
Brian Stuard,2022,632,878,Fairway
Brian Stuard,2022,19,37,Bunker
Brice Garnett,2022,157,308,Other
Brice Garnett,2022,552,715,Fairway
Brice Garnett,2022,19,40,Bunker
Brooks Koepka,2022,135,268,Other
Brooks Koepka,2022,269,345,Fairway
Brooks Koepka,2022,16,33,Bunker
C.T. Pan,2022,199,368,Other
C.T. Pan,2022,540,706,Fairway
C.T. Pan,2022,26,60,Bunker
Callum Tarren,2022,241,417,Other
Callum Tarren,2022,387,495,Fairway
Callum Tarren,2022,25,43,Bunker
Cam Davis,2022,206,433,Other
Cam Davis,2022,514,641,Fairway
Cam Davis,2022,44,76,Bunker
Cameron Champ,2022,157,291,Other
Cameron Champ,2022,337,449,Fairway
Cameron Champ,2022,22,37,Bunker
Cameron Percy,2022,123,211,Other
Cameron Percy,2022,289,374,Fairway
Cameron Percy,2022,10,24,Bunker
Cameron Smith,2022,172,328,Other
Cameron Smith,2022,410,499,Fairway
Cameron Smith,2022,19,41,Bunker
Cameron Tringale,2022,256,460,Other
Cameron Tringale,2022,584,747,Fairway
Cameron Tringale,2022,25,68,Bunker
Cameron Young,2022,224,417,Other
Cameron Young,2022,519,677,Fairway
Cameron Young,2022,31,60,Bunker
Camilo Villegas,2022,204,358,Other
Camilo Villegas,2022,436,559,Fairway
Camilo Villegas,2022,20,44,Bunker
Carlos Ortiz,2022,152,313,Other
Carlos Ortiz,2022,360,479,Fairway
Carlos Ortiz,2022,25,50,Bunker
Chad Ramey,2022,155,309,Other
Chad Ramey,2022,505,659,Fairway
Chad Ramey,2022,22,47,Bunker
Charles Howell III,2022,144,241,Other
Charles Howell III,2022,375,465,Fairway
Charles Howell III,2022,29,46,Bunker
Charley Hoffman,2022,219,426,Other
Charley Hoffman,2022,382,479,Fairway
Charley Hoffman,2022,25,47,Bunker
Chase Seiffert,2022,136,233,Other
Chase Seiffert,2022,338,448,Fairway
Chase Seiffert,2022,12,26,Bunker
Chesson Hadley,2022,229,445,Other
Chesson Hadley,2022,470,616,Fairway
Chesson Hadley,2022,26,50,Bunker
Chez Reavie,2022,148,301,Other
Chez Reavie,2022,611,829,Fairway
Chez Reavie,2022,24,47,Bunker
Chris Kirk,2022,194,360,Other
Chris Kirk,2022,586,754,Fairway
Chris Kirk,2022,27,55,Bunker
Christiaan Bezuidenhout,2022,192,368,Other
Christiaan Bezuidenhout,2022,538,697,Fairway
Christiaan Bezuidenhout,2022,20,52,Bunker
Collin Morikawa,2022,132,244,Other
Collin Morikawa,2022,437,547,Fairway
Collin Morikawa,2022,20,47,Bunker
Corey Conners,2022,198,348,Other
Corey Conners,2022,659,814,Fairway
Corey Conners,2022,34,56,Bunker
Curtis Thompson,2022,196,379,Other
Curtis Thompson,2022,358,473,Fairway
Curtis Thompson,2022,14,35,Bunker
Danny Lee,2022,153,283,Other
Danny Lee,2022,284,398,Fairway
Danny Lee,2022,15,37,Bunker
Danny Willett,2022,140,291,Other
Danny Willett,2022,411,533,Fairway
Danny Willett,2022,15,42,Bunker
David Lipsky,2022,199,368,Other
David Lipsky,2022,617,794,Fairway
David Lipsky,2022,25,55,Bunker
David Skinns,2022,216,413,Other
David Skinns,2022,364,468,Fairway
David Skinns,2022,18,34,Bunker
Davis Riley,2022,238,444,Other
Davis Riley,2022,625,807,Fairway
Davis Riley,2022,28,52,Bunker
Dawie van der Walt,2022,158,315,Other
Dawie van der Walt,2022,379,511,Fairway
Dawie van der Walt,2022,15,33,Bunker
Denny McCarthy,2022,216,429,Other
Denny McCarthy,2022,688,897,Fairway
Denny McCarthy,2022,36,65,Bunker
Doc Redman,2022,215,393,Other
Doc Redman,2022,506,659,Fairway
Doc Redman,2022,22,43,Bunker
Doug Ghim,2022,179,360,Other
Doug Ghim,2022,560,745,Fairway
Doug Ghim,2022,38,55,Bunker
Dylan Frittelli,2022,302,566,Other
Dylan Frittelli,2022,510,655,Fairway
Dylan Frittelli,2022,30,76,Bunker
Dylan Wu,2022,171,328,Other
Dylan Wu,2022,428,548,Fairway
Dylan Wu,2022,34,55,Bunker
Emiliano Grillo,2022,183,349,Other
Emiliano Grillo,2022,579,747,Fairway
Emiliano Grillo,2022,39,70,Bunker
Erik van Rooyen,2022,107,228,Other
Erik van Rooyen,2022,320,409,Fairway
Erik van Rooyen,2022,16,29,Bunker
Francesco Molinari,2022,119,251,Other
Francesco Molinari,2022,354,456,Fairway
Francesco Molinari,2022,10,38,Bunker
Garrick Higgo,2022,132,311,Other
Garrick Higgo,2022,363,466,Fairway
Garrick Higgo,2022,23,41,Bunker
Gary Woodland,2022,203,376,Other
Gary Woodland,2022,415,543,Fairway
Gary Woodland,2022,28,37,Bunker
Greyson Sigg,2022,225,391,Other
Greyson Sigg,2022,608,784,Fairway
Greyson Sigg,2022,43,72,Bunker
Hank Lebioda,2022,172,360,Other
Hank Lebioda,2022,530,687,Fairway
Hank Lebioda,2022,27,59,Bunker
Harold Varner III,2022,199,388,Other
Harold Varner III,2022,419,527,Fairway
Harold Varner III,2022,27,50,Bunker
Harry Higgs,2022,221,446,Other
Harry Higgs,2022,458,614,Fairway
Harry Higgs,2022,22,46,Bunker
Hayden Buckley,2022,202,348,Other
Hayden Buckley,2022,664,854,Fairway
Hayden Buckley,2022,28,63,Bunker
Henrik Norlander,2022,175,336,Other
Henrik Norlander,2022,488,621,Fairway
Henrik Norlander,2022,22,39,Bunker
Hideki Matsuyama,2022,194,345,Other
Hideki Matsuyama,2022,478,602,Fairway
Hideki Matsuyama,2022,40,67,Bunker
Hudson Swafford,2022,170,318,Other
Hudson Swafford,2022,415,542,Fairway
Hudson Swafford,2022,17,32,Bunker
Ian Poulter,2022,91,187,Other
Ian Poulter,2022,278,385,Fairway
Ian Poulter,2022,23,48,Bunker
J.J. Spaun,2022,197,400,Other
J.J. Spaun,2022,661,843,Fairway
J.J. Spaun,2022,32,72,Bunker
J.T. Poston,2022,212,409,Other
J.T. Poston,2022,582,730,Fairway
J.T. Poston,2022,43,89,Bunker
James Hahn,2022,184,332,Other
James Hahn,2022,456,605,Fairway
James Hahn,2022,23,47,Bunker
Jared Wolfe,2022,179,325,Other
Jared Wolfe,2022,366,457,Fairway
Jared Wolfe,2022,19,39,Bunker
Jason Day,2022,120,255,Other
Jason Day,2022,375,484,Fairway
Jason Day,2022,29,52,Bunker
Jason Dufner,2022,131,245,Other
Jason Dufner,2022,308,412,Fairway
Jason Dufner,2022,14,37,Bunker
Jason Kokrak,2022,156,294,Other
Jason Kokrak,2022,388,526,Fairway
Jason Kokrak,2022,22,38,Bunker
Jhonattan Vegas,2022,232,414,Other
Jhonattan Vegas,2022,462,586,Fairway
Jhonattan Vegas,2022,37,58,Bunker
Jim Herman,2022,99,197,Other
Jim Herman,2022,367,482,Fairway
Jim Herman,2022,14,27,Bunker
Jim Knous,2022,132,286,Other
Jim Knous,2022,311,394,Fairway
Jim Knous,2022,12,27,Bunker
Joaquin Niemann,2022,258,433,Other
Joaquin Niemann,2022,489,634,Fairway
Joaquin Niemann,2022,25,51,Bunker
Joel Dahmen,2022,172,331,Other
Joel Dahmen,2022,618,803,Fairway
Joel Dahmen,2022,24,49,Bunker
John Huh,2022,154,302,Other
John Huh,2022,522,679,Fairway
John Huh,2022,21,41,Bunker
Jon Rahm,2022,171,317,Other
Jon Rahm,2022,521,615,Fairway
Jon Rahm,2022,25,52,Bunker
Jonas Blixt,2022,115,249,Other
Jonas Blixt,2022,285,406,Fairway
Jonas Blixt,2022,14,36,Bunker
Jonathan Byrd,2022,140,270,Other
Jonathan Byrd,2022,368,485,Fairway
Jonathan Byrd,2022,16,36,Bunker
Jordan Spieth,2022,228,401,Other
Jordan Spieth,2022,464,584,Fairway
Jordan Spieth,2022,28,58,Bunker
Joseph Bramlett,2022,293,495,Other
Joseph Bramlett,2022,473,589,Fairway
Joseph Bramlett,2022,21,39,Bunker
Joshua Creel,2022,95,213,Other
Joshua Creel,2022,294,414,Fairway
Joshua Creel,2022,14,24,Bunker
Justin Lower,2022,193,361,Other
Justin Lower,2022,476,602,Fairway
Justin Lower,2022,16,36,Bunker
Justin Rose,2022,127,255,Other
Justin Rose,2022,344,456,Fairway
Justin Rose,2022,17,36,Bunker
Justin Thomas,2022,245,427,Other
Justin Thomas,2022,464,584,Fairway
Justin Thomas,2022,31,55,Bunker
K.H. Lee,2022,226,450,Other
K.H. Lee,2022,658,854,Fairway
K.H. Lee,2022,27,70,Bunker
Keegan Bradley,2022,203,393,Other
Keegan Bradley,2022,517,667,Fairway
Keegan Bradley,2022,28,56,Bunker
Keith Mitchell,2022,212,380,Other
Keith Mitchell,2022,584,738,Fairway
Keith Mitchell,2022,31,77,Bunker
Kelly Kraft,2022,135,287,Other
Kelly Kraft,2022,457,633,Fairway
Kelly Kraft,2022,13,31,Bunker
Kevin Chappell,2022,194,328,Other
Kevin Chappell,2022,303,398,Fairway
Kevin Chappell,2022,24,43,Bunker
Kevin Kisner,2022,143,275,Other
Kevin Kisner,2022,471,610,Fairway
Kevin Kisner,2022,19,46,Bunker
Kevin Streelman,2022,156,311,Other
Kevin Streelman,2022,635,847,Fairway
Kevin Streelman,2022,28,61,Bunker
Kevin Tway,2022,249,463,Other
Kevin Tway,2022,427,544,Fairway
Kevin Tway,2022,29,64,Bunker
Kiradech Aphibarnrat,2022,114,227,Other
Kiradech Aphibarnrat,2022,359,478,Fairway
Kiradech Aphibarnrat,2022,9,26,Bunker
Kramer Hickok,2022,192,382,Other
Kramer Hickok,2022,632,826,Fairway
Kramer Hickok,2022,18,48,Bunker
Kurt Kitayama,2022,237,435,Other
Kurt Kitayama,2022,407,507,Fairway
Kurt Kitayama,2022,17,35,Bunker
Lanto Griffin,2022,207,391,Other
Lanto Griffin,2022,485,628,Fairway
Lanto Griffin,2022,31,58,Bunker
Lee Hodges,2022,247,451,Other
Lee Hodges,2022,626,794,Fairway
Lee Hodges,2022,18,42,Bunker
Lucas Glover,2022,178,341,Other
Lucas Glover,2022,701,880,Fairway
Lucas Glover,2022,36,82,Bunker
Lucas Herbert,2022,148,341,Other
Lucas Herbert,2022,289,389,Fairway
Lucas Herbert,2022,17,36,Bunker
Luke Donald,2022,169,336,Other
Luke Donald,2022,401,528,Fairway
Luke Donald,2022,33,63,Bunker
Luke List,2022,262,428,Other
Luke List,2022,480,614,Fairway
Luke List,2022,41,72,Bunker
Mackenzie Hughes,2022,203,434,Other
Mackenzie Hughes,2022,483,653,Fairway
Mackenzie Hughes,2022,26,48,Bunker
Marc Leishman,2022,198,388,Other
Marc Leishman,2022,449,565,Fairway
Marc Leishman,2022,32,57,Bunker
Mark Hubbard,2022,172,310,Other
Mark Hubbard,2022,469,592,Fairway
Mark Hubbard,2022,21,41,Bunker
Martin Laird,2022,127,232,Other
Martin Laird,2022,467,626,Fairway
Martin Laird,2022,29,60,Bunker
Martin Trainer,2022,219,446,Other
Martin Trainer,2022,461,584,Fairway
Martin Trainer,2022,26,49,Bunker
Matt Fitzpatrick,2022,180,319,Other
Matt Fitzpatrick,2022,469,618,Fairway
Matt Fitzpatrick,2022,16,38,Bunker
Matt Jones,2022,175,331,Other
Matt Jones,2022,359,460,Fairway
Matt Jones,2022,40,58,Bunker
Matt Kuchar,2022,147,302,Other
Matt Kuchar,2022,473,625,Fairway
Matt Kuchar,2022,30,58,Bunker
Matt Wallace,2022,136,276,Other
Matt Wallace,2022,355,453,Fairway
Matt Wallace,2022,22,39,Bunker
Matthew NeSmith,2022,210,414,Other
Matthew NeSmith,2022,634,811,Fairway
Matthew NeSmith,2022,26,48,Bunker
Matthew Wolff,2022,142,296,Other
Matthew Wolff,2022,244,327,Fairway
Matthew Wolff,2022,15,31,Bunker
Matthias Schwab,2022,194,341,Other
Matthias Schwab,2022,469,577,Fairway
Matthias Schwab,2022,23,53,Bunker
Maverick McNealy,2022,226,427,Other
Maverick McNealy,2022,562,706,Fairway
Maverick McNealy,2022,45,86,Bunker
Max Homa,2022,194,380,Other
Max Homa,2022,550,696,Fairway
Max Homa,2022,38,72,Bunker
Max McGreevy,2022,161,324,Other
Max McGreevy,2022,469,633,Fairway
Max McGreevy,2022,14,38,Bunker
Michael Gligic,2022,190,354,Other
Michael Gligic,2022,456,587,Fairway
Michael Gligic,2022,25,48,Bunker
Michael Thompson,2022,163,338,Other
Michael Thompson,2022,566,770,Fairway
Michael Thompson,2022,32,61,Bunker
Mito Pereira,2022,258,418,Other
Mito Pereira,2022,593,748,Fairway
Mito Pereira,2022,30,73,Bunker
Nate Lashley,2022,187,330,Other
Nate Lashley,2022,506,670,Fairway
Nate Lashley,2022,26,53,Bunker
Nick Hardy,2022,184,315,Other
Nick Hardy,2022,372,474,Fairway
Nick Hardy,2022,13,32,Bunker
Nick Taylor,2022,202,428,Other
Nick Taylor,2022,556,707,Fairway
Nick Taylor,2022,42,78,Bunker
Nick Watney,2022,244,436,Other
Nick Watney,2022,448,568,Fairway
Nick Watney,2022,31,53,Bunker
Pat Perez,2022,165,312,Other
Pat Perez,2022,369,504,Fairway
Pat Perez,2022,16,37,Bunker
Patrick Cantlay,2022,190,328,Other
Patrick Cantlay,2022,473,581,Fairway
Patrick Cantlay,2022,16,50,Bunker
Patrick Reed,2022,170,356,Other
Patrick Reed,2022,436,583,Fairway
Patrick Reed,2022,23,45,Bunker
Patrick Rodgers,2022,306,511,Other
Patrick Rodgers,2022,476,601,Fairway
Patrick Rodgers,2022,23,67,Bunker
Patton Kizzire,2022,253,480,Other
Patton Kizzire,2022,540,702,Fairway
Patton Kizzire,2022,40,74,Bunker
Paul Barjon,2022,200,358,Other
Paul Barjon,2022,440,577,Fairway
Paul Barjon,2022,19,46,Bunker
Peter Malnati,2022,276,552,Other
Peter Malnati,2022,608,788,Fairway
Peter Malnati,2022,43,87,Bunker
Richy Werenski,2022,176,346,Other
Richy Werenski,2022,359,489,Fairway
Richy Werenski,2022,16,36,Bunker
Rickie Fowler,2022,155,364,Other
Rickie Fowler,2022,439,571,Fairway
Rickie Fowler,2022,19,51,Bunker
Robert Streb,2022,205,394,Other
Robert Streb,2022,507,681,Fairway
Robert Streb,2022,27,67,Bunker
Roger Sloan,2022,194,394,Other
Roger Sloan,2022,439,586,Fairway
Roger Sloan,2022,16,30,Bunker
Rory McIlroy,2022,186,320,Other
Rory McIlroy,2022,398,490,Fairway
Rory McIlroy,2022,14,34,Bunker
Rory Sabbatini,2022,121,245,Other
Rory Sabbatini,2022,357,471,Fairway
Rory Sabbatini,2022,23,52,Bunker
Russell Henley,2022,177,320,Other
Russell Henley,2022,602,740,Fairway
Russell Henley,2022,21,36,Bunker
Russell Knox,2022,187,343,Other
Russell Knox,2022,667,825,Fairway
Russell Knox,2022,31,65,Bunker
Ryan Armour,2022,84,167,Other
Ryan Armour,2022,388,511,Fairway
Ryan Armour,2022,7,13,Bunker
Ryan Palmer,2022,202,356,Other
Ryan Palmer,2022,396,525,Fairway
Ryan Palmer,2022,20,44,Bunker
S.Y. Noh,2022,224,394,Other
S.Y. Noh,2022,347,438,Fairway
S.Y. Noh,2022,21,39,Bunker
Sahith Theegala,2022,355,627,Other
Sahith Theegala,2022,665,850,Fairway
Sahith Theegala,2022,46,96,Bunker
Sam Burns,2022,223,434,Other
Sam Burns,2022,521,618,Fairway
Sam Burns,2022,31,64,Bunker
Sam Ryder,2022,205,411,Other
Sam Ryder,2022,565,730,Fairway
Sam Ryder,2022,39,81,Bunker
Satoshi Kodaira,2022,88,175,Other
Satoshi Kodaira,2022,372,506,Fairway
Satoshi Kodaira,2022,14,23,Bunker
Scott Gutschewski,2022,162,289,Other
Scott Gutschewski,2022,364,458,Fairway
Scott Gutschewski,2022,15,32,Bunker
Scott Piercy,2022,184,400,Other
Scott Piercy,2022,449,603,Fairway
Scott Piercy,2022,23,60,Bunker
Scott Stallings,2022,284,532,Other
Scott Stallings,2022,576,730,Fairway
Scott Stallings,2022,30,71,Bunker
Scottie Scheffler,2022,227,399,Other
Scottie Scheffler,2022,592,704,Fairway
Scottie Scheffler,2022,42,71,Bunker
Seamus Power,2022,208,367,Other
Seamus Power,2022,542,678,Fairway
Seamus Power,2022,27,52,Bunker
Sebastián Muñoz,2022,195,369,Other
Sebastián Muñoz,2022,556,716,Fairway
Sebastián Muñoz,2022,37,69,Bunker
Sepp Straka,2022,245,476,Other
Sepp Straka,2022,646,819,Fairway
Sepp Straka,2022,36,73,Bunker
Seth Reeves,2022,207,345,Other
Seth Reeves,2022,416,558,Fairway
Seth Reeves,2022,14,28,Bunker
Shane Lowry,2022,145,267,Other
Shane Lowry,2022,383,497,Fairway
Shane Lowry,2022,32,46,Bunker
Si Woo Kim,2022,211,432,Other
Si Woo Kim,2022,670,882,Fairway
Si Woo Kim,2022,37,64,Bunker
Stephan Jaeger,2022,221,448,Other
Stephan Jaeger,2022,499,670,Fairway
Stephan Jaeger,2022,29,57,Bunker
Stewart Cink,2022,211,376,Other
Stewart Cink,2022,500,643,Fairway
Stewart Cink,2022,29,56,Bunker
Sung Kang,2022,202,389,Other
Sung Kang,2022,509,674,Fairway
Sung Kang,2022,19,43,Bunker
Sungjae Im,2022,202,372,Other
Sungjae Im,2022,656,811,Fairway
Sungjae Im,2022,29,55,Bunker
Talor Gooch,2022,194,339,Other
Talor Gooch,2022,477,620,Fairway
Talor Gooch,2022,22,43,Bunker
Taylor Moore,2022,213,379,Other
Taylor Moore,2022,577,722,Fairway
Taylor Moore,2022,31,68,Bunker
Taylor Pendrith,2022,219,373,Other
Taylor Pendrith,2022,467,565,Fairway
Taylor Pendrith,2022,31,53,Bunker
Tom Hoge,2022,231,448,Other
Tom Hoge,2022,625,823,Fairway
Tom Hoge,2022,33,66,Bunker
Tommy Fleetwood,2022,142,280,Other
Tommy Fleetwood,2022,366,463,Fairway
Tommy Fleetwood,2022,20,37,Bunker
Tony Finau,2022,274,464,Other
Tony Finau,2022,571,699,Fairway
Tony Finau,2022,22,43,Bunker
Trey Mullinax,2022,252,467,Other
Trey Mullinax,2022,514,627,Fairway
Trey Mullinax,2022,17,49,Bunker
Troy Merritt,2022,176,388,Other
Troy Merritt,2022,593,807,Fairway
Troy Merritt,2022,36,66,Bunker
Tyler Duncan,2022,154,316,Other
Tyler Duncan,2022,605,782,Fairway
Tyler Duncan,2022,15,37,Bunker
Tyrrell Hatton,2022,199,367,Other
Tyrrell Hatton,2022,375,487,Fairway
Tyrrell Hatton,2022,14,38,Bunker
Vaughn Taylor,2022,113,212,Other
Vaughn Taylor,2022,377,500,Fairway
Vaughn Taylor,2022,10,22,Bunker
Viktor Hovland,2022,169,328,Other
Viktor Hovland,2022,472,610,Fairway
Viktor Hovland,2022,22,48,Bunker
Vince Whaley,2022,255,506,Other
Vince Whaley,2022,460,607,Fairway
Vince Whaley,2022,38,64,Bunker
Webb Simpson,2022,114,244,Other
Webb Simpson,2022,405,534,Fairway
Webb Simpson,2022,23,48,Bunker
Wesley Bryan,2022,138,294,Other
Wesley Bryan,2022,250,348,Fairway
Wesley Bryan,2022,12,30,Bunker
Will Zalatoris,2022,250,434,Other
Will Zalatoris,2022,504,591,Fairway
Will Zalatoris,2022,19,41,Bunker
Wyndham Clark,2022,315,579,Other
Wyndham Clark,2022,546,707,Fairway
Wyndham Clark,2022,29,57,Bunker
Xander Schauffele,2022,180,330,Other
Xander Schauffele,2022,503,627,Fairway
Xander Schauffele,2022,29,51,Bunker
Zach Johnson,2022,125,283,Other
Zach Johnson,2022,436,569,Fairway
Zach Johnson,2022,15,42,Bunker
Aaron Baddeley,2023,217,427,Other
Aaron Baddeley,2023,483,636,Fairway
Aaron Baddeley,2023,30,48,Bunker
Aaron Rai,2023,213,398,Other
Aaron Rai,2023,792,1002,Fairway
Aaron Rai,2023,29,58,Bunker
Adam Hadwin,2023,200,385,Other
Adam Hadwin,2023,604,777,Fairway
Adam Hadwin,2023,31,64,Bunker
Adam Long,2023,225,435,Other
Adam Long,2023,810,1057,Fairway
Adam Long,2023,40,79,Bunker
Adam Schenk,2023,340,639,Other
Adam Schenk,2023,736,911,Fairway
Adam Schenk,2023,57,99,Bunker
Adam Scott,2023,220,395,Other
Adam Scott,2023,396,505,Fairway
Adam Scott,2023,22,48,Bunker
Adam Svensson,2023,268,526,Other
Adam Svensson,2023,844,1083,Fairway
Adam Svensson,2023,59,89,Bunker
Akshay Bhatia,2023,216,375,Other
Akshay Bhatia,2023,596,748,Fairway
Akshay Bhatia,2023,28,47,Bunker
Alex Noren,2023,255,509,Other
Alex Noren,2023,564,700,Fairway
Alex Noren,2023,37,65,Bunker
Alex Smalley,2023,322,558,Other
Alex Smalley,2023,737,915,Fairway
Alex Smalley,2023,39,82,Bunker
Andrew Landry,2023,182,350,Other
Andrew Landry,2023,540,718,Fairway
Andrew Landry,2023,29,51,Bunker
Andrew Novak,2023,253,485,Other
Andrew Novak,2023,604,772,Fairway
Andrew Novak,2023,32,64,Bunker
Andrew Putnam,2023,250,475,Other
Andrew Putnam,2023,783,988,Fairway
Andrew Putnam,2023,39,70,Bunker
Augusto Núñez,2023,290,473,Other
Augusto Núñez,2023,515,667,Fairway
Augusto Núñez,2023,23,43,Bunker
Austin Cook,2023,192,366,Other
Austin Cook,2023,572,771,Fairway
Austin Cook,2023,20,44,Bunker
Austin Eckroat,2023,233,421,Other
Austin Eckroat,2023,659,869,Fairway
Austin Eckroat,2023,33,61,Bunker
Austin Smotherman,2023,231,471,Other
Austin Smotherman,2023,690,872,Fairway
Austin Smotherman,2023,25,51,Bunker
Beau Hossler,2023,314,555,Other
Beau Hossler,2023,680,878,Fairway
Beau Hossler,2023,52,90,Bunker
Ben Griffin,2023,361,649,Other
Ben Griffin,2023,716,924,Fairway
Ben Griffin,2023,40,76,Bunker
Ben Martin,2023,262,466,Other
Ben Martin,2023,701,893,Fairway
Ben Martin,2023,38,70,Bunker
Ben Taylor,2023,347,647,Other
Ben Taylor,2023,571,739,Fairway
Ben Taylor,2023,35,79,Bunker
Billy Horschel,2023,132,281,Other
Billy Horschel,2023,421,558,Fairway
Billy Horschel,2023,31,53,Bunker
Brandon Matthews,2023,235,414,Other
Brandon Matthews,2023,298,389,Fairway
Brandon Matthews,2023,8,18,Bunker
Brandon Wu,2023,301,569,Other
Brandon Wu,2023,800,982,Fairway
Brandon Wu,2023,14,42,Bunker
Brendon Todd,2023,195,388,Other
Brendon Todd,2023,746,991,Fairway
Brendon Todd,2023,35,80,Bunker
Brent Grant,2023,230,393,Other
Brent Grant,2023,593,745,Fairway
Brent Grant,2023,16,33,Bunker
Brian Harman,2023,179,350,Other
Brian Harman,2023,663,866,Fairway
Brian Harman,2023,41,80,Bunker
Brian Stuard,2023,167,330,Other
Brian Stuard,2023,461,659,Fairway
Brian Stuard,2023,8,30,Bunker
Brice Garnett,2023,226,390,Other
Brice Garnett,2023,623,776,Fairway
Brice Garnett,2023,14,35,Bunker
Byeong Hun An,2023,327,613,Other
Byeong Hun An,2023,592,758,Fairway
Byeong Hun An,2023,40,82,Bunker
C.T. Pan,2023,140,255,Other
C.T. Pan,2023,369,459,Fairway
C.T. Pan,2023,19,33,Bunker
Callum Tarren,2023,345,616,Other
Callum Tarren,2023,554,698,Fairway
Callum Tarren,2023,31,63,Bunker
Cam Davis,2023,267,493,Other
Cam Davis,2023,571,699,Fairway
Cam Davis,2023,31,70,Bunker
Cameron Champ,2023,221,390,Other
Cameron Champ,2023,531,646,Fairway
Cameron Champ,2023,15,42,Bunker
Cameron Percy,2023,180,315,Other
Cameron Percy,2023,466,592,Fairway
Cameron Percy,2023,12,26,Bunker
Cameron Young,2023,220,431,Other
Cameron Young,2023,579,711,Fairway
Cameron Young,2023,37,62,Bunker
Carl Yuan,2023,263,480,Other
Carl Yuan,2023,515,634,Fairway
Carl Yuan,2023,22,53,Bunker
Carson Young,2023,242,422,Other
Carson Young,2023,709,905,Fairway
Carson Young,2023,25,53,Bunker
Chad Ramey,2023,255,484,Other
Chad Ramey,2023,649,858,Fairway
Chad Ramey,2023,36,67,Bunker
Charley Hoffman,2023,247,440,Other
Charley Hoffman,2023,503,623,Fairway
Charley Hoffman,2023,24,56,Bunker
Chesson Hadley,2023,267,488,Other
Chesson Hadley,2023,612,766,Fairway
Chesson Hadley,2023,33,61,Bunker
Chez Reavie,2023,192,385,Other
Chez Reavie,2023,682,883,Fairway
Chez Reavie,2023,39,74,Bunker
Chris Kirk,2023,210,417,Other
Chris Kirk,2023,624,789,Fairway
Chris Kirk,2023,36,80,Bunker
Chris Stroud,2023,172,294,Other
Chris Stroud,2023,372,479,Fairway
Chris Stroud,2023,8,22,Bunker
Christiaan Bezuidenhout,2023,195,403,Other
Christiaan Bezuidenhout,2023,589,762,Fairway
Christiaan Bezuidenhout,2023,30,75,Bunker
Cody Gribble,2023,203,343,Other
Cody Gribble,2023,455,590,Fairway
Cody Gribble,2023,31,42,Bunker
Collin Morikawa,2023,155,305,Other
Collin Morikawa,2023,618,766,Fairway
Collin Morikawa,2023,29,55,Bunker
Corey Conners,2023,219,388,Other
Corey Conners,2023,596,738,Fairway
Corey Conners,2023,38,76,Bunker
Danny Willett,2023,156,335,Other
Danny Willett,2023,400,542,Fairway
Danny Willett,2023,33,57,Bunker
David Lingmerth,2023,163,359,Other
David Lingmerth,2023,575,816,Fairway
David Lingmerth,2023,19,43,Bunker
David Lipsky,2023,243,451,Other
David Lipsky,2023,696,900,Fairway
David Lipsky,2023,37,72,Bunker
Davis Riley,2023,255,498,Other
Davis Riley,2023,650,829,Fairway
Davis Riley,2023,43,80,Bunker
Davis Thompson,2023,241,460,Other
Davis Thompson,2023,672,808,Fairway
Davis Thompson,2023,30,70,Bunker
Denny McCarthy,2023,228,456,Other
Denny McCarthy,2023,672,853,Fairway
Denny McCarthy,2023,48,78,Bunker
Doc Redman,2023,201,354,Other
Doc Redman,2023,545,675,Fairway
Doc Redman,2023,32,56,Bunker
Doug Ghim,2023,205,368,Other
Doug Ghim,2023,710,880,Fairway
Doug Ghim,2023,25,49,Bunker
Dylan Frittelli,2023,231,514,Other
Dylan Frittelli,2023,392,507,Fairway
Dylan Frittelli,2023,28,58,Bunker
Dylan Wu,2023,304,522,Other
Dylan Wu,2023,726,888,Fairway
Dylan Wu,2023,32,59,Bunker
Emiliano Grillo,2023,274,514,Other
Emiliano Grillo,2023,741,962,Fairway
Emiliano Grillo,2023,46,92,Bunker
Eric Cole,2023,380,692,Other
Eric Cole,2023,721,947,Fairway
Eric Cole,2023,62,106,Bunker
Erik van Rooyen,2023,220,405,Other
Erik van Rooyen,2023,511,627,Fairway
Erik van Rooyen,2023,26,48,Bunker
Garrick Higgo,2023,279,531,Other
Garrick Higgo,2023,658,820,Fairway
Garrick Higgo,2023,34,81,Bunker
Gary Woodland,2023,236,428,Other
Gary Woodland,2023,527,665,Fairway
Gary Woodland,2023,24,49,Bunker
Greyson Sigg,2023,254,473,Other
Greyson Sigg,2023,709,900,Fairway
Greyson Sigg,2023,53,92,Bunker
Hank Lebioda,2023,181,314,Other
Hank Lebioda,2023,396,497,Fairway
Hank Lebioda,2023,18,36,Bunker
Harris English,2023,207,436,Other
Harris English,2023,629,838,Fairway
Harris English,2023,45,76,Bunker
Harrison Endycott,2023,217,405,Other
Harrison Endycott,2023,582,774,Fairway
Harrison Endycott,2023,31,62,Bunker
Harry Hall,2023,314,600,Other
Harry Hall,2023,618,763,Fairway
Harry Hall,2023,23,50,Bunker
Harry Higgs,2023,259,482,Other
Harry Higgs,2023,487,633,Fairway
Harry Higgs,2023,30,60,Bunker
Hayden Buckley,2023,186,349,Other
Hayden Buckley,2023,591,759,Fairway
Hayden Buckley,2023,35,58,Bunker
Henrik Norlander,2023,237,429,Other
Henrik Norlander,2023,618,788,Fairway
Henrik Norlander,2023,27,52,Bunker
Hideki Matsuyama,2023,208,410,Other
Hideki Matsuyama,2023,561,719,Fairway
Hideki Matsuyama,2023,41,79,Bunker
J.J. Spaun,2023,248,442,Other
J.J. Spaun,2023,722,907,Fairway
J.J. Spaun,2023,43,75,Bunker
J.T. Poston,2023,249,473,Other
J.T. Poston,2023,673,843,Fairway
J.T. Poston,2023,44,78,Bunker
James Hahn,2023,196,340,Other
James Hahn,2023,542,718,Fairway
James Hahn,2023,30,53,Bunker
Jason Day,2023,196,359,Other
Jason Day,2023,533,687,Fairway
Jason Day,2023,30,68,Bunker
Jason Dufner,2023,271,470,Other
Jason Dufner,2023,583,738,Fairway
Jason Dufner,2023,34,64,Bunker
Jim Herman,2023,166,325,Other
Jim Herman,2023,545,710,Fairway
Jim Herman,2023,17,42,Bunker
Jimmy Walker,2023,256,492,Other
Jimmy Walker,2023,485,624,Fairway
Jimmy Walker,2023,36,77,Bunker
Joel Dahmen,2023,213,399,Other
Joel Dahmen,2023,616,801,Fairway
Joel Dahmen,2023,34,69,Bunker
Jon Rahm,2023,202,359,Other
Jon Rahm,2023,466,571,Fairway
Jon Rahm,2023,33,60,Bunker
Jonathan Byrd,2023,155,289,Other
Jonathan Byrd,2023,386,513,Fairway
Jonathan Byrd,2023,22,35,Bunker
Jordan Spieth,2023,185,369,Other
Jordan Spieth,2023,436,570,Fairway
Jordan Spieth,2023,31,64,Bunker
Joseph Bramlett,2023,266,476,Other
Joseph Bramlett,2023,462,573,Fairway
Joseph Bramlett,2023,33,56,Bunker
Justin Lower,2023,297,549,Other
Justin Lower,2023,705,903,Fairway
Justin Lower,2023,38,69,Bunker
Justin Rose,2023,146,300,Other
Justin Rose,2023,455,591,Fairway
Justin Rose,2023,21,52,Bunker
Justin Suh,2023,258,505,Other
Justin Suh,2023,758,1001,Fairway
Justin Suh,2023,39,74,Bunker
Justin Thomas,2023,199,375,Other
Justin Thomas,2023,432,553,Fairway
Justin Thomas,2023,39,74,Bunker
K.H. Lee,2023,291,510,Other
K.H. Lee,2023,700,884,Fairway
K.H. Lee,2023,47,90,Bunker
Keegan Bradley,2023,201,400,Other
Keegan Bradley,2023,525,668,Fairway
Keegan Bradley,2023,37,74,Bunker
Keith Mitchell,2023,211,415,Other
Keith Mitchell,2023,659,825,Fairway
Keith Mitchell,2023,30,63,Bunker
Kelly Kraft,2023,205,377,Other
Kelly Kraft,2023,624,837,Fairway
Kelly Kraft,2023,18,41,Bunker
Kevin Chappell,2023,202,323,Other
Kevin Chappell,2023,330,433,Fairway
Kevin Chappell,2023,14,25,Bunker
Kevin Roy,2023,230,402,Other
Kevin Roy,2023,481,617,Fairway
Kevin Roy,2023,24,38,Bunker
Kevin Streelman,2023,249,464,Other
Kevin Streelman,2023,616,794,Fairway
Kevin Streelman,2023,27,69,Bunker
Kevin Tway,2023,331,580,Other
Kevin Tway,2023,597,740,Fairway
Kevin Tway,2023,47,87,Bunker
Kevin Yu,2023,211,345,Other
Kevin Yu,2023,493,607,Fairway
Kevin Yu,2023,18,35,Bunker
Kramer Hickok,2023,238,433,Other
Kramer Hickok,2023,685,859,Fairway
Kramer Hickok,2023,29,62,Bunker
Kurt Kitayama,2023,199,426,Other
Kurt Kitayama,2023,396,511,Fairway
Kurt Kitayama,2023,33,56,Bunker
Kyle Westmoreland,2023,320,546,Other
Kyle Westmoreland,2023,412,523,Fairway
Kyle Westmoreland,2023,15,30,Bunker
Lanto Griffin,2023,139,246,Other
Lanto Griffin,2023,397,506,Fairway
Lanto Griffin,2023,21,43,Bunker
Lee Hodges,2023,250,516,Other
Lee Hodges,2023,681,890,Fairway
Lee Hodges,2023,37,74,Bunker
Lucas Glover,2023,203,378,Other
Lucas Glover,2023,768,962,Fairway
Lucas Glover,2023,33,57,Bunker
Lucas Herbert,2023,151,332,Other
Lucas Herbert,2023,362,479,Fairway
Lucas Herbert,2023,20,47,Bunker
Ludvig Åberg,2023,122,209,Other
Ludvig Åberg,2023,379,457,Fairway
Ludvig Åberg,2023,20,32,Bunker
Luke List,2023,354,557,Other
Luke List,2023,610,755,Fairway
Luke List,2023,35,74,Bunker
MJ Daffue,2023,310,533,Other
MJ Daffue,2023,641,840,Fairway
MJ Daffue,2023,37,64,Bunker
Mackenzie Hughes,2023,255,499,Other
Mackenzie Hughes,2023,528,683,Fairway
Mackenzie Hughes,2023,18,52,Bunker
Mark Hubbard,2023,299,564,Other
Mark Hubbard,2023,769,987,Fairway
Mark Hubbard,2023,33,61,Bunker
Martin Laird,2023,195,377,Other
Martin Laird,2023,636,804,Fairway
Martin Laird,2023,19,41,Bunker
Martin Trainer,2023,189,354,Other
Martin Trainer,2023,387,497,Fairway
Martin Trainer,2023,14,30,Bunker
Matt Fitzpatrick,2023,200,374,Other
Matt Fitzpatrick,2023,442,578,Fairway
Matt Fitzpatrick,2023,31,69,Bunker
Matt Kuchar,2023,214,384,Other
Matt Kuchar,2023,627,807,Fairway
Matt Kuchar,2023,47,84,Bunker
Matt NeSmith,2023,256,465,Other
Matt NeSmith,2023,662,855,Fairway
Matt NeSmith,2023,31,53,Bunker
Matt Wallace,2023,235,474,Other
Matt Wallace,2023,486,634,Fairway
Matt Wallace,2023,26,48,Bunker
Matthias Schwab,2023,255,481,Other
Matthias Schwab,2023,675,883,Fairway
Matthias Schwab,2023,39,71,Bunker
Matti Schmid,2023,238,412,Other
Matti Schmid,2023,522,661,Fairway
Matti Schmid,2023,16,30,Bunker
Maverick McNealy,2023,153,334,Other
Maverick McNealy,2023,362,474,Fairway
Maverick McNealy,2023,30,59,Bunker
Max Homa,2023,197,399,Other
Max Homa,2023,568,723,Fairway
Max Homa,2023,40,80,Bunker
Max McGreevy,2023,240,483,Other
Max McGreevy,2023,568,758,Fairway
Max McGreevy,2023,12,40,Bunker
Michael Gligic,2023,238,445,Other
Michael Gligic,2023,407,534,Fairway
Michael Gligic,2023,17,36,Bunker
Michael Kim,2023,268,484,Other
Michael Kim,2023,609,786,Fairway
Michael Kim,2023,39,71,Bunker
Nate Lashley,2023,296,506,Other
Nate Lashley,2023,716,906,Fairway
Nate Lashley,2023,40,80,Bunker
Nick Hardy,2023,352,623,Other
Nick Hardy,2023,751,940,Fairway
Nick Hardy,2023,36,78,Bunker
Nick Taylor,2023,239,464,Other
Nick Taylor,2023,576,754,Fairway
Nick Taylor,2023,40,71,Bunker
Nick Watney,2023,248,499,Other
Nick Watney,2023,403,514,Fairway
Nick Watney,2023,21,46,Bunker
Nico Echavarria,2023,204,381,Other
Nico Echavarria,2023,486,645,Fairway
Nico Echavarria,2023,28,55,Bunker
Nicolai Hojgaard,2023,171,290,Other
Nicolai Hojgaard,2023,253,318,Fairway
Nicolai Hojgaard,2023,14,26,Bunker
Patrick Cantlay,2023,172,297,Other
Patrick Cantlay,2023,529,659,Fairway
Patrick Cantlay,2023,20,50,Bunker
Patrick Rodgers,2023,291,573,Other
Patrick Rodgers,2023,593,760,Fairway
Patrick Rodgers,2023,35,73,Bunker
Patton Kizzire,2023,265,524,Other
Patton Kizzire,2023,646,810,Fairway
Patton Kizzire,2023,32,64,Bunker
Paul Haley II,2023,190,392,Other
Paul Haley II,2023,629,841,Fairway
Paul Haley II,2023,21,46,Bunker
Peter Kuest,2023,141,231,Other
Peter Kuest,2023,334,397,Fairway
Peter Kuest,2023,9,20,Bunker
Peter Malnati,2023,290,566,Other
Peter Malnati,2023,526,683,Fairway
Peter Malnati,2023,39,74,Bunker
Richy Werenski,2023,253,524,Other
Richy Werenski,2023,613,805,Fairway
Richy Werenski,2023,29,50,Bunker
Rickie Fowler,2023,241,473,Other
Rickie Fowler,2023,629,777,Fairway
Rickie Fowler,2023,39,78,Bunker
Robby Shelton,2023,249,522,Other
Robby Shelton,2023,663,853,Fairway
Robby Shelton,2023,37,68,Bunker
Robert Streb,2023,244,434,Other
Robert Streb,2023,487,645,Fairway
Robert Streb,2023,29,53,Bunker
Rory McIlroy,2023,208,380,Other
Rory McIlroy,2023,389,475,Fairway
Rory McIlroy,2023,18,37,Bunker
Russell Henley,2023,120,271,Other
Russell Henley,2023,679,852,Fairway
Russell Henley,2023,25,51,Bunker
Russell Knox,2023,293,517,Other
Russell Knox,2023,811,995,Fairway
Russell Knox,2023,35,75,Bunker
Ryan Armour,2023,185,331,Other
Ryan Armour,2023,698,908,Fairway
Ryan Armour,2023,13,38,Bunker
Ryan Brehm,2023,306,559,Other
Ryan Brehm,2023,445,589,Fairway
Ryan Brehm,2023,36,55,Bunker
Ryan Gerard,2023,175,313,Other
Ryan Gerard,2023,389,507,Fairway
Ryan Gerard,2023,19,40,Bunker
Ryan Moore,2023,163,304,Other
Ryan Moore,2023,648,813,Fairway
Ryan Moore,2023,21,42,Bunker
Ryan Palmer,2023,187,350,Other
Ryan Palmer,2023,547,683,Fairway
Ryan Palmer,2023,37,70,Bunker
S.H. Kim,2023,298,573,Other
S.H. Kim,2023,655,870,Fairway
S.H. Kim,2023,51,96,Bunker
S.Y. Noh,2023,211,405,Other
S.Y. Noh,2023,400,498,Fairway
S.Y. Noh,2023,25,44,Bunker
Sahith Theegala,2023,315,617,Other
Sahith Theegala,2023,620,779,Fairway
Sahith Theegala,2023,35,78,Bunker
Sam Burns,2023,208,431,Other
Sam Burns,2023,507,638,Fairway
Sam Burns,2023,20,58,Bunker
Sam Ryder,2023,297,579,Other
Sam Ryder,2023,691,879,Fairway
Sam Ryder,2023,50,82,Bunker
Sam Stevens,2023,332,569,Other
Sam Stevens,2023,648,819,Fairway
Sam Stevens,2023,41,81,Bunker
Satoshi Kodaira,2023,126,224,Other
Satoshi Kodaira,2023,480,617,Fairway
Satoshi Kodaira,2023,12,28,Bunker
Scott Harrington,2023,276,483,Other
Scott Harrington,2023,460,588,Fairway
Scott Harrington,2023,20,44,Bunker
Scott Piercy,2023,259,484,Other
Scott Piercy,2023,625,833,Fairway
Scott Piercy,2023,29,64,Bunker
Scott Stallings,2023,231,458,Other
Scott Stallings,2023,517,660,Fairway
Scott Stallings,2023,27,53,Bunker
Scottie Scheffler,2023,247,416,Other
Scottie Scheffler,2023,657,760,Fairway
Scottie Scheffler,2023,28,48,Bunker
Seamus Power,2023,215,391,Other
Seamus Power,2023,498,675,Fairway
Seamus Power,2023,47,83,Bunker
Sean O'Hair,2023,147,251,Other
Sean O'Hair,2023,333,451,Fairway
Sean O'Hair,2023,14,21,Bunker
Sepp Straka,2023,209,405,Other
Sepp Straka,2023,667,828,Fairway
Sepp Straka,2023,16,51,Bunker
Shane Lowry,2023,123,247,Other
Shane Lowry,2023,419,553,Fairway
Shane Lowry,2023,34,64,Bunker
Si Woo Kim,2023,168,359,Other
Si Woo Kim,2023,713,941,Fairway
Si Woo Kim,2023,37,88,Bunker
Stephan Jaeger,2023,354,621,Other
Stephan Jaeger,2023,808,979,Fairway
Stephan Jaeger,2023,59,92,Bunker
Stewart Cink,2023,249,466,Other
Stewart Cink,2023,456,586,Fairway
Stewart Cink,2023,36,60,Bunker
Sung Kang,2023,167,311,Other
Sung Kang,2023,292,358,Fairway
Sung Kang,2023,9,18,Bunker
Sungjae Im,2023,222,456,Other
Sungjae Im,2023,709,912,Fairway
Sungjae Im,2023,37,80,Bunker
Tano Goya,2023,271,441,Other
Tano Goya,2023,601,770,Fairway
Tano Goya,2023,22,40,Bunker
Taylor Montgomery,2023,270,557,Other
Taylor Montgomery,2023,590,771,Fairway
Taylor Montgomery,2023,43,88,Bunker
Taylor Moore,2023,258,528,Other
Taylor Moore,2023,600,781,Fairway
Taylor Moore,2023,42,88,Bunker
Taylor Pendrith,2023,301,540,Other
Taylor Pendrith,2023,630,767,Fairway
Taylor Pendrith,2023,42,72,Bunker
Thomas Detry,2023,276,519,Other
Thomas Detry,2023,614,796,Fairway
Thomas Detry,2023,26,62,Bunker
Tom Hoge,2023,267,501,Other
Tom Hoge,2023,678,855,Fairway
Tom Hoge,2023,37,89,Bunker
Tom Kim,2023,183,354,Other
Tom Kim,2023,681,845,Fairway
Tom Kim,2023,29,53,Bunker
Tommy Fleetwood,2023,158,330,Other
Tommy Fleetwood,2023,490,633,Fairway
Tommy Fleetwood,2023,28,61,Bunker
Tony Finau,2023,191,393,Other
Tony Finau,2023,583,709,Fairway
Tony Finau,2023,38,66,Bunker
Trevor Cone,2023,304,494,Other
Trevor Cone,2023,501,613,Fairway
Trevor Cone,2023,19,36,Bunker
Trevor Werbylo,2023,287,510,Other
Trevor Werbylo,2023,438,591,Fairway
Trevor Werbylo,2023,23,48,Bunker
Trey Mullinax,2023,232,450,Other
Trey Mullinax,2023,389,485,Fairway
Trey Mullinax,2023,19,57,Bunker
Troy Merritt,2023,188,367,Other
Troy Merritt,2023,634,842,Fairway
Troy Merritt,2023,35,70,Bunker
Tyler Duncan,2023,205,372,Other
Tyler Duncan,2023,707,886,Fairway
Tyler Duncan,2023,27,56,Bunker
Tyrrell Hatton,2023,195,371,Other
Tyrrell Hatton,2023,493,644,Fairway
Tyrrell Hatton,2023,43,69,Bunker
Tyson Alexander,2023,282,547,Other
Tyson Alexander,2023,523,702,Fairway
Tyson Alexander,2023,43,68,Bunker
Viktor Hovland,2023,212,388,Other
Viktor Hovland,2023,618,779,Fairway
Viktor Hovland,2023,16,56,Bunker
Vincent Norrman,2023,238,447,Other
Vincent Norrman,2023,558,682,Fairway
Vincent Norrman,2023,27,50,Bunker
Webb Simpson,2023,121,237,Other
Webb Simpson,2023,369,493,Fairway
Webb Simpson,2023,27,63,Bunker
Wesley Bryan,2023,158,290,Other
Wesley Bryan,2023,288,361,Fairway
Wesley Bryan,2023,11,18,Bunker
Will Gordon,2023,315,539,Other
Will Gordon,2023,771,947,Fairway
Will Gordon,2023,22,52,Bunker
William McGirt,2023,112,235,Other
William McGirt,2023,381,487,Fairway
William McGirt,2023,6,19,Bunker
Wyndham Clark,2023,319,571,Other
Wyndham Clark,2023,620,771,Fairway
Wyndham Clark,2023,30,62,Bunker
Xander Schauffele,2023,202,410,Other
Xander Schauffele,2023,523,643,Fairway
Xander Schauffele,2023,43,66,Bunker
Zac Blair,2023,152,314,Other
Zac Blair,2023,564,735,Fairway
Zac Blair,2023,9,30,Bunker
Zach Johnson,2023,148,277,Other
Zach Johnson,2023,476,623,Fairway
Zach Johnson,2023,21,46,Bunker
Zecheng Dou,2023,288,550,Other
Zecheng Dou,2023,603,734,Fairway
Zecheng Dou,2023,33,63,Bunker
