"Name","Position","Team","GP","GS","MIN","PTS","OR","DR","REB","AST","STL","BLK","TO","PF","AST/TO","PER","FGM","FGA","FG%","3PM","3PA","3P%","FTM","FTA","FT%","2PM","2PA","2P%","SC-EFF","SH-EFF"
"Trae Young","PG","atl",76,76,34.9,28.4,0.7,3.1,3.7,9.7,0.9,0.1,4,1.7,2.4,25.48,9.4,20.3,46,3.1,8,38.2,6.6,7.3,90.4,6.3,12.3,51.2,1.396,0.54
"John Collins","PF","atl",54,53,30.8,16.2,1.7,6.1,7.8,1.8,0.6,1,1.1,3,1.6,18.75,6.3,11.9,52.6,1.2,3.3,36.4,2.5,3.1,79.3,5.1,8.7,58.8,1.36,0.58
"Bogdan Bogdanovic","SG","atl",63,27,29.3,15.1,0.5,3.5,4,3.1,1.1,0.2,1.1,2.1,2.8,15.49,5.4,12.6,43.1,2.7,7.3,36.8,1.5,1.8,84.3,2.7,5.3,51.6,1.196,0.54
"De'Andre Hunter","SF","atl",53,52,29.8,13.4,0.5,2.8,3.3,1.3,0.7,0.4,1.3,2.9,1,10.66,4.8,10.8,44.2,1.4,3.7,37.9,2.4,3.1,76.5,3.4,7.2,47.4,1.233,0.51
"Kevin Huerter","SG","atl",74,60,29.6,12.1,0.4,3,3.4,2.7,0.7,0.4,1.2,2.5,2.2,11.91,4.7,10.3,45.4,2.2,5.6,38.9,0.6,0.7,80.8,2.5,4.7,53,1.174,0.56
"Cam Reddish","SF","atl",34,7,23.4,11.9,0.6,1.9,2.5,1.1,1,0.3,1.3,1.3,0.9,12.85,4.1,10.1,40.2,1.7,4.5,37.9,2.1,2.4,90,2.4,5.6,42.1,1.184,0.49
"Danilo Gallinari","F","atl",66,18,25.3,11.7,0.5,4.1,4.7,1.5,0.4,0.2,0.6,1.4,2.7,14.35,3.9,9,43.4,1.7,4.5,38.1,2.1,2.4,90.4,2.2,4.6,48.5,1.291,0.53
"Cameron Oliver","F","atl",2,0,21.5,11.5,1,2,3,1.5,0.5,0.5,0,2.5,Inf,21.49,5,7.5,66.7,0.5,1.5,33.3,1,1.5,66.7,4.5,6,75,1.533,0.7
"Clint Capela","C","atl",74,73,27.6,11.1,3.8,8.1,11.9,1.2,0.7,1.3,0.6,2.2,2.1,21.43,5,8.2,61.3,0,0,0,1.1,2.3,47.3,5,8.1,61.4,1.358,0.61
"Chaundee Brown Jr.","G","atl",3,2,27.7,9.7,0.3,4.3,4.7,1.3,0.7,0,0,2.3,Inf,10.3,3,8.3,36,2,5,40,1.7,2,83.3,1,3.3,30,1.16,0.48
"Onyeka Okongwu","PF","atl",48,6,20.7,8.2,2.4,3.5,5.9,1.1,0.6,1.3,0.9,3.1,1.2,19.89,3.3,4.7,69,0,0,0,1.7,2.3,72.7,3.3,4.7,69,1.735,0.69
"Wes Iwundu","SF","atl",3,1,27.3,7.3,1,3.3,4.3,0,0.3,0,0.3,2.7,0,7.18,2.7,6,44.4,1,1.7,60,1,1.3,75,1.7,4.3,38.5,1.222,0.53
"Lou Williams","SG","atl",56,0,14.3,6.3,0.3,1.3,1.6,1.9,0.5,0.1,0.8,0.9,2.4,12.17,2.2,5.7,39.1,0.7,1.8,36.3,1.2,1.4,85.9,1.6,3.9,40.4,1.106,0.45
"Malcolm Hill","F","atl",3,0,15.3,5.7,0.7,1.3,2,0.3,1.3,0.3,0,2.3,Inf,19.01,1.7,2.7,62.5,1,1.7,60,1.3,1.3,100,0.7,1,66.7,2.125,0.81
"Delon Wright","SG","atl",77,8,18.9,4.4,0.6,2.2,2.9,2.4,1.2,0.2,0.6,0.7,4.2,13.81,1.6,3.5,45.4,0.6,1.5,37.9,0.7,0.8,85.7,1,2,51,1.271,0.54
"Timothe Luwawu-Cabarrot","SG","atl",52,18,13.2,4.4,0.3,1.3,1.6,0.8,0.3,0.1,0.4,1.5,2,9.36,1.4,3.6,39.8,0.8,2.3,36.1,0.7,0.8,85.4,0.6,1.2,46.9,1.22,0.52
"Gorgui Dieng","C","atl",44,3,8.4,3.5,0.7,2,2.8,0.8,0.3,0.3,0.5,1.2,1.7,17.38,1.2,2.5,47.3,0.7,1.5,42.6,0.4,0.6,73.1,0.5,1,54.5,1.375,0.6
"Skylar Mays","SG","atl",28,5,7.9,2.9,0.2,0.7,0.9,0.6,0.3,0,0.4,0.3,1.7,11.76,1.1,2.3,50,0.3,0.9,32,0.3,0.3,88.9,0.9,1.4,61.5,1.25,0.56
"Kevin Knox II","F","atl",17,0,6.6,2.7,0.4,0.9,1.3,0.4,0.1,0.1,0.1,0.8,3.5,10.04,0.9,2.6,35.6,0.3,1.5,19.2,0.5,0.7,75,0.6,1.1,57.9,1.022,0.41
"Jalen Johnson","SF","atl",22,0,5.5,2.4,0.1,1.1,1.2,0.1,0.1,0.1,0.4,0.4,0.3,11.34,1,1.9,53.7,0.1,0.6,23.1,0.2,0.3,71.4,0.9,1.3,67.9,1.268,0.57
"Lance Stephenson","G","atl",6,0,11.7,1.8,0.2,2.3,2.5,1.8,0,0,0.7,1.3,2.8,4.53,0.8,2.2,38.5,0,0.5,0,0.2,0.3,50,0.8,1.7,50,0.846,0.38
"Solomon Hill","SF","atl",13,1,10.7,0.6,0.5,1.3,1.8,0.9,0.3,0.2,0.1,1.2,12,3.3,0.2,1.5,15,0.2,1,15.4,0,0,0,0.1,0.5,14.3,0.4,0.2
"Sharife Cooper","PG","atl",13,0,3,0.5,0,0.4,0.4,0.4,0,0,0.4,0.1,1,-5.39,0.2,1.1,21.4,0.1,0.5,16.7,0,0,0,0.2,0.6,25,0.5,0.25
"Cat Barber","G","atl",3,0,4.3,0,0.3,0.7,1,1,0,0,0.3,0.3,3,-11.22,0,1.3,0,0,0,0,0,1.3,0,0,1.3,0,0,0
"Jayson Tatum","SF","bos",76,76,35.9,26.9,1.1,6.9,8,4.4,1,0.6,2.9,2.3,1.5,21.87,9.3,20.6,45.3,3,8.6,35.3,5.3,6.2,85.3,6.3,12,52.4,1.308,0.53
"Jaylen Brown","SG","bos",66,66,33.6,23.6,0.8,5.3,6.1,3.5,1.1,0.3,2.7,2.5,1.3,18.98,8.7,18.4,47.3,2.5,7,35.8,3.7,4.8,75.8,6.2,11.4,54.4,1.281,0.54
"Dennis Schroder","PG","bos",49,25,29.2,14.4,0.6,2.8,3.3,4.2,0.8,0.1,2.1,2.4,2,13.55,5.2,11.9,44,1.4,3.9,34.9,2.5,3,84.8,3.9,8,48.5,1.205,0.5
"Marcus Smart","PG","bos",71,71,32.3,12.1,0.6,3.2,3.8,5.9,1.7,0.3,2.2,2.3,2.6,13.67,4.2,10.1,41.8,1.7,5.1,33.1,2,2.5,79.3,2.5,5,50.6,1.199,0.5
"Derrick White","PG","bos",26,4,27.4,11,0.5,2.8,3.3,3.5,0.6,0.6,1.2,2.2,3,13.01,3.6,8.8,40.9,1.3,4.3,30.6,2.5,2.9,85.3,2.3,4.6,50.4,1.243,0.48
"Al Horford","C","bos",69,69,29.1,10.2,1.6,6.1,7.7,3.4,0.7,1.3,0.9,1.9,3.6,16.71,3.9,8.2,46.7,1.3,3.8,33.6,1.2,1.4,84.2,2.6,4.4,58.2,1.232,0.55
"Robert Williams III","C","bos",61,61,29.6,10,3.9,5.7,9.6,2,0.9,2.2,1,2.2,1.9,22.1,4.4,6,73.6,0,0,0,1.1,1.5,72.2,4.4,6,73.8,1.649,0.74
"Josh Richardson","SG","bos",44,0,24.7,9.7,0.6,2.3,2.8,1.5,0.8,0.5,0.9,1.9,1.7,12.2,3.5,7.8,44.3,1.4,3.5,39.7,1.4,1.6,85.9,2,4.3,48.1,1.245,0.53
"Daniel Theis","C","bos",21,6,18.7,7.9,1.3,3.4,4.7,1,0.4,0.7,0.7,2.3,1.4,17.19,3.2,5.3,59.8,0.5,1.3,35.7,1,1.5,68.8,2.7,4,67.9,1.482,0.64
"Grant Williams","PF","bos",77,21,24.4,7.8,0.8,2.7,3.6,1,0.5,0.7,0.8,2.4,1.3,11.26,2.7,5.6,47.5,1.4,3.4,41.1,1.1,1.2,90.5,1.3,2.3,56.9,1.394,0.6
"Payton Pritchard","PG","bos",71,2,14.1,6.2,0.5,1.4,1.9,2,0.3,0.1,0.6,0.9,3.4,14.95,2.3,5.3,42.9,1.4,3.5,41.2,0.3,0.3,100,0.8,1.8,46.1,1.185,0.56
"Romeo Langford","SG","bos",44,5,16.5,4.7,0.7,1.7,2.4,0.4,0.5,0.4,0.4,1,1.2,9.32,1.8,4.2,42.9,0.7,1.9,34.9,0.5,0.8,58.8,1.1,2.3,49.5,1.125,0.51
"Jabari Parker","PF","bos",12,0,9.3,4.4,0.4,1.9,2.3,0.5,0.3,0.1,0.7,1.1,0.8,14.86,1.5,3.2,47.4,0.7,1.3,50,0.8,0.8,100,0.8,1.8,45.5,1.395,0.58
"Aaron Nesmith","SF","bos",52,3,11,3.8,0.3,1.4,1.7,0.4,0.4,0.1,0.6,1.3,0.7,7.35,1.4,3.5,39.6,0.6,2.2,27,0.4,0.5,80.8,0.8,1.3,61.2,1.077,0.48
"Enes Freedom","C","bos",35,1,11.7,3.7,1.7,2.8,4.6,0.2,0.1,0.4,0.6,1.2,0.4,15.03,1.5,2.8,52.6,0.1,0.1,40,0.7,0.8,85.7,1.4,2.6,53.3,1.32,0.54
"Matt Ryan","F","bos",1,0,5,3,0,0,0,0,1,0,0,0,0,3.56,1,5,20,1,5,20,0,0,0,0,0,0,0.6,0.3
"Sam Hauser","SF","bos",26,0,6.1,2.5,0.2,0.9,1.1,0.4,0,0.1,0.1,0.3,5,14.8,0.9,1.9,46,0.7,1.7,43.2,0,0,0,0.2,0.2,66.7,1.3,0.65
"Luke Kornet","F","bos",12,0,7.1,2.2,0.8,1.3,2.1,0.7,0.3,0.2,0,0.6,Inf,19.42,1,1.8,57.1,0,0.3,0,0.2,0.3,66.7,1,1.4,70.6,1.238,0.57
"Joe Johnson","G","bos",1,0,2,2,0,0,0,0,0,0,0,0,0,38.92,1,1,100,0,0,0,0,0,0,1,1,100,2,1
"Justin Jackson","F","bos",1,0,2,2,0,0,0,0,0,0,0,0,0,22.67,0,1,0,0,0,0,2,2,100,0,1,0,2,0
"Malik Fitts","F","bos",8,0,3.5,1.9,0.3,0.6,0.9,0.6,0,0,0,0.1,Inf,26.15,0.8,1.3,60,0.4,0.8,50,0,0,0,0.4,0.5,75,1.5,0.75
"Brodric Thomas","G","bos",12,0,5,1.8,0.2,0.7,0.8,0.9,0.1,0.1,0.5,0.6,1.8,10.05,0.7,1.5,44.4,0.2,0.8,22.2,0.3,0.4,60,0.5,0.8,66.7,1.167,0.5
"Nik Stauskas","G","bos",6,0,2.5,1.2,0,0,0,0.2,0,0,0.2,0,1,6.25,0.3,1,33.3,0.3,1,33.3,0.2,0.3,50,0,0,0,1.167,0.5
"Juancho Hernangomez","F","bos",18,0,5.3,1.1,0.5,0.9,1.4,0.2,0.2,0.1,0.3,0.4,0.5,3.8,0.3,1.5,18.5,0.2,1,16.7,0.3,0.5,66.7,0.1,0.5,22.2,0.704,0.24
"Bruno Fernando","F","bos",20,0,2.9,1,0.4,0.4,0.8,0.2,0,0.2,0.3,0.3,0.8,12.63,0.4,0.7,50,0.1,0.1,100,0.2,0.3,80,0.3,0.7,46.2,1.357,0.54
"CJ Miles","G","bos",1,0,2,0,0,0,0,0,0,0,0,1,0,-7.73,0,0,0,0,0,0,0,0,0,0,0,0,0,0
"Kelan Martin","SG","bos",3,0,2,0,0.3,0.3,0.7,0,0,0,0,0,0,-11.27,0,1,0,0,0.3,0,0,0,0,0,0.7,0,0,0
"Juwan Morgan","F","bos",1,0,4,0,0,0,0,0,0,0,0,0,0,0,0,0,0,0,0,0,0,0,0,0,0,0,0,0
"Kevin Durant","PF","bkn",55,55,37.2,29.9,0.5,6.9,7.4,6.4,0.9,0.9,3.5,2.1,1.8,25.69,10.5,20.3,51.8,2.1,5.5,38.3,6.8,7.4,91,8.4,14.8,56.8,1.474,0.57
"Kyrie Irving","PG","bkn",29,29,37.7,27.4,0.6,3.8,4.4,5.8,1.4,0.6,2.5,2.8,2.3,21.49,10,21.2,46.9,3.4,8.2,41.8,4.1,4.4,91.5,6.5,13,50.1,1.292,0.55
"James Harden","SG","bkn",44,44,37,22.5,1,7,8,10.2,1.3,0.7,4.8,2.4,2.1,20.48,6.6,16,41.4,2.3,7,33.2,6.9,8,86.9,4.3,9.1,47.6,1.402,0.49
"Seth Curry","SG","bkn",19,19,29.9,14.9,0.2,2.4,2.6,2.6,0.9,0.2,1.3,2.5,2,14.61,5.5,11.1,49.3,3.1,6.5,46.8,0.9,1.1,85.7,2.4,4.6,52.9,1.346,0.63
"LaMarcus Aldridge","C","bkn",47,12,22.3,12.9,1.6,3.9,5.5,0.9,0.3,1,0.9,1.7,1,19.69,5.4,9.7,55,0.3,1,30.4,1.9,2.2,87.3,5.1,8.8,57.8,1.325,0.57
"Andre Drummond","C","bkn",24,24,22.3,11.8,3.9,6.4,10.3,1.4,0.9,1,1.5,3,0.9,23.85,5,8.1,61,0,0,0,1.8,3.4,53.7,5,8.1,61.3,1.446,0.61
"Patty Mills","PG","bkn",81,48,29,11.4,0.2,1.7,1.9,2.3,0.6,0.2,0.9,1.4,2.5,10.43,4,9.8,40.8,2.8,7,40,0.6,0.7,81.4,1.2,2.8,42.9,1.162,0.55
"Joe Harris","SF","bkn",14,14,30.2,11.3,0.4,3.6,4,1,0.5,0.1,1.1,2.2,0.9,9.64,4,8.9,45.2,2.9,6.3,46.6,0.4,0.4,83.3,1.1,2.6,41.7,1.274,0.62
"Bruce Brown","SF","bkn",72,45,24.6,9,1.4,3.4,4.8,2.1,1.1,0.7,0.8,2.4,2.6,15.03,3.6,7,50.6,0.5,1.3,40.4,1.3,1.8,75.8,3,5.7,52.9,1.279,0.54
"Nic Claxton","PF","bkn",47,19,20.7,8.7,1.9,3.7,5.6,0.9,0.5,1.1,0.8,2.3,1.1,18.66,3.8,5.6,67.4,0,0,0,1.1,2,58.1,3.8,5.6,67.4,1.553,0.67
"Cam Thomas","SG","bkn",67,2,17.6,8.5,0.2,2.2,2.4,1.2,0.5,0.1,0.8,1,1.4,11.8,3.3,7.5,43.3,0.7,2.6,27,1.3,1.6,82.9,2.6,4.9,52,1.133,0.48
"Goran Dragic","PG","bkn",16,6,25.5,7.3,0.7,2.5,3.2,4.8,0.9,0.2,2.1,2.3,2.3,8.63,2.8,7.3,37.6,0.8,3.1,24.5,1.1,1.4,73.9,2,4.3,47.1,1,0.43
"Blake Griffin","PF","bkn",56,24,17.1,6.4,1.1,3,4.1,1.9,0.5,0.3,0.6,1.7,3.4,13.77,2.4,5.6,42.5,0.7,2.6,26.2,1,1.4,72.4,1.7,3,56.5,1.147,0.49
"Day'Ron Sharpe","C","bkn",32,8,12.2,6.2,2.5,2.5,5,0.5,0.3,0.5,0.9,1.9,0.6,20.74,2.7,4.7,57.7,0.1,0.2,28.6,0.8,1.3,58.5,2.6,4.4,59.2,1.329,0.58
"Kessler Edwards","SF","bkn",48,23,20.6,5.9,0.9,2.7,3.6,0.6,0.6,0.5,0.9,1.8,0.7,8.36,2.3,5.6,41.2,1,2.8,35.3,0.3,0.4,84.2,1.3,2.7,47.3,1.064,0.5
"DeAndre' Bembry","SG","bkn",48,20,19.8,5.8,0.8,2.4,3.2,1.3,1,0.5,0.6,2.2,2,12.47,2.5,4.4,56.8,0.3,0.8,41.7,0.4,0.7,60,2.2,3.7,59.9,1.305,0.6
"James Johnson","PF","bkn",62,10,19.2,5.5,0.8,2.6,3.5,2.1,0.5,0.5,0.8,2.6,2.7,10.29,2.3,5,46.9,0.4,1.4,27.1,0.5,0.9,52.7,2,3.6,54.5,1.107,0.51
"David Duke Jr.","SF","bkn",22,7,15.5,4.7,1.4,1.7,3,0.8,0.6,0.3,0.4,1.6,1.9,10.07,1.8,4.9,36.1,0.4,1.7,24.3,0.8,1,81,1.4,3.2,42.3,0.963,0.4
"Jevon Carter","PG","bkn",46,1,12,3.6,0.2,1.3,1.5,1,0.3,0.2,0.6,1,1.8,6.57,1.3,3.8,33.3,0.9,2.8,33.1,0.2,0.2,70,0.3,1,34,0.948,0.45
"Paul Millsap","PF","bkn",24,0,11.3,3.4,1.2,2.5,3.7,1,0.2,0.5,0.5,2,2.2,11.19,1.3,3.5,37.6,0.3,1.1,22.2,0.5,0.7,70.6,1.1,2.4,44.8,0.965,0.41
"Langston Galloway","SG","bkn",4,0,14.5,3,0.3,1.8,2,1.3,0,0,1.3,1.3,1,1.88,1.3,3.3,38.5,0.5,2,25,0,0,0,0.8,1.3,60,0.923,0.46
"James Ennis III","F","bkn",2,0,7,2.5,1,1.5,2.5,0,0.5,0.5,0,0,0,14.73,1,3.5,28.6,0.5,1,50,0,0,0,0.5,2.5,20,0.714,0.36
"Shaquille Harrison","G","bkn",2,0,11.5,2,0.5,1.5,2,1.5,0.5,0.5,1,1.5,1.5,4.62,1,3,33.3,0,1,0,0,0,0,1,2,50,0.667,0.33
"Wenyen Gabriel","F","bkn",1,0,1,0,0,1,1,0,0,0,0,0,0,11.71,0,0,0,0,0,0,0,0,0,0,0,0,0,0
"Miles Bridges","SF","cha",80,80,35.5,20.2,1.1,5.9,7,3.8,0.9,0.8,1.9,2.4,2,17.97,7.5,15.2,49.1,1.9,5.8,33.1,3.3,4.2,80.2,5.5,9.4,59,1.329,0.55
"LaMelo Ball","PG","cha",75,75,32.3,20.1,1.4,5.2,6.7,7.6,1.6,0.4,3.3,3.2,2.3,19.76,7.2,16.7,42.9,2.9,7.5,38.9,2.8,3.2,87.2,4.2,9.2,46.2,1.203,0.52
"Terry Rozier","SG","cha",73,73,33.7,19.3,0.8,3.5,4.3,4.5,1.3,0.3,1.3,1.6,3.4,17.62,7.1,16,44.4,3,8.1,37.4,2.1,2.4,85.2,4.1,7.9,51.6,1.207,0.54
"Gordon Hayward","SF","cha",49,48,31.9,15.9,0.8,3.8,4.6,3.6,1,0.4,1.7,1.7,2.2,15.11,5.8,12.6,45.9,1.8,4.5,39.1,2.6,3,84.6,4,8.1,49.6,1.261,0.53
"Kelly Oubre Jr.","SG","cha",76,13,26.3,15,1,2.9,4,1.1,1,0.4,0.9,2.5,1.3,15.01,5.4,12.3,44,2.5,7.3,34.5,1.7,2.5,66.7,2.9,5,57.8,1.22,0.54
"Montrezl Harrell","C","cha",25,0,20.9,11.4,2.1,2.8,4.9,2,0.4,0.5,0.9,2,2.2,21.83,4.4,6.9,64.5,0,0.1,0,2.5,3.6,69.2,4.4,6.8,65.3,1.657,0.65
"P.J. Washington","PF","cha",65,28,27.2,10.3,1.3,3.9,5.2,2.3,0.9,0.9,1.3,2.3,1.8,13.6,3.8,8.2,47,1.7,4.6,36.5,0.9,1.2,71.6,2.2,3.6,60.6,1.256,0.57
"Isaiah Thomas","G","cha",17,0,12.9,8.3,0.2,1.1,1.2,1.4,0.4,0.2,0.6,1.3,2.4,16.12,3.1,7.1,43.3,1.4,3.4,39.7,0.8,0.9,93.3,1.7,3.6,46.8,1.175,0.53
"Cody Martin","SF","cha",71,11,26.3,7.7,1.2,2.9,4,2.5,1.2,0.5,0.9,1.6,2.9,12.73,2.9,6,48.2,0.9,2.2,38.4,1.1,1.5,70.1,2,3.7,54.2,1.286,0.55
"Mason Plumlee","C","cha",73,73,24.6,6.5,2.4,5.3,7.7,3.1,0.8,0.7,1.4,3.1,2.3,14.72,2.8,4.4,64.1,0,0,0,0.9,2.3,39.2,2.8,4.4,64.5,1.491,0.64
"Jalen McDaniels","PF","cha",55,2,16.3,6.2,0.7,2.4,3.1,1.1,0.5,0.4,0.7,1.7,1.6,12.78,2.2,4.6,48.4,0.7,2,38,1,1.3,73.6,1.5,2.7,56.2,1.339,0.56
"James Bouknight","SG","cha",31,0,9.8,4.6,0.7,1,1.7,0.8,0.2,0,0.5,0.9,1.7,10.14,1.6,4.5,34.8,0.5,1.6,34.7,0.9,1,87.1,1,3,34.8,1.007,0.41
"Ish Smith","PG","cha",37,1,13.8,4.5,0.3,1.2,1.5,2.6,0.5,0.3,1,0.9,2.7,9.65,2,5,39.5,0.3,0.7,40,0.3,0.5,63.2,1.7,4.3,39.4,0.908,0.42
"Nick Richards","C","cha",50,5,7.3,3,0.7,1,1.7,0.3,0.2,0.4,0.5,1,0.5,15.98,1.2,1.8,66.7,0,0,0,0.6,0.9,69.8,1.2,1.8,66.7,1.667,0.67
"JT Thor","PF","cha",33,0,7.9,2,0.3,1,1.3,0.6,0.2,0.3,0.3,0.8,1.9,9.73,0.7,1.7,43.6,0.2,0.8,25.9,0.4,0.6,60,0.5,0.8,60.7,1.218,0.5
"Vernon Carey Jr.","C","cha",4,1,4.3,2,0.8,0.5,1.3,0,0.3,0,0.3,0.3,0,17.22,0.8,1.5,50,0,0,0,0.5,0.8,66.7,0.8,1.5,50,1.333,0.5
"Kai Jones","PF","cha",21,0,3,1,0.1,0.4,0.5,0.2,0,0.1,0.3,0.4,0.7,9.26,0.4,0.7,64.3,0,0.1,50,0.1,0.4,37.5,0.4,0.6,66.7,1.571,0.68
"Scottie Lewis","SG","cha",2,0,3.5,0.5,0,0,0,0.5,0.5,0,0,0,Inf,14.61,0,0,0,0,0,0,0.5,1,50,0,0,0,0,0
"Arnoldas Kulboka","PF","cha",2,0,2.5,0,0,0,0,0,0,0,0,0.5,0,-10.69,0,0.5,0,0,0.5,0,0,0,0,0,0,0,0,0
"DeMar DeRozan","SF","chi",76,76,36.1,27.9,0.7,4.4,5.2,4.9,0.9,0.3,2.4,2.3,2.1,23.13,10.2,20.2,50.4,0.7,1.9,35.2,6.8,7.8,87.7,9.5,18.3,52,1.38,0.52
"Zach LaVine","SG","chi",67,67,34.7,24.4,0.3,4.3,4.6,4.5,0.6,0.3,2.6,1.8,1.8,20.08,8.4,17.7,47.6,2.8,7.1,38.9,4.8,5.6,85.3,5.7,10.6,53.4,1.379,0.55
"Nikola Vucevic","C","chi",73,73,33.1,17.6,1.9,9.1,11,3.2,1,1,1.9,2.5,1.7,18.27,7.5,15.8,47.3,1.4,4.5,31.4,1.3,1.7,76,6.1,11.3,53.7,1.116,0.52
"Lonzo Ball","PG","chi",35,35,34.6,13,1,4.4,5.4,5.1,1.8,0.9,2.3,2.4,2.2,14.49,4.6,10.9,42.3,3.1,7.4,42.3,0.6,0.8,75,1.5,3.5,42.3,1.188,0.57
"Coby White","PG","chi",61,17,27.5,12.7,0.3,2.7,3,2.9,0.5,0.2,1.1,2.2,2.5,12.6,4.6,10.6,43.3,2.2,5.8,38.5,1.3,1.5,85.7,2.3,4.8,49.1,1.199,0.54
"Patrick Williams","PF","chi",17,9,24.8,9,1,3.1,4.1,0.9,0.5,0.5,0.9,1.6,0.9,12.76,3.2,6,52.9,0.9,1.7,51.7,1.8,2.4,73.2,2.3,4.3,53.4,1.5,0.6
"Ayo Dosunmu","SG","chi",77,40,27.4,8.8,0.4,2.4,2.8,3.3,0.8,0.4,1.4,2.4,2.4,11.23,3.6,6.9,52,0.9,2.4,37.6,0.7,1,67.9,2.7,4.5,59.6,1.269,0.59
"Alex Caruso","SG","chi",41,18,28,7.4,0.8,2.8,3.6,4,1.7,0.4,1.4,2.6,2.9,11.75,2.5,6.2,39.8,1,3.1,33.3,1.4,1.8,79.5,1.5,3.2,46.2,1.188,0.48
"Javonte Green","SF","chi",65,45,23.4,7.2,1.4,2.8,4.2,0.9,1,0.5,0.5,2,2,14.05,2.7,5,54.2,0.6,1.6,35.6,1.2,1.5,83.3,2.2,3.4,62.5,1.44,0.6
"Tristan Thompson","C","chi",23,3,16.3,5.7,1.8,3,4.7,0.6,0.5,0.3,0.5,1.7,1.2,15.08,2.3,4,56.5,0,0.1,0,1.1,2.1,54.2,2.3,3.9,57.8,1.413,0.57
"Derrick Jones Jr.","SF","chi",51,8,17.6,5.6,1.2,2.1,3.3,0.6,0.5,0.6,0.6,2.1,1,12.98,2.1,3.8,53.8,0.4,1.2,32.8,1.1,1.4,80,1.7,2.6,63.4,1.467,0.59
"Troy Brown Jr.","SF","chi",66,7,16,4.3,0.6,2.5,3.1,1,0.5,0.1,0.4,0.9,2.5,10.16,1.6,3.9,41.9,0.7,2,35.3,0.3,0.4,76.9,0.9,1.9,48.8,1.097,0.51
"Matt Thomas","SG","chi",40,0,11.5,4,0.1,1.2,1.3,0.5,0.2,0.1,0.2,0.5,2.5,9.89,1.4,3.4,41,0.9,2.3,38.5,0.4,0.5,80,0.5,1.1,46.5,1.201,0.54
"Alfonzo McKinnie","F","chi",17,3,12.1,3.5,0.8,1.2,1.9,0.3,0.1,0.2,0.4,1.5,0.7,5.68,1.4,3.6,39.3,0.5,1.6,33.3,0.1,0.5,25,0.9,2,44.1,0.967,0.47
"Malcolm Hill","F","chi",16,0,10.4,3.4,0.6,1.3,1.8,0.4,0.2,0.1,0.2,1.1,2.3,11.01,1.2,2.8,43.2,0.6,1.9,32.3,0.4,0.6,70,0.6,0.8,69.2,1.25,0.55
"Tyler Cook","F","chi",20,2,10,3.4,0.8,1.9,2.7,0.2,0.2,0.2,0.4,1.4,0.4,13.04,1.2,1.9,60.5,0,0,0,1.1,1.6,65.6,1.2,1.9,60.5,1.763,0.61
"Tony Bradley","C","chi",55,7,10,3,1.2,2.2,3.4,0.5,0.2,0.6,0.6,1.1,0.8,14.94,1.3,2.2,58.5,0,0,0,0.3,0.5,65.5,1.3,2.2,58.5,1.325,0.59
"Devon Dotson","PG","chi",11,0,7.7,2.6,0.1,0.7,0.8,1.4,0.1,0,0.5,1,3,9.88,1,2.1,47.8,0.2,0.8,22.2,0.5,0.8,55.6,0.8,1.3,64.3,1.261,0.52
"Mac McClung","SG","chi",1,0,3,2,0,0,0,0,0,0,1,0,0,8.88,1,1,100,0,0,0,0,0,0,1,1,100,2,1
"Marko Simonovic","C","chi",9,0,3.9,1.9,0.6,0.6,1.1,0,0.1,0.1,0.2,0.7,0,10.21,0.4,1.7,26.7,0.1,0.6,20,0.9,1.2,72.7,0.3,1.1,30,1.133,0.3
"Alize Johnson","F","chi",16,0,7.6,1.8,1,1.3,2.3,0.5,0.2,0,0.5,0.9,1,10.26,0.8,1.4,52.2,0,0.1,0,0.3,0.4,57.1,0.8,1.3,57.1,1.217,0.52
"Jordan Bell","F","chi",1,0,2,0,1,0,1,0,1,0,0,2,0,29.91,0,0,0,0,0,0,0,0,0,0,0,0,0,0
"Darius Garland","PG","cle",68,68,35.7,21.7,0.6,2.7,3.3,8.6,1.3,0.1,3.6,1.7,2.4,19.04,8,17.3,46.2,2.6,6.7,38.3,3.2,3.5,89.2,5.4,10.6,51.2,1.256,0.54
"Jarrett Allen","C","cle",56,56,32.3,16.1,3.4,7.3,10.8,1.6,0.8,1.3,1.7,1.7,1,23.08,6.6,9.7,67.7,0,0.2,10,2.9,4.2,70.8,6.6,9.6,68.8,1.659,0.68
"Collin Sexton","PG","cle",11,11,28.7,16,1.2,2.1,3.3,2.1,0.9,0,2.8,2.3,0.7,11.27,6.2,13.7,45,1,4.1,24.4,2.6,3.5,74.4,5.2,9.6,53.8,1.166,0.49
"Evan Mobley","C","cle",69,69,33.8,15,2.1,6.2,8.3,2.5,0.8,1.7,1.9,2.1,1.3,16.15,6.1,12,50.8,0.3,1.3,25,2.4,3.7,66.3,5.8,10.7,54.1,1.246,0.52
"Lauri Markkanen","PF","cle",61,61,30.8,14.8,1,4.7,5.7,1.3,0.7,0.5,0.9,2.1,1.5,14.76,5.1,11.5,44.5,2.2,6.2,35.8,2.3,2.6,86.8,2.9,5.3,54.8,1.28,0.54
"Kevin Love","PF","cle",74,4,22.5,13.6,1.2,6.1,7.2,2.2,0.4,0.2,1.3,1.4,1.6,19.67,4.4,10.3,43,2.5,6.4,39.2,2.2,2.7,83.8,1.9,3.8,49.3,1.323,0.55
"Caris LeVert","SG","cle",19,10,29.8,13.6,0.7,2.7,3.4,3.9,0.8,0.3,1.7,2.1,2.3,12.45,5.3,12.2,43.5,1.1,3.5,31.3,1.8,2.5,74.5,4.2,8.7,48.5,1.112,0.48
"Ricky Rubio","PG","cle",34,8,28.5,13.1,0.4,3.7,4.1,6.6,1.4,0.2,2.6,2.2,2.5,14.01,4.4,12.1,36.3,1.7,5.1,33.9,2.6,3,85.4,2.6,7,38,1.083,0.43
"Cedi Osman","SF","cle",66,3,22.2,10.7,0.4,1.8,2.2,2,0.8,0.2,1,1.9,2,13.33,3.7,8.7,43.2,1.9,5.4,35.7,1.3,2,66.4,1.8,3.2,55.9,1.24,0.54
"Isaac Okoro","SF","cle",67,61,29.6,8.8,1.1,1.9,3,1.8,0.8,0.3,0.9,2.4,2.1,10.39,3.1,6.4,48,0.8,2.3,35,1.8,2.3,76.8,2.3,4.1,55.5,1.364,0.54
"Malik Newman","G","cle",1,0,8,8,0,1,1,1,0,0,1,0,1,28.72,3,5,60,0,1,0,2,2,100,3,4,75,1.6,0.6
"Moses Brown","C","cle",14,5,12.6,6.4,1.6,3.6,5.3,0,0.3,0.5,0.4,1.8,0,21.47,2.6,4.1,63.8,0,0,0,1.1,2.1,55.2,2.6,4.1,63.8,1.552,0.64
"Rajon Rondo","PG","cle",21,1,19.4,6.2,0.2,2.6,2.8,4.9,0.9,0,1.6,1.5,3,13.93,2.1,5,42.9,1.1,2.8,39.7,0.9,1.1,75,1,2.2,46.8,1.248,0.54
"Lamar Stevens","F","cle",63,13,16.1,6.1,0.7,1.9,2.6,0.7,0.5,0.3,0.7,1.7,1.1,11.33,2.5,5.1,48.9,0.3,1,27.7,0.8,1.2,70.7,2.2,4,54.3,1.201,0.52
"Dean Wade","PF","cle",51,28,19.2,5.3,0.6,2.3,2.9,1,0.6,0.1,0.3,1.7,3.3,10.17,1.9,4.3,45.6,1,2.8,35.9,0.4,0.6,66.7,0.9,1.5,64,1.24,0.57
"Brandon Goodwin","G","cle",36,5,13.9,4.8,0.4,1.5,1.9,2.5,0.7,0,1,1.1,2.5,11.88,1.8,4.3,41.6,0.5,1.5,34.5,0.7,1.1,63.2,1.3,2.8,45.5,1.11,0.48
"Justin Anderson","F","cle",3,0,15.7,4.3,0,2,2,2,0.3,0,0.7,1.3,3,10.69,1.3,2.7,50,0.7,2,33.3,1,1.3,75,0.7,0.7,100,1.625,0.63
"Trevon Scott","F","cle",2,0,5.5,3,0.5,0.5,1,0,0.5,0.5,0,1,0,20.54,1.5,3,50,0,0.5,0,0,0,0,1.5,2.5,60,1,0.5
"Denzel Valentine","SG","cle",22,0,9.3,2.9,0.4,1.3,1.7,0.5,0.3,0,0.5,0.8,1.1,8.44,1,2.8,37.1,0.8,2,40.9,0,0,0,0.2,0.8,27.8,1.032,0.52
"Dylan Windler","SG","cle",50,0,9.2,2.2,0.4,1.4,1.8,0.7,0.3,0.1,0.3,0.9,2.1,8.8,0.7,2,37.8,0.4,1.4,30,0.3,0.4,83.3,0.3,0.6,57.1,1.122,0.48
"Luke Kornet","F","cle",2,0,7.5,2,1,0.5,1.5,0.5,0,0.5,0,0.5,Inf,8.74,0.5,2.5,20,0,0.5,0,1,1.5,66.7,0.5,2,25,0.8,0.2
"Kevin Pangos","G","cle",24,3,6.9,1.6,0.1,0.4,0.5,1.3,0.1,0,0.3,0.5,4.3,6.5,0.6,1.9,32.6,0.3,1.1,23.1,0.1,0.2,75,0.4,0.8,45,0.848,0.39
"Tacko Fall","C","cle",11,1,5.4,1.1,0.6,1.5,2.1,0.2,0,0.5,0.3,0.3,0.7,11.32,0.5,1.1,41.7,0,0,0,0.2,0.6,28.6,0.5,1.1,41.7,1,0.42
"RJ Nembhard Jr.","SG","cle",14,0,4.5,1.1,0.2,0.3,0.5,0.9,0.1,0,0.2,0.1,4,8.06,0.4,1.3,33.3,0,0.1,0,0.2,0.3,75,0.4,1.1,37.5,0.833,0.33
"Tim Frazier","PG","cle",2,0,4,1,0,0,0,0.5,0,0,1,1.5,0.5,-10.2,0.5,1,50,0,0,0,0,0,0,0.5,1,50,1,0.5
"Ed Davis","C","cle",31,3,6.5,0.9,0.5,1.6,2.1,0.2,0.1,0.3,0.2,1.1,1.4,9.35,0.4,0.5,68.8,0,0,0,0.2,0.5,42.9,0.4,0.5,68.8,1.75,0.69
"Luka Doncic","PG","dal",65,65,35.4,28.4,0.9,8.3,9.1,8.7,1.2,0.6,4.5,2.2,1.9,25.13,9.9,21.6,45.7,3.1,8.8,35.3,5.6,7.5,74.4,6.8,12.8,52.8,1.316,0.53
"Kristaps Porzingis","C","dal",34,34,29.5,19.2,1.9,5.8,7.7,2,0.7,1.7,1.6,2.6,1.3,21.86,6.7,14.9,45.1,1.4,5.1,28.3,4.3,5,86.5,5.3,9.9,53.7,1.287,0.5
"Jalen Brunson","PG","dal",79,61,31.9,16.3,0.5,3.4,3.9,4.8,0.8,0,1.6,1.9,3,17.14,6.4,12.8,50.2,1.2,3.2,37.3,2.3,2.7,84,5.2,9.6,54.5,1.275,0.55
"Spencer Dinwiddie","PG","dal",23,7,28.3,15.8,0.4,2.7,3.1,3.9,0.7,0.3,1.3,1.9,2.9,19.03,5.3,10.6,49.8,1.8,4.5,40.4,3.4,4.7,72.5,3.4,6,56.8,1.494,0.58
"Tim Hardaway Jr.","SF","dal",42,20,29.6,14.2,0.3,3.4,3.7,2.2,0.9,0.1,0.8,1.8,2.7,12.79,5,12.6,39.4,2.4,7.2,33.6,1.9,2.5,75.7,2.5,5.4,47.3,1.128,0.49
"Dorian Finney-Smith","PF","dal",80,80,33.1,11,1.5,3.2,4.7,1.9,1.1,0.5,1,2.3,1.9,12.56,4.1,8.7,47.1,2.2,5.4,39.5,0.7,1,67.5,1.9,3.2,59.9,1.272,0.6
"Dwight Powell","C","dal",82,71,21.9,8.7,2.1,2.8,4.9,1.2,0.5,0.5,0.8,2.7,1.5,18.1,3.3,4.9,67.1,0.2,0.5,35.1,2,2.6,78.3,3.1,4.4,70.3,1.788,0.69
"Reggie Bullock","SF","dal",68,37,28,8.6,0.5,3.1,3.5,1.2,0.6,0.2,0.6,1.6,2.1,9.25,3,7.4,40.1,2.1,5.8,36,0.6,0.7,83.3,0.9,1.6,55,1.164,0.54
"Maxi Kleber","PF","dal",59,21,24.6,7,1.2,4.7,5.9,1.2,0.5,1,0.8,2.3,1.4,10.98,2.4,6,39.8,1.4,4.3,32.5,0.8,1.1,70.8,1,1.7,58.6,1.161,0.52
"Brandon Knight","PG","dal",5,0,13,6.4,0,1.6,1.6,1.6,0.2,0,0.8,1,2,13,2,5,40,0.8,3.4,23.5,1.6,1.6,100,1.2,1.6,75,1.28,0.48
"Isaiah Thomas","G","dal",1,0,13,6,0,0,0,4,0,0,0,0,Inf,12.65,3,8,37.5,0,3,0,0,0,0,3,5,60,0.75,0.38
"Davis Bertans","SF","dal",22,0,13.9,5.3,0.3,2.3,2.5,0.7,0.3,0.3,0.2,1.4,3,11.2,1.8,4.7,37.5,1.4,3.9,36,0.4,0.5,80,0.4,0.8,44.4,1.125,0.52
"Trey Burke","PG","dal",42,0,10.5,5.1,0.1,0.7,0.8,1.4,0.3,0,0.6,0.9,2.2,10.04,2,5.1,39.1,0.6,2,31.7,0.5,0.5,87,1.4,3.2,43.6,0.995,0.45
"Josh Green","SG","dal",67,3,15.5,4.8,0.8,1.6,2.4,1.2,0.7,0.2,0.7,1.7,1.8,11.95,1.9,3.8,50.8,0.4,1.2,35.9,0.5,0.7,68.9,1.5,2.7,57.3,1.246,0.56
"Marquese Chriss","SF","dal",34,0,10.2,4.5,1,2.1,3,0.5,0.4,0.4,0.5,1.9,1,14.84,1.8,3.9,46.3,0.2,0.7,32,0.6,1,66.7,1.6,3.2,49.5,1.149,0.49
"Boban Marjanovic","C","dal",23,0,5.6,4.3,0.3,1.3,1.7,0.1,0,0.1,0.7,1,0.2,18.65,1.8,3,60,0,0.2,25,0.6,1,59.1,1.8,2.9,62.1,1.4,0.61
"Frank Ntilikina","PG","dal",58,5,11.8,4.1,0.2,1.2,1.4,1.2,0.5,0.1,0.5,1.1,2.2,10.41,1.5,3.8,39.9,0.7,1.9,34.2,0.4,0.4,96,0.9,1.9,45.5,1.076,0.48
"Sterling Brown","SF","dal",49,3,12.8,3.3,0.5,2.5,3,0.7,0.3,0.1,0.5,1.1,1.5,8.46,1.2,3.2,38.1,0.6,1.9,30.4,0.3,0.3,93.3,0.6,1.3,49.2,1.032,0.47
"Moses Brown","C","dal",26,1,6.5,3.1,0.6,1.7,2.3,0,0.1,0.3,0.5,1.1,0.1,15.59,1,1.9,54,0,0,0,1,1.7,62.8,1,1.9,54,1.62,0.54
"Theo Pinson","G","dal",19,0,7.8,2.5,0.1,1,1.1,0.9,0.3,0.1,0.3,0.6,3.4,11.93,0.7,2.1,35.9,0.5,1.6,33.3,0.5,0.5,100,0.2,0.5,44.4,1.231,0.49
"Willie Cauley-Stein","C","dal",18,2,9.8,1.9,0.7,1.4,2.1,0.5,0.3,0.2,0.4,0.9,1.3,8.45,0.9,1.9,45.7,0.1,0.1,50,0.1,0.1,50,0.8,1.8,45.5,0.971,0.47
"Eugene Omoruyi","F","dal",4,0,4.5,1.8,0.5,1.3,1.8,0.5,0,0,0,0.5,Inf,17.04,0.5,1.3,40,0.3,0.5,50,0.5,1,50,0.3,0.8,33.3,1.4,0.5
"Moses Wright","F","dal",3,0,4.3,1.7,0.3,0.7,1,0.3,0,0.3,0,0,Inf,17.34,0.3,1.3,25,0,0.3,0,1,1,100,0.3,1,33.3,1.25,0.25
"Charlie Brown Jr.","G","dal",3,0,5,0.7,0,0.3,0.3,0.3,0.7,0.3,0,0.7,Inf,5.09,0.3,1.7,20,0,1,0,0,0,0,0.3,0.7,50,0.4,0.2
"Carlik Jones","PG","dal",3,0,6.3,0.7,0.3,0.7,1,1.7,0.3,0,1,0,1.7,-4.02,0,2.3,0,0,0.3,0,0.7,0.7,100,0,2,0,0.286,0
"George King","F","dal",4,0,4.8,0.3,0,1.3,1.3,0,0,0,0.3,1,0,-12.28,0,1.3,0,0,1,0,0.3,0.5,50,0,0.3,0,0.2,0
"JaQuori McLaughlin","PG","dal",4,0,2.8,0,0,0,0,0.5,0,0,0,0.3,Inf,-2.95,0,0.5,0,0,0.3,0,0,0,0,0,0.3,0,0,0
"Nikola Jokic","C","den",74,74,33.5,27.1,2.8,11,13.8,7.9,1.5,0.9,3.8,2.6,2.1,32.94,10.3,17.7,58.3,1.3,3.9,33.7,5.1,6.3,81,9,13.8,65.2,1.529,0.62
"Aaron Gordon","PF","den",75,75,31.7,15,1.7,4.2,5.9,2.5,0.6,0.6,1.8,2,1.4,15.38,5.8,11.1,52,1.2,3.5,33.5,2.3,3.1,74.3,4.6,7.7,60.5,1.35,0.57
"Will Barton","SF","den",71,71,32.1,14.7,0.6,4.2,4.8,3.9,0.8,0.4,1.8,1.6,2.2,13.42,5.5,12.6,43.8,2.2,6.1,36.5,1.4,1.8,80.3,3.3,6.6,50.4,1.164,0.53
"Monte Morris","PG","den",75,74,29.9,12.6,0.4,2.7,3,4.4,0.7,0.2,1,1.2,4.3,14.75,5,10.3,48.4,1.7,4.2,39.5,1,1.1,86.9,3.3,6.1,54.5,1.223,0.56
"Jeff Green","PF","den",75,63,24.7,10.3,0.5,2.5,3.1,1.3,0.4,0.4,0.9,2,1.4,12.51,3.7,7.1,52.4,0.7,2.2,31.5,2.2,2.6,83.3,3,4.8,62,1.459,0.57
"Bones Hyland","PG","den",69,4,19,10.1,0.2,2.5,2.7,2.8,0.6,0.3,1.2,2.2,2.2,14.44,3.3,8.3,40.3,1.9,5.2,36.6,1.6,1.8,85.6,1.4,3.1,46.5,1.222,0.52
"Michael Porter Jr.","SF","den",9,9,29.4,9.9,1,5.6,6.6,1.9,1.1,0.2,1.3,1.8,1.4,7.57,4.1,11.4,35.9,1.1,5.3,20.8,0.6,1,55.6,3,6.1,49.1,0.864,0.41
"DeMarcus Cousins","C","den",31,2,13.9,8.9,1.6,3.9,5.5,1.7,0.6,0.4,2.2,3,0.8,17.71,3,6.6,45.6,0.8,2.4,32.4,2.1,2.8,73.6,2.3,4.3,53,1.34,0.51
"Bryn Forbes","SG","den",35,1,17.4,8.6,0.2,0.7,0.9,1,0.2,0.1,0.7,1.5,1.5,10.68,2.9,6.9,42.4,1.7,4.1,41,1,1.1,92.1,1.3,2.8,44.4,1.235,0.55
"Zeke Nnaji","PF","den",41,1,17,6.6,1.4,2.2,3.6,0.4,0.4,0.3,0.6,1.9,0.7,13.53,2.3,4.5,51.6,0.9,2,46.3,1,1.6,63.1,1.4,2.6,55.7,1.452,0.62
"JaMychal Green","F","den",67,8,16.2,6.4,1.2,3,4.2,0.9,0.6,0.4,0.9,2.4,1,14.18,2.4,4.9,48.6,0.5,1.9,26.6,1.2,1.4,87.1,1.9,3,62.1,1.321,0.54
"Austin Rivers","SG","den",67,18,22.1,6,0.3,1.4,1.7,1.3,0.8,0.1,0.8,1.8,1.7,7.24,2.2,5.2,41.7,1.2,3.4,34.2,0.5,0.7,72.7,1,1.8,56.3,1.151,0.53
"P.J. Dozier","SG","den",18,0,18.9,5.4,0.8,2.7,3.5,1.6,0.6,0.3,0.7,1.8,2.2,8.73,2,5.5,36.4,0.8,2.7,31.3,0.6,0.7,76.9,1.2,2.8,41.2,0.98,0.44
"Facundo Campazzo","PG","den",65,4,18.2,5.1,0.4,1.4,1.8,3.4,1,0.4,1,1.9,3.3,11.16,1.6,4.6,36.1,0.9,3,30.1,0.9,1.2,76.9,0.8,1.6,47.6,1.122,0.46
"Davon Reed","SG","den",48,5,13.9,4.4,0.3,2,2.3,1.1,0.5,0.2,0.3,1.3,3.3,12.2,1.7,3.4,50.3,0.8,1.8,43,0.2,0.3,66.7,0.9,1.6,58.7,1.298,0.62
"Vlatko Cancar","SF","den",15,1,11.7,4.1,0.5,1.5,2.1,1.1,0.1,0.2,0.6,1.2,1.9,12.72,1.5,2.7,56.1,0.5,0.8,58.3,0.6,0.9,64.3,1.1,1.9,55.2,1.512,0.65
"Markus Howard","PG","den",31,0,5.7,4.1,0.1,0.3,0.4,0.2,0.3,0,0.2,0.5,1,16.19,1.3,3.3,38.6,0.9,2.3,40,0.6,0.7,87,0.4,1,35.5,1.248,0.52
"Bol Bol","C","den",14,0,5.8,2.4,0.3,1.1,1.4,0.4,0.1,0.1,0.3,0.3,1.3,13.58,1.1,1.9,55.6,0.1,0.3,25,0.1,0.4,40,1,1.6,60.9,1.222,0.57
"Rayjon Tucker","G","den",3,0,9.7,2,0.3,1,1.3,1.3,0.3,0,0,1,Inf,13.6,0.3,0.7,50,0.3,0.7,50,1,1.3,75,0,0,0,3,0.75
"James Ennis III","F","den",3,0,4.7,1.3,0.3,0.3,0.7,1,0,0,0.3,0.3,3,3.73,0.7,2,33.3,0,0.7,0,0,0.3,0,0.7,1.3,50,0.667,0.33
"Petr Cornelie","F","den",13,0,2.9,1.1,0.5,0.5,1.1,0.2,0.1,0.1,0.3,0.5,0.8,9.66,0.4,1.2,33.3,0.1,0.6,12.5,0.2,0.3,75,0.3,0.5,57.1,0.933,0.37
"Carlik Jones","PG","den",2,0,2,1,0,0,0,0,0,0,0,0,0,9.02,0.5,1,50,0,0,0,0,0,0,0.5,1,50,1,0.5
"Jerami Grant","SF","det",47,47,31.9,19.2,0.6,3.5,4.1,2.4,0.9,1,1.8,2.3,1.3,16.12,6.3,14.9,42.6,1.9,5.4,35.8,4.6,5.5,83.8,4.4,9.5,46.5,1.293,0.49
"Cade Cunningham","PG","det",64,64,32.6,17.4,0.9,4.6,5.5,5.6,1.2,0.7,3.7,3.1,1.5,13.12,6.7,16.1,41.6,1.8,5.7,31.4,2.2,2.6,84.5,4.9,10.4,47.2,1.081,0.47
"Saddiq Bey","SF","det",82,82,33,16.1,1.3,4.1,5.4,2.8,0.9,0.2,1.2,1.6,2.4,14.08,5.5,13.9,39.6,2.6,7.4,34.6,2.6,3.1,82.7,2.9,6.4,45.4,1.163,0.49
"Marvin Bagley III","PF","det",18,8,27.2,14.6,2.1,4.7,6.8,1.1,0.7,0.4,1,2.4,1.1,17.76,6.2,11.1,55.5,0.4,1.9,22.9,1.8,3,59.3,5.7,9.2,62.4,1.31,0.58
"Hamidou Diallo","SG","det",58,29,21.9,11,1.2,3.6,4.8,1.3,1.2,0.3,1,2.5,1.3,15.77,4.5,9.1,49.6,0.4,1.6,24.7,1.6,2.4,65,4.1,7.5,55,1.209,0.52
"Frank Jackson","PG","det",53,7,22,10.6,0.4,1.3,1.6,1,0.5,0.2,0.7,1.7,1.4,10.67,3.7,9.1,40.2,1.6,5.3,30.8,1.6,2,82.7,2,3.8,52.9,1.159,0.49
"Trey Lyles","PF","det",51,3,19.4,10.4,1.2,3.6,4.8,1.1,0.4,0.5,1.1,1.8,1.1,16.72,3.4,7.5,45.6,0.9,2.9,30.1,2.7,3.5,78.4,2.6,4.7,55,1.385,0.51
"Kelly Olynyk","PF","det",40,1,19.1,9.1,1.4,3.1,4.4,2.8,0.8,0.5,1.5,2.5,1.9,16.73,3.2,7.2,44.8,1,3,33.6,1.7,2.2,77.5,2.2,4.2,52.7,1.276,0.52
"Braxton Key","G","det",9,0,21.2,8.6,1.3,4,5.3,1.1,1,1.2,1,2.8,1.1,13.94,3.6,7.8,45.7,0.7,2.2,30,0.8,1.4,53.8,2.9,5.6,52,1.1,0.5
"Isaiah Stewart","C","det",71,71,25.6,8.3,3.2,5.5,8.7,1.2,0.3,1.1,1.2,3,1,14.05,3.5,6.9,51,0.2,0.6,32.6,1,1.5,71.8,3.3,6.3,52.9,1.202,0.53
"Cory Joseph","PG","det",65,39,24.6,8,0.4,2.2,2.7,3.6,0.6,0.3,1.3,2.3,2.8,11.42,2.7,6.2,44.5,1,2.4,41.4,1.5,1.7,88.5,1.7,3.7,46.5,1.303,0.53
"Josh Jackson","SG","det",39,3,18.1,7.1,0.4,2.7,3.2,1.3,0.5,0.5,1,1.8,1.3,9.92,2.6,6.4,41,0.8,2.9,26.5,1,1.4,71.4,1.9,3.5,52.9,1.1,0.47
"Killian Hayes","PG","det",66,40,25,6.9,0.5,2.6,3.2,4.2,1.2,0.5,1.7,2.8,2.5,9.35,2.7,7,38.3,0.7,2.5,26.3,0.9,1.1,77,2,4.4,45.2,0.987,0.43
"Isaiah Livers","PF","det",19,5,20.2,6.4,0.8,2.2,3,1.1,0.7,0.4,0.8,1.9,1.4,11.15,2.2,4.7,45.6,1.4,3.4,42.2,0.6,0.7,85.7,0.7,1.4,53.8,1.344,0.61
"Derrick Walton Jr.","G","det",3,3,36,6.3,0.7,2.7,3.3,7,2.3,1.3,3.7,2.7,1.9,5.9,2,8.7,23.1,1,4.3,23.1,1.3,1.3,100,1,4.3,23.1,0.731,0.29
"Luka Garza","C","det",32,5,12.2,5.8,1.8,1.3,3.1,0.6,0.3,0.2,0.6,1.7,1.1,15.6,2.1,4.6,44.9,0.5,1.5,32.7,1.2,1.9,62.3,1.6,3.1,51,1.265,0.5
"Cassius Stanley","G","det",9,1,17.2,5.8,0.6,1.6,2.1,0.4,0.6,0.2,0.7,1.9,0.7,8.07,2.1,5.1,41.3,0.4,1.9,23.5,1.1,1.1,100,1.7,3.2,51.7,1.13,0.46
"Carsen Edwards","PG","det",4,0,19.8,5.8,0.5,1,1.5,3.5,0.5,0,1.3,1,2.8,5.56,2.3,7.5,30,1,4,25,0.3,0.3,100,1.3,3.5,35.7,0.767,0.37
"Saben Lee","PG","det",37,0,16.3,5.6,0.5,1.9,2.4,2.9,1,0.3,1,1.2,3,13.85,1.9,4.8,39,0.4,1.6,23.3,1.5,1.9,78.9,1.5,3.2,47,1.175,0.43
"Justin Robinson","F","det",5,0,18.2,5.6,0.4,1,1.4,1.8,0.2,0.2,1,1.6,1.8,4.96,1.8,5.6,32.1,1.6,4.2,38.1,0.4,1.2,33.3,0.2,1.4,14.3,1,0.46
"Rodney McGruder","G","det",51,2,14.8,5.4,0.6,1.6,2.2,0.9,0.4,0.1,0.5,1.1,2,11.6,1.9,4.4,43.6,1.1,2.9,39.7,0.4,0.5,73.1,0.8,1.5,50.6,1.213,0.56
"Micah Potter","F","det",3,0,10.3,4,1.3,1.7,3,0,0.3,0.3,0.3,1.3,0,13.67,1.7,3.7,45.5,0,0.7,0,0.7,0.7,100,1.7,3,55.6,1.091,0.45
"Jamorko Pickett","PF","det",13,0,13.5,3.8,0.5,2,2.5,0.5,0,0.5,0.4,0.9,1.4,7.63,1.4,3.8,36,1,3,33.3,0.1,0.2,50,0.4,0.8,45.5,1,0.49
"Cheick Diallo","F","det",3,0,10.3,3.7,1.3,2.7,4,0,0.3,0,0.3,2,0,12.32,1,2.7,37.5,0,0,0,1.7,2,83.3,1,2.7,37.5,1.375,0.38
"Deividas Sirvydis","SF","det",3,0,9,1,0,2,2,0.3,1,0.3,0,1.3,Inf,0.14,0.3,3.3,10,0.3,2.3,14.3,0,0,0,0,1,0,0.3,0.15
"Jaysean Paige","G","det",1,0,7,0,0,1,1,1,0,0,1,2,1,-22.22,0,3,0,0,2,0,0,0,0,0,1,0,0,0
"Trayvon Palmer","G","det",1,0,17,0,0,2,2,0,0,0,1,2,0,-5.68,0,1,0,0,0,0,0,0,0,0,1,0,0,0
"Stephen Curry","PG","gs",64,64,34.5,25.5,0.5,4.7,5.2,6.3,1.3,0.4,3.2,2,2,21.47,8.4,19.1,43.7,4.5,11.7,38,4.3,4.7,92.3,3.9,7.4,52.7,1.332,0.55
"Klay Thompson","SG","gs",32,32,29.4,20.4,0.5,3.4,3.9,2.8,0.5,0.5,1.3,1.7,2,16.81,7.7,17.9,42.9,3.6,9.3,38.5,1.4,1.6,90.2,4.1,8.7,47.7,1.138,0.53
"Jordan Poole","SG","gs",76,51,30,18.5,0.4,3,3.4,4,0.8,0.3,2.5,2.7,1.6,16.2,6.2,13.9,44.8,2.8,7.6,36.4,3.2,3.5,92.5,3.5,6.3,55,1.328,0.55
"Andrew Wiggins","SF","gs",73,73,31.9,17.2,1.2,3.3,4.5,2.2,1,0.7,1.5,2.2,1.5,15.04,6.5,14,46.6,2.2,5.5,39.3,2,3.2,63.4,4.4,8.5,51.3,1.233,0.54
"Jonathan Kuminga","PF","gs",70,12,16.9,9.3,0.8,2.6,3.3,0.9,0.4,0.3,1.1,2.1,0.9,15.29,3.4,6.6,51.3,0.7,2.1,33.6,1.9,2.7,68.4,2.7,4.4,59.8,1.417,0.57
"Otto Porter Jr.","SF","gs",63,15,22.1,8.2,1.4,4.4,5.7,1.5,1.1,0.5,0.6,1.3,2.5,15.94,3.1,6.6,46.4,1.3,3.4,37,0.8,1,80.3,1.8,3.2,56.5,1.238,0.56
"Draymond Green","PF","gs",46,44,28.9,7.5,1,6.3,7.3,7,1.3,1.1,3,3,2.3,14.3,2.9,5.6,52.5,0.3,1.2,29.6,1.3,2,65.9,2.6,4.4,58.6,1.346,0.56
"Damion Lee","SG","gs",63,5,20,7.4,0.4,2.8,3.2,1,0.6,0.1,0.6,1.5,1.7,10.9,2.7,6.1,44.1,1,3,33.7,1,1.2,88,1.7,3.1,54.1,1.219,0.52
"Gary Payton II","SG","gs",71,16,17.6,7.1,1,2.5,3.5,0.9,1.4,0.3,0.6,1.8,1.6,17.86,3,4.8,61.6,0.6,1.7,35.8,0.5,0.8,60.3,2.4,3.2,75.4,1.459,0.68
"Nemanja Bjelica","PF","gs",71,0,16.1,6.1,0.9,3.3,4.1,2.2,0.6,0.4,1.2,1.8,1.8,14.2,2.3,4.8,46.8,0.8,2.1,36.2,0.8,1.1,72.8,1.5,2.7,54.9,1.266,0.55
"Kevon Looney","C","gs",82,80,21.1,6,2.5,4.7,7.3,2,0.6,0.6,0.8,2.6,2.5,15.78,2.5,4.4,57.1,0,0,0,0.9,1.5,60,2.5,4.4,57.3,1.349,0.57
"Moses Moody","SG","gs",52,11,11.7,4.4,0.3,1.2,1.5,0.4,0.1,0.2,0.3,0.8,1.8,10.51,1.5,3.5,43.7,0.8,2.1,36.4,0.5,0.7,77.8,0.8,1.4,54.8,1.246,0.55
"Juan Toscano-Anderson","SF","gs",73,6,13.6,4.1,0.4,2,2.4,1.7,0.7,0.2,0.9,1.6,1.9,11.04,1.6,3.2,48.9,0.4,1.2,32.2,0.5,1,57.1,1.2,2,58.8,1.268,0.55
"Andre Iguodala","F","gs",31,0,19.5,4,0.7,2.5,3.2,3.7,0.9,0.7,0.9,1.1,4.1,12.29,1.5,3.9,38,0.5,2.4,23,0.5,0.6,75,0.9,1.5,61.7,1.025,0.45
"Quinndary Weatherspoon","SG","gs",11,0,6.6,2.7,0.2,1.1,1.3,0.5,0.1,0.1,0.3,1.4,1.7,12.11,1.1,1.9,57.1,0.1,0.5,20,0.5,0.5,100,1,1.5,68.8,1.429,0.6
"Chris Chiozza","G","gs",34,1,10.9,2,0.3,0.8,1.1,1.9,0.4,0,0.9,0.9,2,4.45,0.7,2.4,29.6,0.5,1.6,32.1,0.1,0.1,66.7,0.2,0.8,25,0.827,0.4
"Jeff Dowtin","G","gs",4,0,7,1.5,0.3,1.5,1.8,0.8,0,0.3,0.3,0.5,3,9.57,0.8,1.5,50,0,0.3,0,0,0,0,0.8,1.3,60,1,0.5
"Christian Wood","C","hou",68,67,30.8,17.9,1.6,8.5,10.1,2.3,0.8,1,1.9,2.5,1.2,19.18,6.5,12.9,50.1,1.9,4.9,39,3,4.9,62.3,4.5,8,57,1.387,0.58
"Jalen Green","SG","hou",67,67,31.9,17.3,0.5,2.9,3.4,2.6,0.7,0.3,2,1.5,1.3,12.56,6.1,14.2,42.6,2.3,6.8,34.3,2.8,3.5,79.7,3.7,7.4,50.2,1.213,0.51
"Kevin Porter Jr.","SG","hou",61,61,31.3,15.6,0.7,3.7,4.4,6.2,1.1,0.4,3.1,2.6,2,13.56,5.5,13.2,41.5,2.5,6.8,37.5,2,3.2,64.2,3,6.5,45.6,1.175,0.51
"Eric Gordon","SG","hou",57,46,29.3,13.4,0.3,1.7,2,2.7,0.5,0.3,1.9,1.1,1.4,12.17,4.7,9.9,47.5,2.2,5.3,41.2,1.8,2.4,77.8,2.5,4.6,54.8,1.356,0.59
"Jae'Sean Tate","SF","hou",78,77,26.4,11.8,1.7,3.7,5.4,2.8,0.9,0.5,1.8,3.7,1.6,14.36,4.7,9.3,49.8,0.8,2.6,31.2,1.7,2.4,70.7,3.8,6.8,56.9,1.261,0.54
"Dennis Schroder","PG","hou",15,4,26.9,10.9,0.4,2.9,3.3,5.9,0.8,0.2,2.6,2.5,2.3,11.49,3.7,9.3,39.3,1.3,3.9,32.8,2.3,2.6,87.2,2.4,5.5,43.9,1.164,0.46
"Garrison Mathews","SG","hou",65,33,26.3,10,0.5,2.4,2.9,1,0.9,0.4,0.6,2.6,1.6,11.02,2.8,7.1,39.9,2.1,5.9,36,2.2,2.8,79.4,0.7,1.2,60,1.41,0.55
"Alperen Sengun","C","hou",72,13,20.7,9.6,1.9,3.5,5.5,2.6,0.8,0.9,2,3,1.3,16.02,3.5,7.3,47.4,0.4,1.6,24.8,2.3,3.2,71.1,3.1,5.7,53.9,1.318,0.5
"Kenyon Martin Jr.","F","hou",79,2,21,8.8,1,2.7,3.8,1.3,0.4,0.5,0.8,1.4,1.7,14.38,3.5,6.6,53.3,0.8,2.1,35.7,1,1.6,63.4,2.8,4.5,61.7,1.331,0.59
"Daniel Theis","C","hou",26,21,22.5,8.4,1.2,3.8,5,0.8,0.4,0.7,1.2,2.4,0.6,10.72,3.2,6.9,46.9,0.9,3,29.1,1,1.5,67.5,2.3,3.8,61,1.218,0.53
"Josh Christopher","SG","hou",74,2,18,7.9,0.7,1.8,2.5,2,0.9,0.2,1.5,1.3,1.3,12.22,3,6.8,44.8,0.8,2.6,29.6,1.1,1.5,73.5,2.3,4.2,54,1.174,0.5
"Bruno Fernando","F","hou",10,0,9.4,6.9,1.1,2.9,4,0.3,0.1,0.8,0.9,1.8,0.3,26.56,2.9,4.1,70.7,0,0.1,0,1.1,1.9,57.9,2.9,4,72.5,1.683,0.71
"Armoni Brooks","SG","hou",41,8,16.8,6.2,0.3,1.7,2,1.2,0.5,0.2,0.6,1.5,2.1,8.43,2.1,6.1,34.7,1.6,5.2,30,0.4,0.5,84.2,0.6,0.9,60.5,1.012,0.47
"D.J. Augustin","G","hou",34,2,15,5.4,0.2,1,1.2,2.2,0.3,0,1.3,0.5,1.6,9.73,1.6,4,40.4,1.1,2.8,40.6,1,1.1,86.8,0.5,1.2,40,1.338,0.55
"David Nwaba","SF","hou",46,4,13.2,5.1,0.9,2.4,3.3,0.8,0.6,0.4,0.5,1.2,1.7,15.37,1.8,3.8,48.3,0.3,1.1,30.6,1,1.5,71.6,1.5,2.8,55.1,1.324,0.53
"Danuel House Jr.","SF","hou",16,1,14.6,4.8,0.3,2.4,2.7,1.2,0.3,0.3,1.1,1,1.1,6.86,1.6,4.6,33.8,0.6,2.1,29.4,1.1,1.2,89.5,0.9,2.5,37.5,1.041,0.41
"Trevelin Queen","G","hou",10,0,7.4,4.3,0.7,0.9,1.6,0.4,0.5,0.1,0.7,0.6,0.6,18.25,1.5,3.3,45.5,0.9,2.4,37.5,0.4,0.4,100,0.6,0.9,66.7,1.303,0.59
"Daishen Nix","SG","hou",24,0,10.9,3.2,0.3,1.1,1.4,1.7,0.6,0,1.1,0.9,1.5,8.13,1.1,2.8,40.3,0.3,1.1,26.9,0.7,1.3,53.3,0.8,1.7,48.8,1.149,0.46
"Usman Garuba","PF","hou",24,2,10,2,0.9,2.6,3.5,0.7,0.4,0.5,0.3,1.2,2.8,12.95,0.8,1.8,43.2,0.2,0.8,25,0.2,0.3,71.4,0.6,1,58.3,1.091,0.49
"Malcolm Brogdon","PG","ind",36,36,33.5,19.1,0.9,4.2,5.1,5.9,0.8,0.4,2.1,2,2.8,18.1,6.8,15.1,44.8,1.6,5.2,31.2,4,4.6,85.6,5.1,9.9,51.8,1.265,0.5
"Domantas Sabonis","PF","ind",47,46,34.7,18.9,3.3,8.8,12.1,5,1,0.5,3,3.1,1.7,22.21,7,12.1,58,0.7,2.3,32.4,4.1,5.5,74,6.3,9.9,63.9,1.555,0.61
"Caris LeVert","SG","ind",39,39,31.1,18.7,0.8,3.1,3.8,4.4,0.9,0.5,1.9,2.3,2.3,16.37,7.1,15.9,44.7,1.6,4.8,32.3,2.8,3.7,76,5.6,11.1,50.1,1.17,0.5
"Buddy Hield","SG","ind",26,26,35.6,18.2,0.9,4.2,5.1,4.8,0.9,0.4,2.4,2.7,2,14.49,7,15.6,44.7,3.1,8.5,36.2,1.2,1.3,88.6,3.9,7.1,54.9,1.168,0.55
"Tyrese Haliburton","PG","ind",26,26,36.1,17.5,0.8,3.5,4.3,9.6,1.8,0.6,3.2,1.9,3,20.49,6.2,12.4,50.2,2.2,5.3,41.6,2.8,3.3,84.9,4,7.2,56.5,1.406,0.59
"Jalen Smith","F","ind",22,4,24.7,13.4,2.1,5.5,7.6,0.8,0.4,1,0.9,2,0.9,20.29,5.1,9.7,53.1,1.4,3.8,37.3,1.7,2.3,76,3.7,5.9,63.1,1.385,0.6
"Chris Duarte","SG","ind",55,39,28,13.1,0.7,3.4,4.1,2.1,1,0.2,1.6,1.7,1.3,12.31,4.9,11.3,43.2,1.7,4.6,36.9,1.6,2,80.4,3.2,6.7,47.5,1.159,0.51
"Myles Turner","C","ind",42,42,29.4,12.9,1.5,5.5,7.1,1,0.7,2.8,1.3,2.8,0.8,17.45,4.8,9.4,50.9,1.5,4.4,33.3,1.9,2.5,75.2,3.3,5,66.2,1.374,0.59
"Justin Holiday","SF","ind",49,40,28.9,11,0.4,2.4,2.8,1.8,0.7,0.4,1,2.1,1.8,10.3,3.9,9.3,41.5,2.6,6.9,37.8,0.7,0.8,82.9,1.3,2.5,51.6,1.181,0.55
"Duane Washington Jr.","PG","ind",48,7,20.2,9.9,0.1,1.6,1.7,1.8,0.5,0.1,1.2,1.4,1.5,10.3,3.6,8.9,40.5,1.7,4.5,37.7,1,1.3,75.4,1.9,4.4,43.4,1.108,0.5
"Terry Taylor","SG","ind",33,7,21.6,9.6,2.9,2.3,5.2,1.2,0.4,0.2,0.7,1.8,1.8,19.07,4.1,6.7,61.4,0.4,1.2,31.6,1.1,1.5,70.6,3.7,5.5,67.6,1.445,0.64
"Lance Stephenson","G","ind",40,1,18.6,9.3,0.3,2.5,2.8,3.9,0.6,0.1,1.7,2.2,2.3,14.55,3.6,7.8,45.8,0.7,2.2,31,1.6,2,79.5,2.9,5.6,51.6,1.203,0.5
"Oshae Brissett","SF","ind",67,25,23.3,9.1,1.6,3.7,5.3,1.1,0.7,0.4,0.8,1.7,1.3,12.92,3.1,7.6,41.1,1.2,3.5,35,1.7,2.4,69.5,1.9,4,46.5,1.211,0.49
"T.J. McConnell","PG","ind",27,8,24.1,8.5,0.7,2.6,3.3,4.9,1.1,0.4,1.1,2,4.5,15.23,3.7,7.7,48.1,0.4,1.2,30.3,0.7,0.9,82.6,3.3,6.5,51.4,1.101,0.5
"Isaiah Jackson","F","ind",36,15,15,8.3,1.7,2.5,4.1,0.3,0.7,1.4,1.1,2.6,0.3,20.6,3.2,5.7,56.3,0.1,0.4,31.3,1.7,2.4,68.2,3.1,5.3,58.4,1.442,0.58
"Tristan Thompson","C","ind",4,0,16.5,7.3,1.8,2.8,4.5,0.5,0,0.5,1,1.8,0.5,12.53,3.3,6,54.2,0,0,0,0.8,2,37.5,3.3,6,54.2,1.208,0.54
"Jeremy Lamb","SG","ind",39,0,15.7,7.1,0.4,2,2.4,1.3,0.6,0.4,0.6,1.1,2.1,13.4,2.2,5.8,37.3,1,3,33.3,1.7,2.1,83.8,1.2,2.8,41.4,1.211,0.46
"Goga Bitadze","C","ind",50,16,14.6,7,1.6,2,3.5,1.1,0.4,0.8,0.9,2.1,1.2,18.06,2.6,5,52,0.5,1.6,28.7,1.3,1.9,68.1,2.2,3.4,62.8,1.385,0.57
"Justin Anderson","F","ind",13,6,20.7,6.8,0.3,2.8,3.1,2.1,0.5,0.5,0.5,1.4,4.5,10.34,2.5,6.7,36.8,1,4.1,24.5,0.9,1.2,80,1.5,2.6,55.9,1.023,0.44
"Torrey Craig","SF","ind",51,14,20.3,6.5,1.2,2.7,3.8,1.1,0.5,0.4,0.8,1.9,1.5,10.82,2.5,5.5,45.6,0.9,2.7,33.3,0.5,0.7,77.1,1.6,2.8,57.3,1.171,0.54
"Kelan Martin","SG","ind",27,1,16.4,6.3,0.6,1.4,2,0.8,0.5,0.3,0.5,1.3,1.5,9.72,2.6,6.2,41.7,0.8,2.7,29.7,0.3,0.5,69.2,1.8,3.5,51.1,1.018,0.48
"Keifer Sykes","G","ind",32,11,17.7,5.6,0.3,1.2,1.4,1.9,0.4,0.1,1,1.6,1.9,5.97,2.2,5.9,36.3,0.8,2.8,30,0.5,0.5,88.2,1.3,3.1,42,0.947,0.43
"Gabe York","G","ind",2,0,10.5,4,0,1,1,2,1,0.5,0.5,2,4,12.76,1,3.5,28.6,0.5,3,16.7,1.5,2.5,60,0.5,0.5,100,1.143,0.36
"Brad Wanamaker","PG","ind",22,1,13.3,3.5,0.3,1.3,1.6,2.2,0.2,0.3,1,1.9,2.1,6.56,1.2,3.3,36.1,0.2,0.8,23.5,0.9,1,90.9,1,2.5,40,1.056,0.39
"Ahmad Caver","G","ind",1,0,1,2,0,0,0,0,0,0,0,0,0,76.58,1,1,100,0,0,0,0,0,0,1,1,100,2,1
"Reggie Perry","F","ind",1,0,10,2,0,1,1,0,0,0,0,3,0,4.27,1,1,100,0,0,0,0,0,0,1,1,100,2,1
"DeJon Jarreau","F","ind",1,0,1,0,0,0,0,0,0,0,0,0,0,0,0,0,0,0,0,0,0,0,0,0,0,0,0,0
"Nate Hinton","G","ind",2,0,1,0,0,0,0,0,0,0,0.5,0,0,-45.13,0,0.5,0,0,0,0,0,0,0,0,0.5,0,0,0
"Paul George","SG","lac",31,31,34.7,24.3,0.4,6.5,6.9,5.7,2.2,0.4,4.1,2.4,1.4,18.67,8.6,20.5,42.1,2.9,8.3,35.4,4.1,4.8,85.8,5.7,12.2,46.7,1.186,0.49
"Norman Powell","SF","lac",5,2,25,21.4,0.6,2.2,2.8,2.8,0.4,0.8,1.4,2.8,2,27.16,6.4,12.6,50.8,2.6,4.8,54.2,6,7,85.7,3.8,7.8,48.7,1.698,0.61
"Reggie Jackson","PG","lac",75,75,31.2,16.8,0.5,3.1,3.6,4.8,0.7,0.2,2.3,2.1,2.1,12.19,6.4,16.3,39.2,2.2,6.8,32.6,1.8,2.2,84.7,4.2,9.5,43.9,1.034,0.46
"Marcus Morris Sr.","SF","lac",54,54,29,15.4,0.5,3.9,4.4,2.1,0.5,0.3,1.3,2.1,1.6,13.74,5.6,12.8,43.4,1.9,5.1,36.7,2.4,2.7,87.2,3.7,7.7,47.8,1.201,0.51
"Luke Kennard","SG","lac",70,13,27.4,11.9,0.3,3,3.3,2.1,0.6,0.1,0.9,1.4,2.4,13.31,4.1,9.1,44.9,2.7,6,44.9,1,1.1,89.6,1.4,3.1,44.9,1.304,0.6
"Terance Mann","SG","lac",81,33,28.6,10.8,1.3,4,5.2,2.6,0.7,0.3,1,2.2,2.5,13.4,4.1,8.5,48.4,0.9,2.6,36.5,1.6,2,78,3.2,6,53.5,1.264,0.54
"Robert Covington","PF","lac",23,2,22.1,10.4,0.8,4.3,5.1,1,1.3,1.2,0.7,2.5,1.4,19.44,3.5,7,50,2.1,4.7,45,1.2,1.4,84.8,1.4,2.3,60.4,1.475,0.65
"Ivica Zubac","C","lac",76,76,24.4,10.3,2.9,5.6,8.5,1.6,0.5,1,1.5,2.7,1.1,19.25,4.1,6.5,62.6,0,0,0,2.2,3,72.7,4.1,6.5,62.6,1.586,0.63
"James Ennis III","F","lac",2,0,14,10,1,1.5,2.5,0,0.5,0.5,0.5,2,0,26.32,3.5,5.5,63.6,1,2,50,2,2,100,2.5,3.5,71.4,1.818,0.73
"Eric Bledsoe","SG","lac",54,29,25.2,9.9,0.5,2.9,3.4,4.2,1.3,0.4,2.1,1.6,1.9,12.58,3.6,8.7,42.1,0.9,3,31.3,1.6,2.2,76.1,2.7,5.6,47.9,1.141,0.48
"Amir Coffey","SG","lac",69,30,22.7,9,0.4,2.5,2.9,1.8,0.6,0.2,0.7,1.3,2.8,13.08,3.1,6.8,45.3,1.4,3.7,37.8,1.5,1.7,86.3,1.7,3.1,54.2,1.328,0.56
"Nicolas Batum","PF","lac",59,54,24.8,8.3,0.5,3.8,4.3,1.7,1,0.7,0.7,1.4,2.5,13.51,3,6.6,46.3,1.8,4.6,40,0.4,0.6,65.8,1.2,2,60.7,1.269,0.6
"Isaiah Hartenstein","C","lac",68,0,17.9,8.3,1.7,3.1,4.9,2.4,0.7,1.1,1.2,2.5,1.9,22.06,3.4,5.4,62.6,0.2,0.4,46.7,1.3,1.9,68.9,3.2,4.9,64,1.538,0.64
"Brandon Boston Jr.","SG","lac",51,0,14.9,6.7,0.3,1.8,2.2,1,0.5,0.3,0.6,0.8,1.6,11.28,2.5,6.4,38.5,0.7,2.2,30.6,1.2,1.4,81.9,1.8,4.2,42.5,1.055,0.44
"Serge Ibaka","C","lac",35,10,15.4,6.6,1.1,3.1,4.3,1,0.2,0.7,0.9,1.6,1.1,14.91,2.7,5.5,49,0.7,1.8,38.7,0.6,0.8,69,2,3.7,53.8,1.208,0.55
"Xavier Moon","PG","lac",10,0,13.7,5.8,0.2,1.2,1.4,2.4,0.7,0.3,0.6,0.9,4,16.27,2.5,5.1,49,0.5,1.4,35.7,0.3,0.5,60,2,3.7,54.1,1.137,0.54
"Justise Winslow","PF","lac",37,1,13,4.2,0.8,2.8,3.6,1.4,0.6,0.5,1,1.2,1.4,12.45,1.7,3.8,44.7,0.1,0.8,17.2,0.7,1.1,61,1.6,3,51.8,1.106,0.46
"Semi Ojeleye","PF","lac",10,0,9.8,4.1,0.2,1.4,1.6,0.4,0.2,0.1,0.4,0.4,1,12.03,1.2,2.9,41.4,0.4,0.9,44.4,1.3,1.6,81.3,0.8,2,40,1.414,0.48
"Keon Johnson","SG","lac",15,0,9,3.5,0.4,1,1.4,0.9,0.5,0.1,0.5,1.4,1.9,9.39,1.1,3.4,33.3,0.2,0.7,27.3,1.1,1.4,76.2,0.9,2.7,35,1.039,0.36
"Jay Scrubb","SG","lac",18,0,6.7,2.7,0.1,0.8,0.9,0.4,0.2,0.2,0.4,0.5,1.1,9.3,1,2.6,39.1,0.3,1.2,28.6,0.4,0.6,70,0.7,1.4,48,1.065,0.46
"Rodney Hood","SG","lac",13,0,9.8,2.6,0.2,0.6,0.8,0.6,0.2,0.2,0.3,0.3,2,9.33,0.9,2,46.2,0.5,0.8,54.5,0.3,0.4,80,0.5,1.2,40,1.308,0.58
"Wenyen Gabriel","F","lac",6,0,7.7,2.3,0.8,1.5,2.3,0.3,0.2,0.3,0.5,1.8,0.7,8.34,0.8,2.2,38.5,0.3,0.8,40,0.3,0.7,50,0.5,1.3,37.5,1.077,0.46
"Moses Wright","F","lac",1,0,1,0,0,0,0,1,0,0,0,0,Inf,31.18,0,0,0,0,0,0,0,0,0,0,0,0,0,0
"LeBron James","SF","lal",56,56,37.2,30.3,1.1,7.1,8.2,6.2,1.3,1.1,3.5,2.2,1.8,26.25,11.4,21.8,52.4,2.9,8,35.9,4.5,6,75.6,8.6,13.8,62,1.388,0.59
"Anthony Davis","PF","lal",40,40,35.1,23.2,2.7,7.2,9.9,3.1,1.2,2.3,2.1,2.4,1.5,23.97,9.3,17.4,53.2,0.3,1.8,18.6,4.4,6.1,71.3,8.9,15.6,57.1,1.334,0.54
"Russell Westbrook","PG","lal",78,78,34.3,18.5,1.4,6,7.4,7.1,1,0.3,3.8,3,1.9,15.01,7,15.8,44.4,1,3.4,29.8,3.4,5.1,66.7,6,12.4,48.5,1.169,0.48
"Malik Monk","SG","lal",76,37,28.1,13.8,0.5,2.9,3.4,2.9,0.8,0.4,1.6,1.8,1.8,14.49,5.1,10.9,47.3,2.3,5.8,39.1,1.2,1.5,79.5,2.9,5.1,56.8,1.269,0.58
"Carmelo Anthony","PF","lal",69,3,26,13.3,0.9,3.3,4.2,1,0.7,0.8,0.9,2.4,1.2,14.8,4.6,10.5,44.1,2.2,5.8,37.5,1.9,2.3,83,2.5,4.7,52.1,1.271,0.54
"Talen Horton-Tucker","SG","lal",60,19,25.2,10,0.6,2.6,3.2,2.7,1,0.5,1.4,2.5,1.9,11.07,3.7,9,41.6,0.8,3,26.9,1.7,2.1,80,2.9,5.9,49.2,1.11,0.46
"Isaiah Thomas","G","lal",4,1,25.3,9.3,0.3,1.8,2,1.5,0,0.5,1.3,3,1.2,3.24,3,9.8,30.8,1.3,5.5,22.7,2,2.8,72.7,1.8,4.3,41.2,0.949,0.37
"Austin Reaves","SG","lal",61,19,23.2,7.3,0.7,2.4,3.2,1.8,0.5,0.3,0.7,1.4,2.8,11.57,2.4,5.2,45.9,0.9,2.7,31.7,1.6,1.9,83.9,1.5,2.5,61.6,1.396,0.54
"Sekou Doumbouya","SF","lal",2,0,8,7,1,2,3,0,1.5,1,1,0.5,0,40.76,2.5,4,62.5,0.5,1,50,1.5,2,75,2,3,66.7,1.75,0.69
"Mason Jones","G","lal",4,0,12.8,6.8,0.3,2.3,2.5,1,0.5,0,0.3,2,4,17.78,1.8,3.8,46.7,0.3,1,25,3,3.8,80,1.5,2.8,54.5,1.8,0.5
"Wenyen Gabriel","F","lal",19,5,16.4,6.7,1.8,2.5,4.3,0.6,0.2,0.5,0.7,3,0.9,13.19,2.6,5.1,50.5,0.3,1.2,26.1,1.2,2,60.5,2.3,3.9,58.1,1.309,0.54
"Wayne Ellington","SG","lal",43,9,18.8,6.7,0.2,1.6,1.8,0.7,0.5,0.1,0.4,1,1.6,9.94,2.3,5.5,41.3,1.9,4.9,38.9,0.2,0.3,81.8,0.4,0.6,61.5,1.211,0.59
"Stanley Johnson","PF","lal",48,27,22.8,6.7,0.7,2.5,3.2,1.7,0.9,0.3,0.7,2.3,2.3,10.54,2.4,5.2,46.6,0.7,2.2,31.4,1.1,1.5,71.6,1.8,3,57.5,1.275,0.53
"Avery Bradley","PG","lal",62,45,22.7,6.4,0.5,1.7,2.2,0.8,0.9,0.1,0.6,1.9,1.2,7.87,2.4,5.6,42.3,1.3,3.4,39,0.3,0.3,88.9,1.1,2.3,47.1,1.126,0.54
"Dwight Howard","C","lal",60,27,16.2,6.2,2,4,5.9,0.6,0.6,0.6,0.8,1.9,0.7,18.25,2.2,3.7,61.2,0.1,0.3,53.3,1.6,2.4,65.8,2.1,3.4,61.8,1.699,0.63
"Mac McClung","SG","lal",1,0,22,6,0,3,3,1,1,1,2,5,0.5,4.69,2,5,40,1,3,33.3,1,1,100,1,2,50,1.2,0.5
"D.J. Augustin","G","lal",21,0,17.8,5.3,0.2,1.1,1.3,1.6,0.3,0,0.5,1,3,9.75,1.9,4.1,45.3,1.4,3.2,42.6,0.2,0.2,100,0.5,0.9,55.6,1.302,0.62
"DeAndre Jordan","C","lal",32,19,12.8,4.1,1.6,3.8,5.4,0.4,0.3,0.8,0.7,1.6,0.6,17.53,1.9,2.8,67.4,0,0,0,0.4,0.8,46.2,1.9,2.8,67.4,1.483,0.67
"Trevor Ariza","SF","lal",24,11,19.3,4,0.4,3,3.4,1.1,0.5,0.3,0.5,0.8,2.5,6.99,1.4,4.1,33.3,0.8,3.1,27,0.4,0.8,55.6,0.5,1,52,0.97,0.43
"Kent Bazemore","SF","lal",39,14,14,3.4,0.3,1.4,1.8,0.9,0.6,0.2,0.5,1.8,1.6,6.04,1.2,3.6,32.4,0.7,2.1,36.3,0.3,0.4,76.5,0.4,1.5,27.1,0.95,0.43
"Rajon Rondo","PG","lal",18,0,16.1,3.1,0.6,2.2,2.7,3.7,0.7,0.3,1.9,1.4,2,6.55,1.3,3.9,32.4,0.4,1.7,26.7,0.1,0.1,50,0.8,2.3,36.6,0.775,0.38
"Jemerrio Jones","F","lal",2,0,7.5,2,1,0.5,1.5,0,0.5,0,0,1,0,14.85,1,1.5,66.7,0,0,0,0,0,0,1,1.5,66.7,1.333,0.67
"Darren Collison","PG","lal",3,0,12.3,1.3,0,1.3,1.3,0.7,0.3,0,0.3,1.7,2,-0.2,0.7,2.3,28.6,0,1,0,0,0,0,0.7,1.3,50,0.571,0.29
"Chaundee Brown Jr.","G","lal",2,0,10.5,1,0,1,1,0,0,0,0.5,0,0,-8.65,0.5,3.5,14.3,0,1.5,0,0,0,0,0.5,2,25,0.286,0.14
"Jay Huff","C","lal",4,0,5,0,0.3,0.8,1,0.3,0.3,0.3,0.3,0.3,1,0.6,0,0.8,0,0,0.5,0,0,0,0,0,0.3,0,0,0
"Ja Morant","PG","mem",57,57,33.1,27.4,1.4,4.4,5.7,6.7,1.2,0.4,3.4,1.5,2,24.53,10.2,20.6,49.3,1.5,4.5,34.4,5.5,7.3,76.1,8.6,16.2,53.4,1.329,0.53
"Dillon Brooks","SF","mem",32,31,27.7,18.4,0.9,2.3,3.2,2.8,1.1,0.3,1.6,3.3,1.8,15.55,7.1,16.4,43.2,1.4,4.7,30.9,2.8,3.3,84.9,5.7,11.8,48,1.122,0.48
"Desmond Bane","SG","mem",76,76,29.8,18.2,0.6,3.8,4.4,2.7,1.2,0.4,1.5,2.6,1.9,17.62,6.7,14.5,46.1,3,6.9,43.6,1.8,2,90.3,3.7,7.6,48.4,1.257,0.56
"Jaren Jackson Jr.","PF","mem",78,78,27.3,16.3,1.5,4.3,5.8,1.1,0.9,2.3,1.7,3.5,0.7,17.09,5.5,13.3,41.5,1.6,5.1,31.9,3.6,4.4,82.3,3.9,8.1,47.6,1.228,0.48
"De'Anthony Melton","SG","mem",73,15,22.7,10.8,0.9,3.6,4.5,2.7,1.4,0.5,1.5,1.8,1.7,15.23,3.8,9.5,40.4,1.9,5.1,37.4,1.2,1.6,75,1.9,4.4,44,1.138,0.5
"Brandon Clarke","PF","mem",64,1,19.5,10.4,2.1,3.2,5.3,1.3,0.6,1.1,0.5,1.9,2.5,23.75,4.5,7,64.4,0.1,0.3,22.7,1.3,2,65.4,4.4,6.6,66.6,1.49,0.65
"Tyus Jones","PG","mem",73,23,21.2,8.7,0.2,2.2,2.4,4.4,0.9,0,0.6,0.4,7,16.55,3.4,7.6,45.1,1.1,2.8,39,0.7,0.9,81.8,2.3,4.8,48.7,1.145,0.52
"Ziaire Williams","SG","mem",62,31,21.7,8.1,0.4,1.7,2.1,1,0.6,0.2,0.7,1.8,1.6,9.7,3.1,6.8,45,1.2,3.9,31.4,0.7,0.9,78.2,1.9,2.9,63.2,1.182,0.54
"Kyle Anderson","SF","mem",69,11,21.5,7.6,1,4.3,5.3,2.7,1.1,0.7,1,1.6,2.6,14.49,3,6.8,44.6,0.5,1.6,33,1,1.5,63.8,2.5,5.2,48.1,1.111,0.48
"Steven Adams","C","mem",76,75,26.3,6.9,4.6,5.4,10,3.4,0.9,0.8,1.5,2,2.2,17.6,2.8,5.1,54.7,0,0,0,1.4,2.6,54.3,2.8,5,54.8,1.375,0.55
"John Konchar","SG","mem",72,7,17.9,4.8,1.2,3.4,4.6,1.5,0.6,0.3,0.4,1.3,3.8,13.98,1.9,3.6,51.5,0.7,1.8,41.3,0.4,0.7,55.1,1.2,1.9,61,1.332,0.61
"Xavier Tillman","C","mem",53,2,13.2,4.8,1.2,1.8,3,1.2,0.9,0.3,0.6,1.2,1.8,15.18,1.8,4.1,45.4,0.2,0.9,20.4,0.9,1.3,64.8,1.7,3.2,52.7,1.167,0.48
"Sam Merrill","SG","mem",6,0,9.7,4.2,0.2,1,1.2,0.7,0,0,0.3,0.5,2,7.52,1.3,4,33.3,1.2,3.8,30.4,0.3,0.7,50,0.2,0.2,100,1.042,0.48
"Santi Aldama","PF","mem",32,0,11.3,4.1,1,1.7,2.7,0.7,0.2,0.3,0.5,1.1,1.3,10.26,1.7,4.1,40.2,0.2,1.5,12.5,0.6,1,62.5,1.5,2.6,56,1,0.42
"Jarrett Culver","G","mem",37,0,9.1,3.5,0.4,0.9,1.3,0.9,0.5,0.1,0.5,1.1,1.7,8.72,1.4,3.6,37.8,0.3,1.3,25.5,0.4,0.9,47.1,1.1,2.4,44.3,0.963,0.42
"Killian Tillie","SF","mem",36,3,12.8,3.3,0.6,1.1,1.7,0.6,0.6,0.4,0.4,1.6,1.7,7.64,1.2,3.5,33.9,0.8,2.4,31.4,0.1,0.2,62.5,0.4,1.1,39,0.929,0.44
"Yves Pons","SG","mem",12,0,5.9,1.1,0.4,0.6,1,0.1,0.1,0.3,0.1,0.5,1,5.91,0.4,1.3,31.3,0.3,0.8,33.3,0,0.2,0,0.2,0.6,28.6,0.813,0.41
"Dakota Mathias","G","mem",6,0,2.7,1,0,0.3,0.3,0.2,0.2,0,0,0.2,Inf,11.04,0.3,1,33.3,0.3,1,33.3,0,0,0,0,0,0,1,0.5
"Shaq Buchanan","F","mem",2,0,5,1,0.5,0.5,1,1,0.5,0,1,0.5,1,0.62,0.5,2,25,0,1,0,0,0,0,0.5,1,50,0.5,0.25
"Tyrell Terry","PG","mem",2,0,1.5,1,0,0,0,0,0,0,0,0.5,0,20.07,0.5,0.5,100,0,0,0,0,0,0,0.5,0.5,100,2,1
"DaQuan Jeffries","SG","mem",3,0,3,0.7,0,0.7,0.7,0.3,0,0,0,0.3,Inf,8.38,0.3,0.7,50,0,0.3,0,0,0,0,0.3,0.3,100,1,0.5
"Xavier Sneed","F","mem",2,0,4,0,0.5,0.5,1,0,0,0,0,1,0,-7.05,0,1,0,0,1,0,0,0,0,0,0,0,0,0
"Jon Teske","C","mem",3,0,2.7,0,0,0.7,0.7,0.3,0.3,0,0,0.3,Inf,1.5,0,0.3,0,0,0,0,0,0.7,0,0,0.3,0,0,0
"Jimmy Butler","SF","mia",57,57,33.9,21.4,1.8,4.1,5.9,5.5,1.6,0.5,2.1,1.5,2.6,23.65,7,14.5,48,0.5,2,23.3,6.9,8,87,6.5,12.5,52,1.47,0.5
"Tyler Herro","PG","mia",66,10,32.6,20.7,0.5,4.5,5,4,0.7,0.1,2.6,1.4,1.5,16.3,7.6,17,44.7,2.7,6.7,39.9,2.9,3.3,86.8,4.9,10.3,47.7,1.218,0.52
"Bam Adebayo","C","mia",56,56,32.6,19.1,2.4,7.6,10.1,3.4,1.4,0.8,2.6,3.1,1.3,21.91,7.3,13,55.7,0,0.1,0,4.6,6.1,75.3,7.3,12.9,56.2,1.465,0.56
"Kyle Lowry","PG","mia",63,63,33.9,13.4,0.5,4,4.5,7.5,1.1,0.3,2.7,2.8,2.8,15.02,4.4,10,44,2.3,6.1,37.7,2.3,2.8,85.1,2.1,3.9,53.9,1.346,0.56
"Victor Oladipo","SG","mia",8,1,21.6,12.4,0.4,2.5,2.9,3.5,0.6,0.1,2,1.6,1.8,16.86,4.4,9.1,47.9,1.9,4.5,41.7,1.8,2.4,73.7,2.5,4.6,54.1,1.356,0.58
"Duncan Robinson","SG","mia",79,68,25.9,10.9,0.3,2.3,2.6,1.6,0.5,0.2,0.8,2.5,2.2,10.65,3.7,9.2,39.9,2.9,7.9,37.2,0.6,0.8,83.6,0.7,1.3,56.9,1.189,0.56
"Max Strus","SG","mia",68,16,23.3,10.6,0.4,2.6,3,1.4,0.4,0.2,0.8,1.7,1.6,12.75,3.7,8.3,44.1,2.7,6.5,41,0.6,0.8,79.2,1,1.8,55.7,1.278,0.6
"Caleb Martin","SF","mia",60,12,22.9,9.2,1.2,2.7,3.8,1.1,1,0.5,0.9,1.7,1.2,14.82,3.5,6.8,50.7,1.1,2.6,41.3,1.2,1.6,76.3,2.4,4.3,56.5,1.344,0.59
"Gabe Vincent","PG","mia",68,27,23.4,8.7,0.3,1.5,1.9,3.1,0.9,0.2,1.4,2.3,2.1,10.64,3.1,7.5,41.7,1.8,4.8,36.8,0.6,0.8,81.5,1.4,2.8,50,1.152,0.53
"P.J. Tucker","PF","mia",71,70,27.9,7.6,1.4,4,5.5,2.1,0.8,0.2,0.9,2.3,2.3,11.35,2.9,6,48.4,1.1,2.7,41.5,0.6,0.9,73.8,1.8,3.3,54,1.259,0.58
"Markieff Morris","PF","mia",17,1,17.5,7.6,1,1.6,2.6,1.4,0.4,0.1,1.2,1.9,1.2,10.96,3.2,6.7,47.4,0.8,2.3,33.3,0.5,0.5,88.9,2.4,4.4,54.7,1.132,0.53
"Mychal Mulder","G","mia",2,1,22,7,0,1.5,1.5,1,0,0.5,0,0.5,Inf,10.68,2,5,40,2,4,50,1,1,100,0,1,0,1.4,0.6
"Dewayne Dedmon","C","mia",67,15,15.9,6.3,1.6,4.2,5.8,0.7,0.4,0.6,1,2.6,0.7,15.9,2.4,4.3,56.6,0.3,0.7,40.4,1.1,1.5,75,2.2,3.6,59.7,1.455,0.6
"Nik Stauskas","G","mia",2,0,12,5.5,0.5,1,1.5,0.5,0,0,0,0.5,Inf,13.15,1.5,4,37.5,1,2,50,1.5,2,75,0.5,2,25,1.375,0.5
"Omer Yurtseven","C","mia",56,12,12.6,5.3,1.5,3.7,5.3,0.9,0.3,0.4,0.7,1.5,1.2,17.46,2.3,4.4,52.6,0,0.2,9.1,0.7,1.1,62.3,2.3,4.2,54.7,1.211,0.53
"Javonte Smart","G","mia",4,0,10,5,0.3,1,1.3,0.5,0.5,0.3,0.5,0.3,1,15.66,2,4.3,47.1,1,2.3,44.4,0,0,0,1,2,50,1.176,0.59
"Kyle Guy","SG","mia",19,0,9.8,3.9,0.2,0.7,0.9,0.9,0.4,0.1,0.7,0.6,1.3,9.56,1.4,3.4,40,0.7,2.1,35,0.4,0.6,66.7,0.6,1.3,48,1.138,0.51
"KZ Okpala","F","mia",21,0,11.6,3.7,0.5,1.4,2,0.7,0.2,0.3,0.2,1.2,2.8,10.49,1.4,3.3,43.5,0.4,1.2,34.6,0.4,0.5,72.7,1,2,48.8,1.116,0.5
"Chris Silva","F","mia",9,0,9.8,2.9,1.4,2.4,3.9,0.8,0,0.1,0.9,2.2,0.9,11.89,0.9,1.7,53.3,0,0,0,1.1,1.3,83.3,0.9,1.7,53.3,1.733,0.53
"Udonis Haslem","PF","mia",13,0,6.4,2.5,0.3,1.6,1.9,0.3,0.1,0.1,0.4,1.2,0.8,8.65,1.1,2.4,45.2,0.1,0.3,25,0.2,0.2,100,1,2.1,48.1,1.032,0.47
"Haywood Highsmith","F","mia",19,1,8.6,2.3,0.5,0.8,1.4,0.3,0.1,0.2,0.2,0.7,2,7.01,0.8,2.4,34.8,0.5,1.5,32.1,0.1,0.3,40,0.4,0.9,38.9,0.935,0.45
"Marcus Garrett","SG","mia",12,0,10.7,1.1,0.8,1.2,1.9,0.6,0.4,0.3,0.2,1.3,3.5,4.68,0.4,1.8,23.8,0.1,0.3,25,0.2,0.4,40,0.3,1.4,23.5,0.619,0.26
"Giannis Antetokounmpo","PF","mil",67,67,32.9,29.9,2,9.6,11.6,5.8,1.1,1.4,3.3,3.2,1.8,32.12,10.3,18.6,55.3,1.1,3.6,29.3,8.3,11.4,72.2,9.2,15,61.6,1.608,0.58
"Khris Middleton","SF","mil",66,66,32.4,20.1,0.6,4.8,5.4,5.4,1.2,0.3,2.9,2.4,1.9,18.19,6.8,15.5,44.3,2.5,6.6,37.3,3.9,4.4,89,4.4,8.9,49.4,1.298,0.52
"Jrue Holiday","PG","mil",67,64,32.9,18.3,1,3.5,4.5,6.8,1.6,0.4,2.7,2,2.5,19.84,7.1,14.2,50.1,2,4.8,41.1,2,2.7,76.1,5.2,9.4,54.7,1.284,0.57
"Bobby Portis","C","mil",72,59,28.2,14.6,2.5,6.6,9.1,1.2,0.7,0.7,1.3,2.4,1,17.79,5.8,12.1,47.9,1.8,4.7,39.3,1.2,1.6,75.2,3.9,7.4,53.3,1.208,0.56
"Brook Lopez","C","mil",13,11,22.9,12.4,1.5,2.6,4.1,0.5,0.6,1.2,0.9,2.6,0.5,16.06,4.7,10.1,46.6,1.5,4.1,35.8,1.5,1.8,87,3.2,6,53.8,1.229,0.54
"Grayson Allen","SG","mil",66,61,27.3,11.1,0.5,2.9,3.4,1.5,0.7,0.3,0.7,1.5,2.3,12.77,3.9,8.6,44.8,2.4,5.9,40.9,1,1.1,86.5,1.5,2.7,53.3,1.288,0.59
"Pat Connaughton","SG","mil",65,19,26,9.9,0.7,3.5,4.2,1.3,0.9,0.2,0.5,1.3,2.3,13.45,3.5,7.6,45.8,2.2,5.7,39.5,0.7,0.8,83.3,1.2,1.9,64.3,1.3,0.6
"DeMarcus Cousins","C","mil",17,5,16.9,9.1,1.4,4.4,5.8,1.1,0.9,0.5,0.9,2.7,1.1,19.09,3.2,6.9,46.6,0.8,2.8,27.1,1.8,2.2,81.6,2.5,4.1,60,1.305,0.52
"Jordan Nwora","SF","mil",62,13,19.1,7.9,0.6,3,3.6,1,0.4,0.3,0.9,1.3,1,9.96,3,7.5,40.3,1.3,3.7,34.8,0.6,0.7,83.7,1.7,3.8,45.5,1.054,0.49
"Rayjon Tucker","G","mil",2,0,21,7.5,1,1,2,3,1.5,0,0.5,1,6,20.49,2.5,3.5,71.4,1.5,1.5,100,1,1.5,66.7,1,2,50,2.143,0.93
"Donte DiVincenzo","SG","mil",17,0,20.1,7.2,1.1,2.5,3.5,1.7,0.6,0.2,1.6,1.5,1,7.97,2.3,6.9,33.1,1.2,4.4,28.4,1.4,1.6,85.2,1.1,2.6,40.9,1.034,0.42
"Serge Ibaka","C","mil",19,2,17.8,7,1.2,4.1,5.3,0.7,0.2,0.4,0.5,2.4,1.3,13.77,2.8,5.5,51.9,0.7,1.9,35.1,0.6,0.8,80,2.2,3.5,61.2,1.279,0.58
"George Hill","PG","mil",54,17,23.2,6.2,0.7,2.2,2.9,2.2,0.8,0.1,0.8,1.3,2.9,10.25,2.2,5.1,42.9,0.8,2.5,30.6,1.1,1.1,91.9,1.4,2.6,54.6,1.215,0.5
"Jevon Carter","PG","mil",20,2,17.7,5.6,0.3,1.9,2.2,2.5,0.5,0.2,0.4,1.1,6.3,14.38,2,4,50.6,1.2,2.2,55.8,0.4,0.4,100,0.8,1.8,44.4,1.418,0.66
"Greg Monroe","C","mil",5,0,14,5.4,2.2,2,4.2,0.4,0.6,0.4,0.6,1.4,0.7,16.01,2.2,4.4,50,0,0,0,1,1.8,55.6,2.2,4.4,50,1.227,0.5
"Wesley Matthews","SG","mil",49,14,20.4,5.1,0.6,1.3,1.9,0.7,0.5,0.2,0.4,1.8,2,6.97,1.8,4.5,39.5,1.1,3.2,33.8,0.4,0.6,78.6,0.7,1.3,54,1.132,0.52
"Lindell Wigginton","G","mil",19,0,10.5,4.2,0.2,1.2,1.3,1.2,0.3,0.1,0.6,0.9,1.9,10.25,1.4,3.2,42.6,0.5,1.4,34.6,1,1.8,54.3,0.9,1.8,48.6,1.311,0.5
"Sandro Mamukelashvili","PF","mil",41,3,9.9,3.8,0.9,1.1,2,0.5,0.2,0.2,0.4,0.7,1.5,14.73,1.4,2.8,49.6,0.5,1.3,42.3,0.4,0.5,81.8,0.9,1.5,55.6,1.339,0.59
"Thanasis Antetokounmpo","SF","mil",48,6,9.9,3.6,0.8,1.3,2.1,0.5,0.3,0.3,0.5,1.4,0.8,12.57,1.5,2.7,54.7,0,0.3,14.3,0.6,1,63,1.4,2.4,59.6,1.336,0.55
"Rodney Hood","SG","mil",39,0,14.9,3.3,0.3,1.4,1.7,0.8,0.3,0.1,0.2,0.7,4.3,6.72,1.2,3.4,35.1,0.6,2.1,30,0.3,0.4,92.9,0.6,1.3,43.1,0.985,0.44
"Semi Ojeleye","PF","mil",20,0,15.4,2.9,1.3,1.7,2.9,0.3,0.3,0.3,0.3,1.3,1,4.99,0.9,3.5,25.7,0.6,2.1,26.8,0.5,0.7,76.9,0.4,1.5,24.1,0.814,0.34
"Justin Robinson","F","mil",17,0,11.6,2.8,0.1,0.6,0.8,1.2,0.5,0,0.6,1,1.9,4.32,1.1,3.4,31.6,0.6,2.2,27,0.1,0.1,100,0.5,1.2,40,0.842,0.4
"Javonte Smart","G","mil",13,1,12.3,2.4,0.3,1.2,1.5,1.1,0.3,0.2,0.7,0.8,1.6,2.48,0.8,3.3,25.6,0.3,1.4,22.2,0.4,0.5,83.3,0.5,1.9,28,0.721,0.3
"Georgios Kalaitzakis","SF","mil",9,0,5.3,1.8,0.4,0.4,0.9,0,0.1,0.1,0.4,0.9,0,5.86,0.6,1.2,45.5,0.2,0.4,50,0.4,1,44.4,0.3,0.8,42.9,1.455,0.55
"DeAndre' Bembry","SG","mil",8,0,9.6,0.8,0.5,0.9,1.4,0.8,0.3,0,0.1,1.1,6,4.82,0.4,1,37.5,0,0,0,0,0,0,0.4,1,37.5,0.75,0.38
"Langston Galloway","SG","mil",3,0,16.3,0.7,0.7,2.7,3.3,2.3,0.3,0,0.3,0.7,7,-0.65,0.3,4.3,7.7,0,2.7,0,0,0,0,0.3,1.7,20,0.154,0.08
"Luke Kornet","F","mil",1,0,3,0,1,0,1,0,0,0,0,1,0,-4.99,0,1,0,0,0,0,0,0,0,0,1,0,0,0
"Javin DeLaurier","C","mil",1,0,3,0,0,1,1,0,1,0,0,1,0,15.62,0,0,0,0,0,0,0,0,0,0,0,0,0,0
"Jeff Dowtin","G","mil",1,0,3,0,0,0,0,0,0,0,0,0,0,-12.85,0,1,0,0,1,0,0,0,0,0,0,0,0,0
"Karl-Anthony Towns","C","min",74,74,33.4,24.6,2.6,7.2,9.8,3.6,1,1.1,3.1,3.6,1.2,24.21,8.7,16.4,52.9,2,4.9,41,5.2,6.3,82.2,6.6,11.5,58,1.498,0.59
"Anthony Edwards","SF","min",72,72,34.3,21.3,0.9,3.9,4.8,3.8,1.5,0.6,2.6,2.3,1.4,16.55,7.6,17.3,44.1,3,8.4,35.7,3.1,3.9,78.6,4.6,8.9,51.9,1.231,0.53
"D'Angelo Russell","PG","min",65,65,32,18.1,0.4,2.9,3.3,7.1,1,0.3,2.5,2,2.8,16.36,6.2,15,41.1,2.7,8,34,3,3.7,82.5,3.5,7,49.2,1.206,0.5
"Malik Beasley","SG","min",79,18,25,12.1,0.3,2.5,2.9,1.5,0.5,0.2,0.5,1.1,2.7,11.91,4.2,10.8,39.1,3,8.1,37.7,0.6,0.8,81.7,1.2,2.7,43.2,1.121,0.53
"Jaden McDaniels","PF","min",70,31,25.8,9.2,1.1,3.1,4.2,1.1,0.7,0.8,1.1,3.2,1.1,10.31,3.6,7.9,46,1.1,3.6,31.7,0.8,1,80.3,2.5,4.3,57.9,1.168,0.53
"Patrick Beverley","PG","min",58,54,25.4,9.2,1.1,3.1,4.1,4.6,1.2,0.9,1.3,3,3.7,14.8,3.1,7.5,40.6,1.4,4.2,34.3,1.7,2.3,72.2,1.6,3.3,48.5,1.222,0.5
"Jaylen Nowell","SG","min",62,1,15.7,8.5,0.4,1.6,2,2.1,0.4,0.2,0.6,1.2,3.6,16.89,3.2,6.7,47.5,1,2.6,39.4,1.2,1.5,78.3,2.1,4.1,52.6,1.276,0.55
"Naz Reid","C","min",77,6,15.8,8.3,1.3,2.6,3.9,0.9,0.5,0.9,1.1,2.2,0.9,17.27,3,6.2,49,0.7,2.2,34.3,1.5,1.9,76.5,2.3,4,56.8,1.338,0.55
"Taurean Prince","PF","min",69,8,17.1,7.3,0.4,2.1,2.5,1,0.7,0.3,0.8,1.7,1.3,12.47,2.6,5.7,45.4,1.2,3.3,37.6,0.9,1.2,75.6,1.3,2.3,56.5,1.287,0.56
"Greg Monroe","C","min",4,0,20.3,7.3,1.5,4.5,6,4,1,1.5,1.8,2.3,2.3,18.93,3.3,5.5,59.1,0,0,0,0.8,1.8,42.9,3.3,5.5,59.1,1.318,0.59
"Jarred Vanderbilt","PF","min",74,67,25.4,6.9,2.9,5.5,8.4,1.3,1.3,0.6,1,2.4,1.3,15.35,2.9,4.9,58.7,0,0.2,14.3,1.2,1.8,65.6,2.8,4.7,60.5,1.418,0.59
"Jordan McLaughlin","PG","min",62,3,14.5,3.8,0.4,1.2,1.5,2.9,0.9,0.2,0.6,0.9,4.7,13.47,1.4,3.2,44,0.4,1.4,31.8,0.5,0.6,75,1,1.9,53,1.165,0.51
"Nathan Knight","F","min",37,2,7.2,3.7,0.9,1.4,2.3,0.6,0.2,0.2,0.5,1.1,1.2,18.72,1.2,2.4,51.1,0.1,0.4,30.8,1.2,1.6,73.3,1.1,2,54.7,1.568,0.53
"Josh Okogie","SF","min",49,6,10.5,2.7,0.6,0.8,1.4,0.5,0.5,0.2,0.5,1.1,1.1,9.04,0.9,2.1,40.4,0.3,1,29.8,0.7,1,68.6,0.6,1.2,49.1,1.279,0.47
"Jake Layman","SF","min",34,1,6.8,2.4,0.2,0.9,1.1,0.3,0.2,0.1,0.3,0.4,0.9,9.07,0.9,2.1,41.1,0.2,1,22.9,0.4,0.5,72.2,0.6,1.1,57.9,1.11,0.47
"Leandro Bolmaro","SG","min",35,2,6.9,1.4,0.5,0.8,1.2,0.6,0.2,0,0.4,0.7,1.6,5.44,0.5,1.5,31.5,0.1,0.5,27.8,0.3,0.4,84.6,0.3,1,33.3,0.926,0.36
"McKinley Wright IV","PG","min",5,0,3.8,1,0,0,0,0.6,0,0,0.2,0.2,3,9.57,0.4,0.6,66.7,0.2,0.4,50,0,0,0,0.2,0.2,100,1.667,0.83
"Chris Silva","F","min",1,0,3,0,0,1,1,0,0,0,0,0,0,3.83,0,0,0,0,0,0,0,0,0,0,0,0,0,0
"CJ McCollum","SG","no",26,26,33.8,24.3,0.7,3.7,4.5,5.8,1.3,0,2.2,1.7,2.7,22.01,9.5,19.2,49.3,2.7,6.9,39.4,2.6,3.9,66.7,6.7,12.3,54.9,1.265,0.56
"Brandon Ingram","SF","no",55,55,34,22.7,0.6,5.2,5.8,5.6,0.6,0.5,2.7,2.2,2,18.78,8.2,17.9,46.1,1.3,4.1,32.7,4.8,5.9,82.6,6.9,13.8,50.1,1.268,0.5
"Jonas Valanciunas","C","no",74,74,30.3,17.8,3.1,8.3,11.4,2.6,0.6,0.8,2.4,3.3,1.1,21.3,6.9,12.7,54.4,0.8,2.1,36.1,3.2,3.9,82,6.1,10.5,58.1,1.401,0.57
"Josh Hart","SG","no",41,40,33.5,13.4,1.3,6.5,7.8,4.1,1.1,0.3,2,2.9,2.1,15.19,4.8,9.4,50.5,1,3.2,32.3,2.8,3.8,75.3,3.7,6.2,59.8,1.42,0.56
"Nickeil Alexander-Walker","SG","no",50,19,26.3,12.8,0.7,2.6,3.3,2.8,0.8,0.4,1.7,1.8,1.6,10.6,4.7,12.6,37.5,1.9,6.1,31.1,1.4,1.9,72.2,2.8,6.5,43.4,1.011,0.45
"Devonte' Graham","PG","no",76,63,28.4,11.9,0.5,1.8,2.3,4.2,0.9,0.2,1.4,1.3,3,12.1,3.9,10.7,36.3,2.5,7.4,34.1,1.6,1.8,84.3,1.4,3.3,41.3,1.107,0.48
"Herbert Jones","SF","no",78,69,29.9,9.5,1.3,2.5,3.8,2.1,1.7,0.8,1.3,3.1,1.7,12.35,3.5,7.4,47.6,0.7,2.2,33.7,1.8,2.1,84,2.8,5.2,53.3,1.288,0.53
"Jaxson Hayes","C","no",70,28,20,9.3,1.6,2.9,4.5,0.6,0.5,0.8,0.8,2.2,0.8,18.56,3.5,5.7,61.6,0.3,0.8,35.1,2.1,2.7,76.6,3.2,4.9,66,1.643,0.64
"Willy Hernangomez","C","no",50,8,16.8,9.1,2.9,3.9,6.8,1.3,0.4,0.4,1,1.9,1.2,22.3,3.4,6.5,52,0.1,0.2,33.3,2.2,2.8,77.3,3.3,6.3,52.7,1.385,0.53
"Jared Harper","G","no",5,0,8.6,7.4,0.4,0,0.4,2.8,0.8,0.2,0.4,1,7,37,2.8,5.2,53.8,1,2.4,41.7,0.8,0.8,100,1.8,2.8,64.3,1.423,0.63
"Larry Nance Jr.","PF","no",9,0,20.2,7.3,1.6,2.8,4.3,0.9,0.6,0.8,1.1,1.9,0.8,14.26,3,5.4,55.1,0.4,0.9,50,0.9,0.9,100,2.6,4.6,56.1,1.347,0.59
"Jose Alvarado","PG","no",54,1,15.4,6.1,0.5,1.4,1.9,2.8,1.3,0.1,0.7,1.4,3.8,16.46,2.4,5.4,44.6,0.6,2,29.1,0.7,1,67.9,1.8,3.4,53.8,1.122,0.5
"Kira Lewis Jr.","PG","no",24,0,14.2,5.9,0.4,1.3,1.6,2,0.5,0,1.1,0.7,1.9,9.83,2.5,6.1,40.4,0.5,2.4,22.4,0.4,0.5,83.3,1.9,3.7,52.3,0.966,0.45
"Tony Snell","SF","no",15,2,18.5,5.9,0.3,1.7,2.1,0.5,0.5,0.1,0.5,1.7,1,8.62,2.2,4.9,44.6,1.4,3.5,39.6,0.1,0.1,100,0.8,1.4,57.1,1.189,0.59
"Naji Marshall","SF","no",55,4,13.4,5.7,0.7,1.9,2.6,1.1,0.6,0.1,0.8,1.3,1.3,12.33,2,4.9,40.5,0.4,1.9,20,1.3,1.7,79.6,1.6,3,53.7,1.164,0.44
"Trey Murphy III","SG","no",62,1,13.9,5.4,0.8,1.6,2.4,0.6,0.4,0.1,0.3,1,2.4,12.53,1.8,4.5,39.3,1.1,3,38.2,0.7,0.8,88.2,0.6,1.5,41.8,1.206,0.52
"Garrett Temple","SF","no",59,16,18.6,5.2,0.5,1.9,2.4,1.3,0.7,0.4,0.7,1.4,1.8,8.67,1.9,5,37.6,1,3.1,31.9,0.5,0.7,68.3,0.9,1.9,47.3,1.047,0.48
"Tyrone Wallace","G","no",6,0,12.5,2.8,0,1.3,1.3,0.2,0.5,0.2,0.3,1.2,0.5,2.57,1.2,3.3,35,0.3,1.3,25,0.2,0.8,20,0.8,2,41.7,0.85,0.4
"Tomas Satoransky","SG","no",32,3,15,2.8,0.6,1.4,2,2.4,0.4,0,0.7,1,3.3,6.51,1,3.3,29.9,0.2,1,16.1,0.6,0.8,76,0.8,2.4,35.5,0.822,0.32
"Gary Clark","F","no",38,1,9.9,2.7,0.6,1.8,2.4,0.5,0.3,0.2,0.3,0.5,1.8,11.42,0.9,2.3,37.5,0.7,1.8,40,0.2,0.3,70,0.1,0.5,27.8,1.148,0.53
"Alize Johnson","F","no",4,0,7,2.3,1.8,1.5,3.3,0.3,0.5,0,0.3,0.8,1,15.93,0.8,2.5,30,0,0,0,0.8,1,75,0.8,2.5,30,0.9,0.3
"Didi Louzada","SF","no",2,0,3.5,0,1,0,1,0.5,0,0,0,0,Inf,-1.17,0,1.5,0,0,1.5,0,0,0,0,0,0,0,0,0
"Julius Randle","PF","ny",72,72,35.3,20.1,1.7,8.2,9.9,5.1,0.7,0.5,3.4,2.8,1.5,15.8,7.1,17.3,41.1,1.7,5.4,30.8,4.2,5.6,75.6,5.4,11.9,45.8,1.161,0.46
"RJ Barrett","SG","ny",70,70,34.5,20,0.9,4.9,5.8,3,0.6,0.2,2.2,2,1.4,13.72,7,17.1,40.8,2,5.8,34.2,4.1,5.8,71.4,5,11.3,44.2,1.174,0.47
"Evan Fournier","SG","ny",80,80,29.5,14.1,0.4,2.2,2.6,2.1,1,0.3,1.3,2.3,1.6,12.34,5,12.1,41.7,3,7.7,38.9,1,1.4,70.8,2,4.3,46.5,1.166,0.54
"Derrick Rose","PG","ny",26,4,24.5,12,0.8,2.2,3,4,0.8,0.5,1.5,0.6,2.6,16.93,4.7,10.5,44.5,1.4,3.5,40.2,1.2,1.2,96.8,3.3,7,46.7,1.135,0.51
"Alec Burks","SG","ny",81,44,28.6,11.7,0.6,4.3,4.9,3,1,0.3,1.1,2.7,2.6,13.72,3.5,9,39.1,1.9,4.8,40.4,2.7,3.3,82.2,1.6,4.2,37.8,1.297,0.5
"Kemba Walker","PG","ny",37,37,25.6,11.6,0.4,2.6,3,3.5,0.7,0.2,1.3,1,2.7,13.96,4,10,40.3,2,5.4,36.7,1.6,1.9,84.5,2.1,4.6,44.4,1.165,0.5
"Immanuel Quickley","SG","ny",78,3,23.1,11.3,0.4,2.8,3.2,3.5,0.7,0,1.3,2.1,2.8,14.59,3.6,9.3,39.2,1.8,5.1,34.6,2.3,2.6,88.1,1.9,4.2,44.8,1.218,0.49
"Obi Toppin","PF","ny",72,10,17.1,9,1,2.8,3.7,1.1,0.3,0.5,0.8,1.4,1.4,18.4,3.5,6.6,53.1,0.7,2.3,30.8,1.3,1.7,75.8,2.8,4.2,65.5,1.37,0.59
"Mitchell Robinson","C","ny",72,62,25.7,8.5,4.1,4.5,8.6,0.5,0.8,1.8,0.8,2.7,0.6,20.78,3.6,4.8,76.1,0,0,0,1.2,2.5,48.6,3.6,4.8,76.1,1.778,0.76
"Cam Reddish","SF","ny",15,0,14.4,6.1,0.3,1.1,1.4,0.7,0.8,0.3,0.9,1,0.8,12.83,1.8,4.3,41.5,0.5,2.1,25.8,1.9,2.1,90.6,1.3,2.3,55.9,1.4,0.48
"Quentin Grimes","SG","ny",46,6,17.1,6,0.5,1.5,2,1,0.7,0.2,0.6,1.6,1.6,10.77,2.1,5.1,40.4,1.6,4.1,38.1,0.3,0.4,68.4,0.5,1,50,1.17,0.56
"Taj Gibson","F","ny",52,4,18.2,4.4,1.7,2.7,4.4,0.6,0.4,0.8,0.5,2.6,1.2,12.03,1.7,3.2,51.8,0.3,0.7,39.5,0.8,1,80.8,1.4,2.5,55.5,1.38,0.56
"Kevin Knox II","F","ny",13,0,8.5,3.6,0.6,1.1,1.7,0.2,0.2,0.1,0.4,0.4,0.6,11.66,1.2,3.1,37.5,0.8,2.2,35.7,0.5,0.8,70,0.4,0.9,41.7,1.175,0.5
"Nerlens Noel","C","ny",25,11,22.5,3.4,1.9,3.7,5.6,0.9,1.2,1.2,0.8,2.7,1.2,11.81,1.3,2.4,53.3,0,0.1,0,0.8,1.2,70,1.3,2.3,56.1,1.417,0.53
"Miles McBride","PG","ny",40,2,9.3,2.2,0.1,1,1.1,1,0.4,0,0.1,1.1,8.2,6.17,0.8,2.7,29.6,0.4,1.7,25,0.2,0.3,66.7,0.4,1,37.5,0.824,0.38
"Jericho Sims","PF","ny",41,5,13.5,2.2,1.5,2.6,4.1,0.5,0.3,0.5,0.5,1.6,1.1,11.65,1,1.3,72.2,0,0,0,0.3,0.7,41.4,1,1.3,72.2,1.667,0.72
"Damyean Dotson","SG","ny",2,0,10.5,2,0,1,1,0.5,0,0,0,0,Inf,6.39,1,2,50,0,0.5,0,0,0,0,1,1.5,66.7,1,0.5
"Wayne Selden","F","ny",3,0,6.3,1.7,0,0.3,0.3,0.3,0,0,0,0.3,Inf,4.27,0.3,1.3,25,0.3,0.7,50,0.7,1.3,50,0,0.7,0,1.25,0.38
"Ryan Arcidiacono","G","ny",10,0,7.6,1.6,0,0.8,0.8,0.4,0.1,0,0.3,0.5,1.3,6.14,0.6,1.2,50,0.4,0.9,44.4,0,0,0,0.2,0.3,66.7,1.333,0.67
"Danuel House Jr.","SF","ny",1,0,3,0,0,0,0,0,0,0,0,0,0,-13.35,0,1,0,0,1,0,0,0,0,0,0,0,0,0
"Matt Mooney","SG","ny",1,0,2,0,0,0,0,0,1,0,1,0,0,-20.03,0,1,0,0,1,0,0,0,0,0,0,0,0,0
"Tyler Hall","G","ny",1,0,2,0,0,0,0,0,0,0,0,0,0,0,0,0,0,0,0,0,0,0,0,0,0,0,0,0
"Feron Hunt","F","ny",2,0,4,0,0.5,0,0.5,0.5,0.5,0,0.5,0.5,1,-2.98,0,1,0,0,0,0,0,0,0,0,1,0,0,0
"Shai Gilgeous-Alexander","PG","okc",56,56,34.7,24.5,0.7,4.3,5,5.9,1.3,0.8,2.8,2.5,2.1,20.99,8.5,18.8,45.3,1.6,5.3,30,5.9,7.2,81,6.9,13.5,51.4,1.303,0.5
"Georgios Kalaitzakis","SF","okc",4,4,41.5,17.5,0.5,2.8,3.3,3,2.5,0.3,4,2.8,0.8,9.4,6.5,14,46.4,2,5.5,36.4,2.5,5.3,47.6,4.5,8.5,52.9,1.25,0.54
"Luguentz Dort","SF","okc",51,51,32.6,17.2,0.7,3.4,4.2,1.7,0.9,0.4,1.7,2.9,1,12.31,5.7,14.2,40.4,2.5,7.7,33.2,3.2,3.7,84.3,3.2,6.6,48.7,1.208,0.49
"Jaylen Hoard","F","okc",7,5,34.3,14.7,4.3,7.7,12,2.4,0.9,0.7,1.1,2,2.1,18.05,6.3,12.9,48.9,1.3,3.6,36,0.9,2,42.9,5,9.3,53.8,1.144,0.54
"Josh Giddey","SG","okc",54,54,31.5,12.5,1.8,6,7.8,6.4,0.9,0.4,3.2,1.6,2,13.34,5.2,12.4,41.9,1,3.9,26.3,1,1.5,70.9,4.2,8.5,49.2,1.006,0.46
"Zavier Simpson","G","okc",4,4,43.5,11,0.5,4.8,5.3,7.5,1.3,1,2.5,3.8,3,7.71,4.8,13,36.5,0.3,2,12.5,1.3,1.3,100,4.5,11,40.9,0.846,0.38
"Darius Bazley","PF","okc",69,53,27.9,10.8,1,5.3,6.3,1.4,0.8,1,1.3,1,1.1,12.62,4,9.4,42.2,1.2,3.9,29.7,1.7,2.5,68.8,2.8,5.5,51.1,1.148,0.48
"Melvin Frazier Jr.","G","okc",3,0,40,10.7,1.7,2.7,4.3,0.3,0.3,0,1,2.7,0.3,-0.41,4.3,16,27.1,0.3,7,4.8,1.7,2.3,71.4,4,9,44.4,0.667,0.28
"Tre Mann","PG","okc",60,26,22.8,10.4,0.4,2.4,2.9,1.5,0.8,0.2,1.2,1.7,1.3,10.29,3.9,9.8,39.3,1.6,4.5,36,1.1,1.4,79.3,2.2,5.3,42.1,1.063,0.48
"Isaiah Roby","PF","okc",45,28,21.1,10.1,1.7,3.2,4.8,1.6,0.8,0.8,1,2.4,1.7,18.35,3.7,7.2,51.4,1,2.2,44.4,1.7,2.6,67.2,2.7,5,54.5,1.406,0.58
"Aaron Wiggins","SG","okc",50,35,24.2,8.3,1,2.5,3.6,1.4,0.6,0.2,1.1,1.9,1.3,10.29,3.1,6.7,46.3,0.8,2.8,30.4,1.2,1.7,72.9,2.3,4,57.3,1.234,0.53
"Mike Muscala","C","okc",43,0,13.8,8,0.5,2.5,3,0.5,0.4,0.6,0.3,1.3,1.6,19.67,2.6,5.8,45.6,1.6,3.8,42.9,1.1,1.3,84.2,1,2,50.6,1.387,0.6
"Lindy Waters III","F","okc",25,1,18.6,8,0.2,2.7,2.9,1,0.8,0.3,0.4,1.2,2.2,13.01,2.8,7,40.6,2.1,5.8,36.3,0.2,0.2,80,0.7,1.2,62.1,1.137,0.56
"Aleksej Pokusevski","C","okc",61,12,20.2,7.6,1.2,4,5.2,2.1,0.6,0.6,1.5,1.4,1.4,12,3,7.5,40.8,0.9,3.2,28.9,0.6,0.8,70,2.1,4.2,49.8,1.018,0.47
"Jeremiah Robinson-Earl","PF","okc",49,36,22.2,7.5,1.5,4.1,5.6,1,0.6,0.3,0.8,1.5,1.3,11.74,2.7,6.6,41.4,1.2,3.4,35.2,0.8,1.1,74.1,1.6,3.2,47.8,1.13,0.5
"Kenrich Williams","SF","okc",49,0,21.9,7.4,1.5,3,4.5,2.2,0.9,0.2,0.9,1.7,2.3,13.36,3,6.5,46.1,0.8,2.5,33.9,0.6,1.1,54.5,2.1,4,53.6,1.145,0.53
"Ty Jerome","SG","okc",48,4,16.7,7.1,0.4,1.2,1.6,2.3,0.6,0.1,0.8,1.5,2.9,11.34,2.6,6.8,37.8,1.1,3.9,29,0.8,1,80.9,1.5,3,49.3,1.037,0.46
"Theo Maledon","PG","okc",51,7,17.8,7.1,0.4,2.2,2.6,2.2,0.6,0.2,1.3,1.3,1.7,10.6,2.3,6.2,37.5,0.9,2.9,29.3,1.5,2,79,1.5,3.3,44.9,1.139,0.44
"Olivier Sarr","C","okc",22,2,19.1,7,1.5,2.7,4.2,0.9,0.3,0.7,1,2.4,0.9,14.04,2.6,4.6,57.4,0.6,1.3,44.8,1.1,1.3,82.8,2,3.3,62.5,1.515,0.64
"Vit Krejci","G","okc",30,8,23,6.2,0.6,2.8,3.4,1.9,0.6,0.3,1,2.2,2,8.52,2.3,5.6,40.7,1.1,3.3,32.7,0.6,0.7,86.4,1.2,2.3,52.2,1.12,0.5
"Derrick Favors","C","okc",39,18,16.7,5.3,1.5,3.2,4.7,0.6,0.4,0.3,0.2,1.6,2.8,13.61,2.4,4.7,51.6,0.1,0.4,12.5,0.4,0.6,64,2.4,4.3,55.4,1.132,0.52
"Mamadi Diakite","PF","okc",13,3,14.5,4.3,1.3,3.2,4.5,0.2,0.4,0.7,0.5,2.5,0.3,11.68,1.9,3.6,53.2,0,0.4,0,0.5,0.8,54.5,1.9,3.2,59.5,1.191,0.53
"Scotty Hopson","G","okc",1,0,18,4,0,1,1,1,0,0,2,1,0.5,0.12,2,4,50,0,1,0,0,0,0,2,3,66.7,1,0.5
"Paul Watson","SG","okc",9,3,17.3,3.4,0.3,2.7,3,0.9,0.3,0.3,0.4,1.1,2,5.72,1.3,3.9,34.3,0.7,2.9,23.1,0.1,0.2,50,0.7,1,66.7,0.886,0.43
"Gabriel Deck","SF","okc",7,0,8,2.6,0.1,0.7,0.9,0.7,0.1,0,0.3,0.3,2.5,11.57,1.1,2,57.1,0.3,0.6,50,0,0,0,0.9,1.4,60,1.286,0.64
"Rob Edwards","G","okc",2,0,5.5,1.5,0,1.5,1.5,0,0,0,0.5,0,0,-0.82,0.5,2,25,0.5,2,25,0,0,0,0,0,0,0.75,0.38
"Cole Anthony","PG","orl",65,65,31.7,16.3,0.5,4.9,5.4,5.7,0.7,0.3,2.6,2.6,2.2,13.55,5.5,14,39.1,2,6,33.8,3.3,3.9,85.4,3.5,8,43.2,1.164,0.46
"Franz Wagner","SF","orl",79,79,30.7,15.2,1.1,3.4,4.5,2.9,0.9,0.4,1.5,2.1,1.9,14.75,5.8,12.3,46.8,1.2,3.4,35.4,2.4,2.8,86.3,4.6,8.9,51.1,1.228,0.52
"Wendell Carter Jr.","C","orl",62,61,29.9,15,2.2,8.2,10.5,2.8,0.6,0.7,1.9,2.7,1.5,18.41,5.8,11,52.5,1.1,3.5,32.7,2.3,3.3,69.1,4.7,7.6,61.5,1.361,0.58
"Jalen Suggs","SG","orl",48,45,27.2,11.8,0.5,3,3.6,4.4,1.2,0.4,3,3,1.5,8.66,4.1,11.4,36.1,0.9,4.1,21.4,2.6,3.4,77.3,3.3,7.3,44.3,1.029,0.4
"Gary Harris","SG","orl",61,30,28.4,11.1,0.6,1.4,2,1.8,1,0.1,1,1.8,1.8,10.89,3.9,9.1,43.4,1.9,5,38.4,1.4,1.6,87.4,2,4.1,49.4,1.228,0.54
"Markelle Fultz","PG","orl",18,3,20,10.8,0.2,2.5,2.7,5.5,1.1,0.3,2.2,1.2,2.5,17.75,4.6,9.7,47.4,0.2,0.9,23.5,1.4,1.7,80.6,4.4,8.8,50,1.114,0.49
"Mo Bamba","C","orl",71,69,25.7,10.6,2.1,6,8.1,1.2,0.5,1.7,1.1,2.6,1.1,16.5,4.2,8.7,48,1.5,4,38.1,0.8,1,78.1,2.7,4.7,56.3,1.225,0.57
"Devin Cannady","G","orl",5,0,29,10,0.2,1,1.2,2,1,0.6,1,1.8,2,8.66,3,8.8,34.1,3,7.4,40.5,1,1.4,71.4,0,1.4,0,1.136,0.51
"Terrence Ross","SG","orl",63,0,23,10,0.3,2.2,2.6,1.8,0.4,0.2,1.2,1.1,1.5,10.07,3.5,8.8,39.7,1.2,4.2,29.2,1.8,2.1,86.2,2.3,4.6,49.3,1.135,0.47
"Moritz Wagner","C","orl",63,3,15.2,9,0.7,3,3.7,1.4,0.3,0.2,0.9,2,1.6,18.13,3.1,6.3,49.7,1,3.2,32.8,1.7,2,80.6,2.1,3.1,67.2,1.424,0.58
"Chuma Okeke","PF","orl",70,20,25,8.6,0.7,4.3,5,1.7,1.4,0.6,0.8,1.4,2.1,12.08,3.1,8.2,37.6,1.7,5.3,31.8,0.8,0.9,84.6,1.4,2.9,48,1.052,0.48
"R.J. Hampton","PG","orl",64,14,21.9,7.6,0.4,2.7,3,2.5,0.7,0.2,1.4,1.6,1.8,8.56,2.7,7.1,38.3,1,2.9,35,1.2,1.8,64.1,1.7,4.3,40.5,1.07,0.45
"Robin Lopez","C","orl",36,9,17,7.1,1.9,1.6,3.5,1.5,0.1,0.5,1.2,1.9,1.2,13.73,3.1,5.5,55.3,0.1,0.2,33.3,0.9,1.5,59.3,3,5.4,56,1.276,0.56
"BJ Johnson","F","orl",4,0,16.3,6.5,1.5,2.3,3.8,0,0,0.3,0,1,0,12.15,2.8,6.3,44,1,2.5,40,0,0,0,1.8,3.8,46.7,1.04,0.52
"Hassani Gravett","PG","orl",8,3,21.4,6.3,0.1,2.5,2.6,2.5,0.6,0.1,1.1,1.6,2.2,10.1,2.3,4.8,47.4,1.4,3.3,42.3,0.4,0.5,75,0.9,1.5,58.3,1.316,0.62
"Ignas Brazdeikis","SF","orl",42,1,12.8,5,0.5,1.2,1.7,0.9,0.2,0.1,0.4,1.1,2.2,10.3,1.9,4.5,43.1,0.6,2.1,31,0.5,0.8,65.6,1.3,2.4,53.5,1.117,0.5
"Admiral Schofield","SF","orl",38,1,12.3,3.8,0.4,1.9,2.3,0.7,0.1,0.1,0.6,1.5,1.2,7.56,1.4,3.4,41.9,0.7,2.1,32.9,0.3,0.4,80,0.7,1.3,56,1.132,0.52
"Tim Frazier","PG","orl",10,3,20,3.7,0.5,1.4,1.9,3.3,0.3,0.1,1.3,2.4,2.5,3.86,1.3,4.3,30.2,0.6,1.7,35.3,0.5,0.9,55.6,0.7,2.6,26.9,0.86,0.37
"Mychal Mulder","G","orl",15,2,13,3.7,0.1,1.3,1.4,0.2,0.3,0.1,0.5,0.8,0.4,2.15,1.3,4.5,29.9,0.9,3.1,28.3,0.1,0.1,100,0.5,1.4,33.3,0.821,0.4
"Jeff Dowtin","G","orl",4,0,19.3,3.3,1.8,1,2.8,1.8,1.3,0,1,0.8,1.8,6.53,1.3,4.8,26.3,0.3,1.8,14.3,0.5,0.5,100,1,3,33.3,0.684,0.29
"Aleem Ford","F","orl",5,0,14.8,2.8,0.4,2.6,3,0.4,0.2,0,0.8,1.4,0.5,0.5,1.2,4,30,0.4,3,13.3,0,0,0,0.8,1,80,0.7,0.35
"Freddie Gillespie","SF","orl",9,2,13.2,2.3,1.4,2.6,4,0.6,0.3,1,0.6,2,1,9.47,1,2.4,40.9,0,0.1,0,0.3,0.8,42.9,1,2.3,42.9,0.955,0.41
"Joel Embiid","C","phi",68,68,33.8,30.6,2.1,9.6,11.7,4.2,1.1,1.5,3.1,2.7,1.3,31.24,9.8,19.6,49.9,1.4,3.7,37.1,9.6,11.8,81.4,8.4,15.9,52.9,1.558,0.53
"James Harden","SG","phi",21,21,37.7,21,0.6,6.5,7.1,10.5,1.2,0.2,3.4,2.3,3.1,21.84,5.5,13.6,40.2,2.2,6.7,32.6,7.9,8.9,89.2,3.3,6.9,47.6,1.545,0.48
"Tyrese Maxey","PG","phi",75,74,35.3,17.5,0.3,2.9,3.2,4.3,0.7,0.4,1.2,2.1,3.6,16.27,6.4,13.3,48.5,1.8,4.1,42.7,2.8,3.3,86.6,4.7,9.1,51.2,1.318,0.55
"Tobias Harris","PF","phi",73,73,34.8,17.2,1.1,5.7,6.8,3.5,0.6,0.6,1.6,2.2,2.2,16,6.8,14,48.2,1.4,3.8,36.7,2.3,2.8,84.2,5.4,10.2,52.5,1.23,0.53
"Seth Curry","SG","phi",45,45,34.8,15,0.4,3,3.4,4,0.8,0.2,1.9,2.2,2.2,13.37,5.7,11.7,48.5,2.2,5.6,40,1.4,1.6,87.7,3.5,6.2,56.1,1.28,0.58
"Georges Niang","SF","phi",76,7,22.8,9.2,0.3,2.3,2.7,1.3,0.4,0.2,0.8,2.5,1.7,10.7,3.2,7.4,43.7,2.1,5.1,40.3,0.7,0.8,88.1,1.2,2.3,51.1,1.243,0.58
"Shake Milton","SG","phi",55,6,21.4,8.2,0.5,2,2.6,2.5,0.5,0.3,0.8,1.8,3.2,11.93,3.1,7.3,42.9,0.8,2.4,32.3,1.1,1.3,83.6,2.4,4.9,48.1,1.117,0.48
"Furkan Korkmaz","SG","phi",67,19,21.1,7.6,0.3,2.3,2.6,1.9,0.5,0.1,0.7,0.9,2.6,10.22,2.7,7,38.7,1.1,4,28.9,1,1.3,81,1.6,3,51.5,1.083,0.47
"Andre Drummond","C","phi",49,12,18.4,6.1,2.8,6.1,8.8,2,1.1,0.9,1.6,2.5,1.2,19.38,2.6,4.9,53.8,0,0,0,0.9,1.7,51.2,2.6,4.8,54.2,1.252,0.54
"Danny Green","SF","phi",62,28,21.8,5.9,0.5,2,2.5,1,1,0.6,0.7,1.7,1.4,9.53,2,5.2,39.4,1.7,4.4,38,0.2,0.2,78.6,0.4,0.8,46.9,1.144,0.55
"Matisse Thybulle","SG","phi",66,50,25.5,5.7,0.6,1.7,2.3,1.1,1.7,1.1,0.6,2.4,1.9,11.22,2.3,4.5,50,0.7,2.2,31.3,0.5,0.7,79.1,1.6,2.4,67.3,1.263,0.58
"DeAndre Jordan","C","phi",16,1,13.4,4.6,2,3.8,5.8,0.5,0.1,0.6,1,1.3,0.5,16.56,2,3.4,59.3,0,0,0,0.6,0.9,71.4,2,3.4,59.3,1.37,0.59
"Paul Millsap","PF","phi",9,1,11.8,3.7,1.3,1.4,2.8,0.6,0.6,0.2,0.9,2.1,0.6,9.75,1.4,3.3,43.3,0.2,0.9,25,0.6,0.8,71.4,1.2,2.4,50,1.1,0.47
"Tyler Johnson","G","phi",3,0,12.7,3.7,0.3,1.7,2,0.7,0.3,0.3,0.3,1.3,2,9.43,1.3,3.3,40,1,2.3,42.9,0,0,0,0.3,1,33.3,1.1,0.55
"Isaiah Joe","SG","phi",55,1,11.1,3.6,0.1,0.9,1,0.6,0.3,0.1,0.3,0.9,1.8,7.71,1.1,3.2,35,0.8,2.5,33.3,0.5,0.6,93.5,0.3,0.8,40.5,1.119,0.48
"Paul Reed","SF","phi",38,2,8,3.1,1.2,1.3,2.4,0.4,0.9,0.4,0.3,1.5,1.6,21.36,1.4,2.5,56.3,0.1,0.2,25,0.2,0.4,42.9,1.4,2.3,59.1,1.208,0.57
"Charles Bassey","C","phi",23,0,7.3,3,1,1.7,2.7,0.3,0.2,0.7,0.3,1.4,0.9,21.5,1.3,2,63.8,0,0.2,0,0.4,0.5,75,1.3,1.9,69.8,1.468,0.64
"Charlie Brown Jr.","G","phi",19,2,8.5,1.5,0.7,0.9,1.6,0.3,0.4,0.2,0.3,0.8,1,6.61,0.5,1.8,26.5,0.1,0.5,11.1,0.5,0.5,90,0.4,1.3,32,0.824,0.28
"Myles Powell","G","phi",11,0,4.7,1.2,0.1,0.5,0.5,0.3,0.1,0,0.3,0.7,1,0.24,0.5,1.5,29.4,0.1,0.5,16.7,0.2,0.2,100,0.4,1,36.4,0.765,0.32
"Braxton Key","G","phi",2,0,3,1,0.5,0.5,1,0.5,0.5,0,1,0.5,0.5,9.11,0.5,1,50,0,0.5,0,0,0,0,0.5,0.5,100,1,0.5
"Jaden Springer","G","phi",2,0,3,1,0.5,0.5,1,0,0,1,0.5,0,0,26.42,0.5,0.5,100,0,0,0,0,0,0,0.5,0.5,100,2,1
"Aaron Henry","SF","phi",6,0,2.8,0.3,0,0.2,0.2,0,0,0.3,0.3,0.3,0,-7.34,0.2,0.8,20,0,0.2,0,0,0,0,0.2,0.7,25,0.4,0.2
"Willie Cauley-Stein","C","phi",2,0,3,0,0,1,1,0.5,0,0,0,1,Inf,4.14,0,0,0,0,0,0,0,0,0,0,0,0,0,0
"Devin Booker","SG","phx",68,68,34.5,26.8,0.7,4.4,5,4.8,1.1,0.4,2.4,2.6,2,21.38,9.7,20.9,46.6,2.7,7,38.3,4.6,5.3,86.8,7,13.9,50.8,1.282,0.53
"Deandre Ayton","C","phx",58,58,29.5,17.2,2.6,7.7,10.2,1.4,0.7,0.7,1.6,2.4,0.9,21.99,7.6,12,63.4,0.1,0.3,36.8,1.8,2.4,74.6,7.5,11.7,64.2,1.43,0.64
"Chris Paul","PG","phx",65,65,32.9,14.7,0.3,4,4.4,10.8,1.9,0.3,2.4,2.1,4.6,20.86,5.6,11.3,49.3,1,3.1,31.7,2.6,3.1,83.7,4.6,8.3,55.9,1.302,0.54
"Mikal Bridges","SF","phx",82,82,34.8,14.2,0.9,3.3,4.2,2.3,1.2,0.4,0.8,1.8,2.7,14.49,5.6,10.5,53.4,1.4,3.8,36.9,1.6,1.9,83.4,4.2,6.7,62.8,1.354,0.6
"Cameron Johnson","SF","phx",66,16,26.2,12.5,0.6,3.5,4.1,1.5,0.9,0.2,0.7,1.7,2.1,15.26,4.2,9.2,46,2.5,5.9,42.5,1.5,1.7,86,1.7,3.3,52.3,1.354,0.6
"Cameron Payne","PG","phx",58,12,22,10.8,0.4,2.6,3,4.9,0.7,0.3,1.8,2.1,2.7,13.87,4.1,10.1,40.9,1.2,3.6,33.6,1.3,1.5,84.3,2.9,6.5,44.9,1.066,0.47
"Frank Kaminsky","PG","phx",9,0,20.1,10.6,1.2,3.3,4.6,1.4,0.9,0.8,0.6,1.6,2.6,21.32,4,7.3,54.5,0.6,1.7,33.3,2,2.2,90,3.4,5.7,60.8,1.439,0.58
"Jae Crowder","PF","phx",67,67,28.1,9.4,0.4,4.8,5.3,1.9,1.4,0.4,0.8,2.6,2.3,11.33,3.2,8.1,39.9,1.9,5.4,34.8,1.1,1.3,78.9,1.3,2.7,50.3,1.162,0.52
"JaVale McGee","C","phx",74,17,15.8,9.2,2.2,4.5,6.7,0.6,0.3,1.1,1.3,2.4,0.4,22.65,3.9,6.2,62.9,0,0.1,22.2,1.4,2,69.9,3.9,6.1,63.7,1.485,0.63
"Landry Shamet","SG","phx",69,14,20.8,8.3,0.2,1.6,1.8,1.6,0.4,0.1,0.6,1.3,2.6,10.23,2.8,7,39.4,1.8,4.8,36.8,1,1.2,84,1,2.2,45,1.181,0.52
"Torrey Craig","SF","phx",27,2,20.8,6.9,1,3.3,4.3,1.2,0.8,0.6,1,2.1,1.2,11.43,2.7,5.9,45,1.1,3.6,32.3,0.4,0.6,70.6,1.5,2.4,64.1,1.169,0.55
"Aaron Holiday","G","phx",22,1,16.3,6.8,0.7,1.8,2.5,3.4,0.8,0,1.3,1.5,2.7,14.92,2.3,5.6,41.1,0.7,1.6,44.4,1.4,1.5,93.9,1.6,4,39.8,1.202,0.48
"Jalen Smith","F","phx",29,4,13.2,6,1.9,2.9,4.8,0.2,0.2,0.6,0.8,1.8,0.3,15.96,2.2,4.7,46,0.3,1.3,23.1,1.4,1.8,76.9,1.9,3.4,55.1,1.277,0.49
"Bismack Biyombo","C","phx",36,3,14.1,5.8,1.8,2.9,4.6,0.6,0.3,0.7,0.7,1.9,0.9,17.3,2.4,4,59.3,0,0,0,1.1,2,53.5,2.4,4,59.3,1.448,0.59
"Gabriel Lundberg","F","phx",4,0,11,3.3,0.5,1.3,1.8,2.8,0.8,0,0.8,1.8,3.7,7.73,1.3,4.8,26.3,0.8,2,37.5,0,0,0,0.5,2.8,18.2,0.684,0.34
"Elfrid Payton","PG","phx",50,1,11,3,0.4,1.3,1.8,2,0.5,0.1,0.9,0.8,2.1,7.89,1.3,3.5,38.3,0.1,0.4,22.2,0.2,0.6,37.5,1.3,3.1,40.1,0.857,0.39
"Paris Bass","F","phx",2,0,3.5,3,1,1,2,0,0.5,0,1,1,0,14.03,1,3,33.3,0,1,0,1,1,100,1,2,50,1,0.33
"Abdel Nader","SF","phx",14,0,10.4,2.4,0.3,1.6,1.9,0.5,0.6,0.3,0.8,1.4,0.6,4.88,0.9,2.5,34.3,0.3,1,28.6,0.4,0.7,60,0.6,1.5,38.1,0.971,0.4
"Ish Wainright","F","phx",45,0,8,2.4,0.6,0.6,1.2,0.3,0.4,0.1,0.3,1.1,1.2,9.4,0.9,2.3,39.4,0.4,1.3,32.2,0.2,0.3,58.3,0.5,1,48.9,1.038,0.49
"Justin Jackson","F","phx",6,0,5.8,2.2,0.2,1,1.2,0.3,0,0,0.2,0.5,2,6.86,0.8,2.3,35.7,0.5,1.5,33.3,0,0,0,0.3,0.8,40,0.929,0.46
"Chandler Hutchison","SF","phx",6,0,3.7,0.7,0,0.8,0.8,0.3,0,0,0.7,0.2,0.5,1.01,0.2,0.3,50,0,0,0,0.3,0.3,100,0.2,0.3,50,2,0.5
"MJ Walker","G","phx",2,0,4,0,0,0.5,0.5,0.5,1,0,0,0.5,Inf,-3.33,0,2,0,0,1,0,0,0,0,0,1,0,0,0
"Emanuel Terry","F","phx",3,0,6,0,2.7,2.3,5,0.7,0.3,0,1.7,1.3,0.4,-0.13,0,1.7,0,0,0,0,0,0,0,0,1.7,0,0,0
"Damian Lillard","PG","por",29,29,36.4,24,0.4,3.7,4.1,7.3,0.6,0.4,2.9,1.3,2.6,18.53,7.7,19,40.2,3.2,9.8,32.4,5.5,6.2,87.8,4.5,9.2,48.5,1.259,0.49
"CJ McCollum","SG","por",36,36,35.2,20.5,0.9,3.3,4.3,4.5,1,0.6,1.9,2.1,2.3,15.91,8.1,18.5,43.6,3.1,8,38.4,1.3,1.9,70.6,5,10.4,47.6,1.111,0.52
"Josh Hart","SG","por",13,13,32.1,19.9,0.7,4.7,5.4,4.3,1.2,0.2,2.5,2.5,1.7,19.42,7.1,14.1,50.3,2.4,6.4,37.3,3.4,4.4,77.2,4.7,7.7,61,1.415,0.59
"Norman Powell","SF","por",40,39,33.3,18.7,0.4,2.9,3.3,2.1,1,0.4,1.6,2.3,1.3,15.32,6.2,13.6,45.6,2.3,5.7,40.6,4,5,80.3,3.9,7.8,49.2,1.376,0.54
"Anfernee Simons","SG","por",57,30,29.5,17.3,0.5,2.2,2.6,3.9,0.5,0.1,2,1.9,1.9,15.34,6.2,14,44.3,3.1,7.8,40.5,1.8,2,88.8,3.1,6.2,49,1.24,0.56
"Jusuf Nurkic","C","por",56,56,28.2,15,3,8.1,11.1,2.8,1.1,0.6,2.6,3.4,1.1,20.1,5.7,10.7,53.5,0.3,1,26.8,3.3,4.8,69,5.5,9.7,56.3,1.403,0.55
"Drew Eubanks","PF","por",22,22,29.5,14.5,3,5.5,8.5,1.6,0.8,0.5,1.6,2.8,1,19.92,6.2,9.6,64.6,0.2,0.7,26.7,1.8,2.3,78.4,6,9,67.5,1.5,0.66
"Brandon Williams","PG","por",24,16,26.7,12.9,0.8,2.3,3.1,3.9,1,0.4,2.4,2.2,1.6,11.04,4.4,11.8,37.2,1.3,4.4,29.2,2.8,4,70.1,3.1,7.3,42,1.096,0.43
"Justise Winslow","PF","por",11,10,26.8,10.7,1.8,4.5,6.3,2.9,1.3,0.6,1.1,1.9,2.7,14.13,4.3,10.5,40.5,0.9,3.4,27,1.3,2.3,56,3.4,7.2,46.8,1.017,0.45
"Ben McLemore","SG","por",64,6,20.1,10.2,0.2,1.4,1.6,0.9,0.6,0.2,0.9,1.6,1.1,11.72,3.4,8.4,40.1,2.4,6.5,36.2,1.1,1.4,81.8,1,1.9,53.3,1.215,0.54
"Reggie Perry","F","por",9,1,19.7,10,1.7,3.4,5.1,1.3,1,0.7,1.2,3.3,1.1,16.27,4.3,8.7,50,0.3,1.8,18.8,1,1.7,60,4,6.9,58.1,1.154,0.52
"Nassir Little","SF","por",42,23,25.9,9.8,1.4,4.2,5.6,1.3,0.6,0.9,1,2,1.4,13.55,3.5,7.5,46,1.2,3.7,33.1,1.6,2.2,73.4,2.2,3.8,58.4,1.302,0.54
"Keon Johnson","SG","por",22,12,25.5,9.7,0.8,1.9,2.7,2.9,1,0.5,1.8,2.2,1.6,8.58,3.6,10,35.7,1.4,4,34.8,1.1,1.4,83.3,2.2,6,36.4,0.968,0.43
"Robert Covington","PF","por",48,40,29.8,7.6,0.9,4.9,5.7,1.4,1.5,1.3,1.2,2.8,1.2,9.98,2.7,7,38.1,1.6,4.8,34.3,0.6,0.8,83.3,1,2.2,46.2,1.086,0.5
"Trendon Watford","PF","por",48,10,18.1,7.6,1.2,3,4.1,1.7,0.5,0.6,0.9,2.4,1.8,15.86,3,5.6,53.2,0.2,0.8,23.7,1.5,2,75.5,2.8,4.8,58.1,1.363,0.55
"Kris Dunn","PG","por",14,3,24,7.6,0.6,2.9,3.5,5.6,1.6,0.2,2.3,2.7,2.5,12.55,3.1,7.3,43.1,0.1,0.8,9.1,1.2,1.3,94.4,3.1,6.5,47.3,1.039,0.44
"Larry Nance Jr.","PF","por",37,11,23.2,6.9,1.6,4.1,5.6,2,1,0.4,0.7,1.8,2.7,14.4,2.8,5.4,51.5,0.5,1.7,30.6,0.9,1.3,65.3,2.2,3.7,61,1.288,0.56
"CJ Elleby","SG","por",58,28,20.2,5.8,1.1,2.8,3.9,1.5,0.6,0.3,1,2,1.6,9.26,2.1,5.3,39.3,0.6,2.2,29.4,1,1.4,71.4,1.4,3.1,46.2,1.101,0.45
"Dennis Smith Jr.","PG","por",37,4,17.3,5.6,0.5,1.8,2.4,3.6,1.2,0.3,1.4,1.4,2.6,13.22,2.1,5.1,41.8,0.2,0.7,22.2,1.1,1.7,65.6,2,4.4,45.1,1.09,0.43
"Cody Zeller","C","por",27,0,13.1,5.2,1.9,2.8,4.6,0.8,0.3,0.2,0.7,2.1,1.2,17.27,1.9,3.3,56.7,0,0.1,0,1.4,1.8,77.6,1.9,3.2,59.3,1.556,0.57
"Didi Louzada","SF","por",7,1,17.4,5,0.4,1.7,2.1,0.6,0.3,0.3,0.7,1.9,0.8,6.83,1.7,4.3,40,1.3,2.9,45,0.3,0.3,100,0.4,1.4,30,1.167,0.55
"Greg Brown III","PF","por",48,6,13.3,4.7,0.8,2,2.8,0.7,0.5,0.5,0.8,1.9,1,11.05,1.7,4,42.6,0.4,1.3,31.1,0.9,1.4,67.7,1.3,2.7,48.1,1.184,0.48
"Cameron McGriff","F","por",3,0,15.3,4.7,2,3,5,1,0,0.3,0,2.3,Inf,12.54,1.7,4.7,35.7,0.7,2,33.3,0.7,0.7,100,1,2.7,37.5,1,0.43
"Elijah Hughes","F","por",22,3,14.6,3.8,0.2,1.7,1.9,0.7,0.5,0.3,0.5,1.5,1.6,3.71,1.5,4.9,29.6,0.7,3,22.4,0.2,0.3,66.7,0.8,1.9,41.5,0.769,0.37
"Keljin Blevins","SF","por",31,1,11.3,3.1,0.5,0.9,1.5,0.6,0.4,0,0.5,0.9,1.1,4.84,1.1,3.6,30.6,0.7,2.3,29.2,0.2,0.4,54.5,0.4,1.3,33.3,0.856,0.4
"Tony Snell","SF","por",38,10,14.4,2.6,0.3,1.6,1.9,0.5,0.2,0.2,0.3,1.2,1.8,5.23,0.9,2.6,37.1,0.6,2,32,0.1,0.1,100,0.3,0.6,54.5,1.021,0.49
"Jarron Cumberland","SG","por",3,0,4,0.7,0.3,0.7,1,0.3,0,0,0,0.7,Inf,8.44,0.3,0.7,50,0,0.3,0,0,0,0,0.3,0.3,100,1,0.5
"De'Aaron Fox","PG","sac",59,59,35.3,23.2,0.4,3.5,3.9,5.6,1.2,0.4,2.8,2.9,2,17.49,8.7,18.5,47.3,1.3,4.2,29.7,4.4,5.9,75,7.5,14.3,52.4,1.252,0.51
"Domantas Sabonis","PF","sac",15,15,33.6,18.9,3.1,9.3,12.3,5.8,0.9,0.3,3.5,3.8,1.7,21.01,7.5,13.5,55.4,0.3,1.1,23.5,3.7,4.9,74.3,7.2,12.3,58.4,1.401,0.56
"Harrison Barnes","SF","sac",77,77,33.6,16.4,1.1,4.5,5.6,2.4,0.7,0.2,1.5,1.2,1.6,15.75,5.1,10.8,46.9,1.8,4.7,39.4,4.4,5.4,82.6,3.2,6.2,52.5,1.517,0.55
"Buddy Hield","SG","sac",55,6,28.6,14.4,0.8,3.2,4,1.9,0.9,0.3,1.6,2.1,1.2,11.96,4.8,12.6,38.2,3.3,9,36.8,1.5,1.7,87,1.5,3.6,41.9,1.143,0.51
"Tyrese Haliburton","PG","sac",51,51,34.5,14.3,0.8,3.1,3.9,7.4,1.7,0.7,2.3,1.4,3.3,17.05,5.3,11.5,45.7,2,4.9,41.3,1.7,2,83.7,3.2,6.5,49.1,1.241,0.55
"Davion Mitchell","PG","sac",75,19,27.7,11.5,0.4,1.8,2.2,4.2,0.7,0.3,1.5,1.9,2.7,10.84,4.7,11.2,41.8,1.3,4.3,31.6,0.7,1.1,65.9,3.3,7,48,1.021,0.48
"Trey Lyles","PF","sac",24,20,22.8,10.6,1.2,4.4,5.6,1.3,0.3,0.3,0.8,1.3,1.6,16.02,3.6,7.4,48.9,1,2.6,36.5,2.4,2.8,85.1,2.7,4.8,55.7,1.427,0.55
"Richaun Holmes","C","sac",45,37,23.9,10.4,2.1,5,7,1.1,0.4,0.9,1.2,2.8,0.9,17.8,4.4,6.7,66,0,0.1,40,1.6,2,77.8,4.4,6.6,66.4,1.56,0.66
"Terence Davis","SG","sac",30,11,17.9,10.4,0.4,2.8,3.1,1.3,0.8,0.4,1.1,2.3,1.2,14.62,3.8,8.9,42.3,1.6,5,32.9,1.2,1.5,81.8,2.1,3.9,54.2,1.165,0.51
"Donte DiVincenzo","SG","sac",25,1,26.6,10.3,0.9,3.5,4.4,3.6,1.5,0.2,1.8,1.7,2,13.02,3.2,8.7,36.2,2.1,5.8,36.8,1.9,2.2,83.9,1,3,35.1,1.183,0.48
"Marvin Bagley III","PF","sac",30,17,21.9,9.3,2.2,4.9,7.2,0.6,0.3,0.4,0.7,1.7,0.8,14.33,3.8,8.2,46.3,0.5,2.1,24.2,1.2,1.6,74.5,3.3,6.1,53.8,1.13,0.49
"Chimezie Metu","PF","sac",60,20,21.3,8.9,0.6,5,5.6,1,0.9,0.5,1,1.6,1,13.4,3.4,7.5,45.2,1,3.1,30.6,1.2,1.5,78,2.4,4.4,55.5,1.189,0.52
"Justin Holiday","SF","sac",25,25,25.6,8.3,0.4,1.8,2.2,1.5,0.8,0.6,0.8,2,1.8,7.93,2.8,8.2,34.8,2,5.8,34.2,0.6,0.8,76.2,0.8,2.3,36.2,1.02,0.47
"Damian Jones","C","sac",56,15,18.2,8.1,1.3,3.1,4.4,1.2,0.5,0.8,1.1,2.3,1.2,18.35,3.1,4.8,65.8,0.2,0.5,34.5,1.7,2.3,71.8,2.9,4.2,69.6,1.707,0.68
"Jeremy Lamb","SG","sac",17,0,18.9,7.9,0.6,2.9,3.5,1.8,0.5,0.5,0.8,0.9,2.3,13.14,2.8,7,40.3,0.9,3.1,30.2,1.3,1.5,84.6,1.9,3.9,48.5,1.126,0.47
"Tristan Thompson","C","sac",30,3,15.2,6.2,2.4,3,5.4,0.6,0.4,0.4,1,1.7,0.6,15.1,2.5,5,50.3,0,0,100,1.1,2,53.3,2.5,5,50,1.225,0.51
"Alex Len","C","sac",39,10,15.9,6,1.3,2.8,4.1,1.2,0.3,0.6,1.1,2.6,1,13.16,2.4,4.5,53.4,0.2,0.5,28.6,1.1,1.6,65.1,2.3,4,56.8,1.335,0.55
"Maurice Harkless","SF","sac",47,24,18.4,4.6,0.3,2.1,2.4,0.5,0.6,0.5,0.7,1.6,0.7,7.69,1.8,3.9,45.9,0.7,2.1,30.7,0.4,0.6,71.4,1.1,1.7,65,1.199,0.54
"Louis King","PF","sac",10,0,10.4,4.5,0,1.2,1.2,0.9,0.2,0.1,0,1.4,Inf,8.19,1.5,4.7,31.9,0.8,2.7,29.6,0.7,1,70,0.7,2,35,0.957,0.4
"Josh Jackson","SG","sac",12,0,10.3,4.3,0.3,1.2,1.5,0.4,0.4,0.3,0.8,1.4,0.6,7.09,1.4,4.1,34.7,0.3,1.4,17.6,1.3,1.8,71.4,1.2,2.7,43.8,1.061,0.38
"Jahmi'us Ramsey","SG","sac",19,0,7.1,3.2,0.2,0.5,0.7,0.4,0.1,0.1,0.3,0.5,1.4,7.92,1.3,3.1,41.4,0.3,0.9,27.8,0.4,0.7,50,1,2.1,47.5,1.034,0.46
"Neemias Queta","C","sac",15,0,8,3,0.9,1.1,2.1,0.4,0.1,0.5,0.4,1.2,1,12.79,1.1,2.5,44.7,0,0,0,0.7,1.1,64.7,1.1,2.5,44.7,1.184,0.45
"Emmanuel Mudiay","G","sac",2,0,5.5,1.5,0,0,0,2,0.5,0,0.5,0.5,4,12.31,0,1,0,0,0,0,1.5,2,75,0,1,0,1.5,0
"Justin Robinson","F","sac",3,0,5,0.7,0,0.3,0.3,0.7,0,0,0.3,0.7,2,-13.43,0.3,2.7,12.5,0,1,0,0,0,0,0.3,1.7,20,0.25,0.13
"Robert Woodard II","SF","sac",12,0,3.5,0.6,0.4,0.5,0.9,0.3,0.1,0.1,0.1,0.3,3,2.12,0.2,1.3,12.5,0.1,0.3,25,0.2,0.2,100,0.1,1,8.3,0.438,0.16
"Ade Murkey","G","sac",1,0,1,0,0,0,0,0,0,0,0,0,0,0,0,0,0,0,0,0,0,0,0,0,0,0,0,0
"Dejounte Murray","SG","sa",68,68,34.8,21.1,1.2,7.1,8.3,9.2,2,0.3,2.6,2,3.5,22.32,8.4,18.3,46.2,1.4,4.3,32.7,2.9,3.6,79.4,7,13.9,50.4,1.159,0.5
"Keldon Johnson","SF","sa",75,74,31.9,17,1.1,5,6.1,2.1,0.8,0.2,1.2,2,1.7,15.26,6.3,13.5,46.6,2.1,5.3,39.8,2.4,3.1,75.6,4.2,8.2,51,1.264,0.54
"Derrick White","PG","sa",49,48,30.3,14.4,0.5,3,3.5,5.6,1,0.9,1.8,2.4,3.1,15.79,5,11.6,42.6,1.7,5.3,31.4,2.8,3.3,86.9,3.3,6.4,51.9,1.239,0.5
"Jakob Poeltl","C","sa",68,67,29,13.5,3.9,5.5,9.3,2.8,0.7,1.7,1.6,3.1,1.7,20.85,6,9.8,61.8,0,0,100,1.4,2.8,49.5,6,9.7,61.8,1.38,0.62
"Devin Vassell","SG","sa",71,32,27.3,12.3,0.6,3.7,4.3,1.9,1.1,0.6,0.8,2,2.3,13.39,4.6,10.8,42.7,1.9,5.4,36.1,1.2,1.4,83.8,2.7,5.4,49.2,1.141,0.52
"Lonnie Walker IV","G","sa",70,6,23,12.1,0.3,2.3,2.6,2.2,0.6,0.3,1,1.4,2.1,12.41,4.4,10.9,40.7,1.6,5,31.4,1.7,2.1,78.4,2.9,5.9,48.7,1.111,0.48
"Josh Richardson","SG","sa",21,7,24.4,11.4,0.8,2.1,2.9,2.3,1,0.3,1.3,1.6,1.8,14.06,3.9,9.1,42.9,1.9,4.3,44.4,1.7,1.8,94.6,2,4.8,41.6,1.251,0.53
"Doug McDermott","SF","sa",51,51,24,11.3,0.4,1.9,2.3,1.3,0.3,0.1,0.8,1.5,1.5,11.47,4.2,9.1,46.2,2.1,5,42.2,0.8,1,78.4,2.1,4.1,51.2,1.243,0.58
"Bryn Forbes","SG","sa",40,1,16.9,9.1,0.1,1.5,1.6,1,0.4,0.1,0.8,1.1,1.2,12.43,3.2,7.4,43.2,1.6,3.8,41.7,1.1,1.2,89.8,1.6,3.6,44.8,1.226,0.54
"Zach Collins","PF","sa",28,4,17.9,7.8,1.6,3.8,5.5,2.2,0.5,0.8,1.6,2.4,1.4,16.48,2.7,5.5,49,0.5,1.5,34.1,1.9,2.3,80,2.2,4.1,54.4,1.406,0.54
"Thaddeus Young","PF","sa",26,1,14.2,6.1,1.5,2,3.6,2.3,0.9,0.3,1.2,1.5,2,18.65,2.8,4.9,57.8,0,0.2,0,0.4,0.8,45.5,2.8,4.7,60.2,1.234,0.58
"Tre Jones","PG","sa",69,11,16.6,6,0.4,1.8,2.2,3.4,0.6,0.1,0.7,1.1,5.1,15.01,2.4,4.9,49,0.1,0.7,19.6,1,1.3,78,2.3,4.2,54.2,1.218,0.5
"Joshua Primo","SG","sa",50,16,19.3,5.8,0.6,1.6,2.3,1.6,0.4,0.5,1.1,1.6,1.4,7.18,2,5.4,37.4,0.8,2.7,30.7,0.9,1.2,74.6,1.2,2.7,44.4,1.067,0.45
"Keita Bates-Diop","SF","sa",59,14,16.2,5.7,1.1,2.9,3.9,0.7,0.5,0.2,0.8,1,0.9,12.44,2.3,4.5,51.7,0.3,0.9,30.9,0.8,1,75.4,2,3.5,57.2,1.274,0.55
"Jock Landale","C","sa",54,1,10.9,4.9,1.2,1.4,2.6,0.8,0.2,0.3,0.6,1,1.5,16.1,1.9,3.8,49.5,0.5,1.6,32.6,0.6,0.8,82.9,1.3,2.1,62.6,1.299,0.57
"Drew Eubanks","PF","sa",49,9,12.1,4.7,1.3,2.7,4,1,0.3,0.6,0.9,1.2,1.1,16.02,1.7,3.2,52.8,0,0.2,12.5,1.2,1.6,74.7,1.7,3.1,55,1.434,0.53
"Devontae Cacok","PF","sa",15,0,8.1,3.1,0.5,2.3,2.8,0.4,0.5,0.5,0.2,1.1,2,20.22,1.4,2.1,67.7,0,0,0,0.3,0.5,57.1,1.4,2.1,67.7,1.484,0.68
"Tomas Satoransky","SG","sa",1,0,9,3,0,1,1,0,0,0,0,0,0,12.78,0,0,0,0,0,0,3,4,75,0,0,0,0,0
"Romeo Langford","SG","sa",4,0,10.8,2.8,0,1,1,0.5,0.3,0,0,0.3,Inf,8.16,1,1.8,57.1,0,0.5,0,0.8,2,37.5,1,1.3,80,1.571,0.57
"Joe Wieskamp","SF","sa",29,0,7.1,2.1,0.1,0.3,0.5,0.3,0.1,0.1,0.1,0.5,4.5,7.14,0.7,1.9,35.7,0.5,1.5,32.6,0.2,0.4,53.8,0.2,0.4,46.2,1.089,0.48
"Tyler Johnson","G","sa",3,0,17.7,2,0.7,1.3,2,1.7,0.7,0.7,0.3,1,5,5.48,0.7,3.3,20,0.7,2,33.3,0,0,0,0,1.3,0,0.6,0.3
"Juancho Hernangomez","F","sa",5,0,10.2,1.4,0.8,2.2,3,0.6,0.2,0.2,0.4,0,1.5,9.01,0.4,1.2,33.3,0,0.6,0,0.6,0.8,75,0.4,0.6,66.7,1.167,0.33
"Jaylen Morris","F","sa",3,0,5.3,0.7,0,0.7,0.7,0.7,0,0,0.3,0.7,2,-11.44,0,2,0,0,0.7,0,0.7,1.3,50,0,1.3,0,0.333,0
"Anthony Lamb","F","sa",2,0,4,0,0,0.5,0.5,1,0,0,0,0,Inf,-0.53,0,1,0,0,1,0,0,0,0,0,0,0,0,0
"Pascal Siakam","PF","tor",68,68,37.9,22.8,1.9,6.6,8.5,5.3,1.3,0.6,2.7,3.3,2,20.31,8.8,17.8,49.4,1.1,3.2,34.4,4.2,5.6,74.9,7.7,14.5,52.7,1.285,0.52
"Fred VanVleet","SG","tor",65,65,37.9,20.3,0.7,3.8,4.4,6.7,1.7,0.5,2.6,2.5,2.6,17.38,6.8,16.9,40.3,3.7,9.9,37.7,3,3.4,87.4,3.1,7,44,1.203,0.51
"Gary Trent Jr.","SG","tor",70,69,35,18.3,0.4,2.4,2.7,2,1.7,0.3,1,2.1,1.9,14.71,6.4,15.5,41.4,3,7.8,38.3,2.5,2.9,85.3,3.4,7.7,44.5,1.181,0.51
"OG Anunoby","SF","tor",48,48,36,17.1,1.5,4,5.5,2.6,1.5,0.5,1.7,2.7,1.6,14.84,6.4,14.5,44.3,2.4,6.6,36.3,1.9,2.5,75.4,4,7.9,51.1,1.179,0.53
"Scottie Barnes","SF","tor",74,74,35.4,15.3,2.6,4.9,7.5,3.5,1.1,0.7,1.8,2.6,1.9,16.37,6.2,12.6,49.2,0.8,2.6,30.1,2.1,2.9,73.5,5.4,10,54.3,1.217,0.52
"Chris Boucher","PF","tor",80,9,21.1,9.4,2.2,3.9,6.2,0.3,0.6,0.9,0.5,2.2,0.6,17.96,3.4,7.2,46.4,0.9,2.9,29.7,1.9,2.4,77.7,2.5,4.4,57.5,1.307,0.52
"Precious Achiuwa","PF","tor",73,28,23.6,9.1,2,4.5,6.5,1.1,0.5,0.6,1.2,2.1,1,12.69,3.6,8.3,43.9,0.8,2.1,35.9,1.1,1.8,59.5,2.9,6.1,46.8,1.101,0.49
"Goran Dragic","PG","tor",5,2,18,8,0.4,2.4,2.8,1.8,1,0.2,0.2,1.6,9,16.19,2.6,6.8,38.2,0.8,2.8,28.6,2,2,100,1.8,4,45,1.176,0.44
"D.J. Wilson","F","tor",4,1,13.5,7.5,0.3,3.8,4,1.3,1.3,0.3,0.5,1.5,2.5,27.92,2.8,3.8,73.3,0,0.5,0,2,2.5,80,2.8,3.3,84.6,2,0.73
"Thaddeus Young","PF","tor",26,0,18.3,6.3,1.5,2.9,4.4,1.7,1.2,0.4,0.8,1.7,2,15.88,2.6,5.5,46.5,0.7,1.7,39.5,0.5,1,48.1,1.9,3.9,49.5,1.139,0.52
"Juwan Morgan","F","tor",1,0,27,5,2,2,4,1,0,0,0,3,Inf,9.51,2,3,66.7,1,2,50,0,0,0,1,1,100,1.667,0.83
"Svi Mykhailiuk","SG","tor",56,5,12.8,4.6,0.4,1.3,1.6,0.8,0.5,0.1,0.6,1,1.4,9.64,1.6,4.2,38.9,0.7,2.4,30.6,0.6,0.7,86.5,0.9,1.8,50,1.09,0.48
"Khem Birch","C","tor",55,28,18,4.5,2.2,2.1,4.3,1,0.5,0.5,0.5,1.9,1.9,13.23,1.8,3.6,48.5,0,0.3,0,1,1.3,74.6,1.8,3.4,52.2,1.235,0.49
"Malachi Flynn","PG","tor",44,5,12.2,4.3,0.2,1.2,1.4,1.6,0.5,0.1,0.3,1,5.4,11.73,1.6,4.2,39.3,0.7,2,33.3,0.3,0.5,62.5,1,2.1,45.2,1.033,0.48
"Yuta Watanabe","SF","tor",38,4,11.7,4.3,0.5,1.9,2.4,0.6,0.3,0.4,0.5,1,1.1,11.5,1.5,3.6,40.6,0.7,2.1,34.2,0.6,1.1,60,0.8,1.6,49.2,1.181,0.5
"Tremont Waters","G","tor",2,0,21,4,0,2,2,3.5,2,0,2,1,1.8,5.11,1.5,6,25,1,4.5,22.2,0,0,0,0.5,1.5,33.3,0.667,0.33
"Dalano Banton","PG","tor",64,1,10.9,3.2,0.6,1.3,1.9,1.5,0.4,0.2,0.8,1.1,1.9,10.06,1.3,3.2,41.1,0.2,0.8,25.5,0.4,0.7,59.1,1.1,2.4,46.4,1.015,0.44
"Daniel Oturu","C","tor",3,0,9,3,0.3,1.3,1.7,0,0,0.7,0,0.3,0,13.43,1,2,50,0,0.3,0,1,1.7,60,1,1.7,60,1.5,0.5
"Armoni Brooks","SG","tor",13,3,11.8,2.6,0.6,1.1,1.7,1,0.5,0.2,0.3,1.1,3.3,8.58,0.8,2.9,28.9,0.8,2.8,27.8,0.2,0.2,100,0.1,0.2,50,0.895,0.42
"Justin Champagnie","SF","tor",36,0,7.8,2.3,1,1,2,0.3,0.2,0.1,0.2,0.9,1.4,13.58,0.9,1.9,46.3,0.3,0.8,35.7,0.3,0.3,100,0.6,1.1,53.8,1.209,0.54
"Isaac Bonga","G","tor",15,0,4.6,0.8,0.3,0.2,0.5,0.3,0.5,0.1,0.1,0.7,2,8.75,0.2,0.9,23.1,0.1,0.3,25,0.3,0.5,62.5,0.1,0.6,22.2,0.923,0.27
"Sam Dekker","F","tor",1,0,1,0,0,0,0,0,0,0,0,0,0,0,0,0,0,0,0,0,0,0,0,0,0,0,0,0
"David Johnson","PG","tor",2,0,1,0,0,0,0,0,0,0,0,0,0,-19.97,0,0.5,0,0,0.5,0,0,0,0,0,0,0,0,0
"Donovan Mitchell","SG","utah",67,67,33.8,25.9,0.8,3.4,4.2,5.3,1.5,0.2,3,2.4,1.8,21.64,9.2,20.5,44.8,3.5,9.8,35.5,4,4.7,85.3,5.7,10.8,53.3,1.259,0.53
"Bojan Bogdanovic","SF","utah",69,69,30.9,18.1,0.8,3.4,4.3,1.7,0.5,0,1.7,1.7,1,15.71,6.1,13.4,45.5,2.6,6.8,38.7,3.2,3.8,85.8,3.5,6.7,52.4,1.345,0.55
"Jordan Clarkson","PG","utah",79,1,27.1,16,0.8,2.6,3.5,2.5,0.8,0.2,1.6,1.9,1.5,14.96,5.9,14.1,41.9,2.4,7.6,31.8,1.8,2.2,82.8,3.5,6.5,53.5,1.137,0.5
"Rudy Gobert","C","utah",66,66,32.1,15.6,3.7,11,14.7,1.1,0.7,2.1,1.8,2.7,0.6,24.76,5.5,7.7,71.3,0,0.1,0,4.6,6.7,69,5.5,7.6,71.8,2.022,0.71
"Mike Conley","PG","utah",72,72,28.6,13.7,0.7,2.4,3,5.3,1.3,0.3,1.7,2,3.1,17.28,4.8,11,43.5,2.3,5.8,40.8,1.8,2.3,79.6,2.4,5.2,46.4,1.247,0.54
"Hassan Whiteside","C","utah",65,8,17.9,8.2,2.6,5,7.6,0.4,0.3,1.6,0.8,2.8,0.5,22.96,3.3,5.1,65.2,0,0,0,1.6,2.6,62.3,3.3,5.1,65.2,1.618,0.65
"Rudy Gay","SF","utah",55,1,18.9,8.1,1,3.4,4.4,1,0.5,0.3,0.9,1.7,1.2,13.06,2.9,6.9,41.4,1.3,3.7,34.5,1.1,1.4,78.5,1.6,3.2,49.4,1.177,0.51
"Royce O'Neale","PF","utah",77,77,31.2,7.4,0.8,3.9,4.8,2.5,1.1,0.4,1,2.4,2.4,10.31,2.6,5.8,45.7,1.5,4,38.9,0.6,0.7,80.4,1.1,1.8,60.9,1.284,0.59
"Joe Ingles","SG","utah",45,15,24.9,7.2,0.3,2.6,2.9,3.5,0.5,0.1,1,1.8,3.4,10.05,2.6,6.3,40.4,1.7,5,34.7,0.4,0.5,77.3,0.8,1.3,61.7,1.14,0.54
"Danuel House Jr.","SF","utah",25,6,19.6,6.8,0.6,2.2,2.7,1,0.6,0.5,0.6,1.4,1.7,12.52,2.2,4.9,44.7,1.4,3.3,41.5,1.1,1.6,69.2,0.8,1.6,51.2,1.39,0.59
"Juancho Hernangomez","F","utah",17,9,17.5,6.2,0.9,2.6,3.5,0.8,0.5,0.4,0.5,1.1,1.8,14.5,2.2,4.3,50.7,1.2,2.8,43.8,0.6,1.2,47.6,0.9,1.5,64,1.438,0.65
"Eric Paschall","F","utah",58,3,12.7,5.8,0.5,1.3,1.8,0.6,0.2,0.1,0.5,0.9,1.3,13.9,2,4.1,48.5,0.7,1.9,37,1.1,1.5,76.7,1.3,2.2,58.3,1.421,0.57
"Udoka Azubuike","C","utah",17,6,11.5,4.7,1.1,3.1,4.2,0,0.1,0.6,0.7,1.5,0,17.62,2.2,2.9,75.5,0,0,0,0.4,0.6,54.5,2.2,2.9,75.5,1.633,0.76
"Greg Monroe","C","utah",3,0,8.7,4,2,1,3,1,0,0.3,0,2,Inf,27.05,1.3,1.7,80,0,0,0,1.3,2.3,57.1,1.3,1.7,80,2.4,0.8
"Jared Butler","SG","utah",42,1,8.6,3.8,0.1,1,1.1,1.5,0.4,0.2,0.8,1.1,1.9,12.14,1.5,3.6,40.4,0.7,2.1,31.8,0.3,0.4,68.8,0.8,1.5,52.4,1.066,0.5
"Nickeil Alexander-Walker","SG","utah",15,2,9.9,3.5,0.1,1.5,1.5,1.1,0.3,0.3,0.5,1,2.1,10.26,1.1,3.2,33.3,0.7,2.2,30.3,0.7,0.8,91.7,0.4,1,40,1.104,0.44
"Trent Forrest","G","utah",60,6,12.8,3.3,0.4,1.3,1.7,1.8,0.5,0.1,0.8,0.7,2.2,10.89,1.3,2.6,49,0.1,0.5,18.5,0.6,0.8,79.2,1.2,2.1,55.5,1.258,0.51
"Elijah Hughes","F","utah",14,1,8,3.1,0.1,1.1,1.2,0.4,0.3,0.1,0.5,0.5,0.9,10.51,1.1,2.6,41.7,0.7,2,35.7,0.2,0.2,100,0.4,0.6,62.5,1.194,0.56
"Denzel Valentine","SG","utah",2,0,9,2.5,0,2,2,0,0.5,0,1,1.5,0,4.23,1,2,50,0.5,1.5,33.3,0,0,0,0.5,0.5,100,1.25,0.63
"Norvel Pelle","PF","utah",3,0,6.3,2,1,1,2,0,0,0.3,0.7,0.3,0,12.29,1,1.7,60,0,0,0,0,0,0,1,1.7,60,1.2,0.6
"Malik Fitts","F","utah",7,0,5,0.9,0,1.4,1.4,0,0,0,0.3,0.4,0,-1.56,0.3,1.3,22.2,0.3,0.6,50,0,0,0,0,0.7,0,0.667,0.33
"Xavier Sneed","F","utah",7,0,4.4,0.7,0.1,0.4,0.6,0.1,0,0,0,0,Inf,2.4,0.3,1.1,25,0.1,0.9,16.7,0,0,0,0.1,0.3,50,0.625,0.31
"Miye Oni","SG","utah",16,0,2.8,0.3,0.1,0.4,0.4,0.3,0,0,0.1,0.4,5,0.4,0.1,0.6,22.2,0.1,0.5,12.5,0,0.1,0,0.1,0.1,100,0.556,0.28
"Zylan Cheatham","F","utah",1,0,5,0,0,0,0,0,0,0,0,0,0,-23.75,0,3,0,0,2,0,0,0,0,0,1,0,0,0
"Bradley Beal","SG","wsh",40,40,36,23.2,1,3.8,4.7,6.6,0.9,0.4,3.4,2.4,2,17.58,8.7,19.3,45.1,1.6,5.3,30,4.2,5.1,83.3,7.1,14,50.8,1.204,0.49
"Kristaps Porzingis","C","wsh",17,17,28.2,22.1,2.2,6.6,8.8,2.9,0.7,1.5,1.6,2.9,1.8,27.79,7.2,15.2,47.5,1.7,4.6,36.7,5.9,6.8,87.1,5.5,10.6,52.2,1.452,0.53
"Kyle Kuzma","SF","wsh",66,66,33.4,17.1,1.1,7.4,8.5,3.5,0.6,0.9,2.6,1.9,1.4,15.21,6.4,14.2,45.2,1.9,5.7,34.1,2.4,3.3,71.2,4.5,8.5,52.6,1.207,0.52
"Montrezl Harrell","C","wsh",46,3,24.3,14.1,2.1,4.6,6.7,2.1,0.4,0.7,1.1,1.9,1.9,23.93,5.4,8.3,64.5,0.1,0.3,26.7,3.2,4.5,72.7,5.3,8,66,1.689,0.65
"Kentavious Caldwell-Pope","SG","wsh",77,77,30.2,13.2,0.5,2.9,3.4,1.9,1.1,0.3,1.3,1.8,1.5,12.6,4.7,10.8,43.5,2.1,5.3,39,1.8,2,89,2.6,5.5,48,1.228,0.53
"Spencer Dinwiddie","PG","wsh",44,44,30.2,12.6,0.8,3.9,4.7,5.8,0.6,0.2,1.7,2.4,3.5,13.25,4.2,11.2,37.6,1.6,5.1,31,2.6,3.3,81.1,2.6,6,43.2,1.13,0.45
"Rui Hachimura","PF","wsh",42,13,22.5,11.3,0.6,3.2,3.8,1.1,0.5,0.2,0.8,1.3,1.5,14.91,4.5,9.1,49.1,1.3,2.9,44.7,1.1,1.6,69.7,3.1,6.1,51.2,1.247,0.56
"Daniel Gafford","C","wsh",72,53,20.1,9.4,2.2,3.5,5.7,0.9,0.4,1.4,0.9,2.4,1,21.81,4,5.7,69.3,0,0,0,1.5,2.1,69.9,4,5.7,69.5,1.647,0.69
"Ish Smith","PG","wsh",28,0,22,8.6,0.5,2.5,3,5.2,1,0.5,1.5,1.6,3.5,15.01,4,8.8,45.7,0.5,1.5,35.7,0.1,0.2,60,3.5,7.3,47.8,0.988,0.49
"Deni Avdija","SF","wsh",82,8,24.2,8.4,0.6,4.5,5.2,2,0.7,0.5,1.1,2.3,1.9,11.62,3,7.1,43.2,1,3.2,31.7,1.3,1.7,75.7,2,3.9,52.5,1.183,0.5
"Corey Kispert","SF","wsh",77,36,23.4,8.2,0.7,2,2.7,1.1,0.5,0.3,0.6,1.2,1.7,10.96,3,6.7,45.5,1.5,4.2,35,0.7,0.8,87.1,1.6,2.5,62.9,1.233,0.56
"Raul Neto","PG","wsh",70,19,19.6,7.5,0.2,1.7,1.9,3.1,0.8,0,1.1,1.5,2.7,12.49,2.9,6.3,46.3,0.5,1.7,29.2,1.2,1.5,76.9,2.4,4.6,52.6,1.193,0.5
"Thomas Bryant","C","wsh",27,9,16.3,7.4,1,3,4,0.9,0.2,0.8,0.7,1.6,1.2,16.7,2.9,5.5,52,0.4,1.6,28.6,1.3,1.5,87.5,2.4,3.9,61.3,1.358,0.56
"Brad Wanamaker","PG","wsh",1,1,27,7,0,4,4,7,2,0,0,3,Inf,18.09,2,5,40,0,0,0,3,3,100,2,5,40,1.4,0.4
"Aaron Holiday","G","wsh",41,14,16.2,6.1,0.2,1.4,1.6,1.9,0.6,0.2,1,1.5,2,11.34,2.4,5.2,46.7,0.6,1.6,34.3,0.7,0.9,80,1.9,3.6,52.4,1.173,0.52
"Davis Bertans","SF","wsh",34,0,14.7,5.7,0.2,1.6,1.8,0.5,0.3,0.2,0.4,1.6,1.1,8.37,1.8,5,35.1,1.4,4.2,31.9,0.8,0.9,93.3,0.4,0.8,51.9,1.135,0.49
"Tomas Satoransky","SG","wsh",22,10,18.9,4.9,0.4,2.4,2.8,4.9,0.7,0.2,1,1.7,4.7,14.39,1.8,3.8,47.6,0.3,1,27.3,1,1.1,84,1.5,2.8,54.8,1.274,0.51
"Anthony Gill","PF","wsh",44,0,10.5,4.1,0.8,1.2,1.9,0.6,0.1,0.3,0.4,1.3,1.5,14.76,1.4,2.5,56.9,0.3,0.6,53.8,1,1.2,80.8,1.1,1.9,57.8,1.651,0.63
"Greg Monroe","C","wsh",2,0,9,4,3.5,1.5,5,0.5,0.5,0.5,1,1,0.5,25.19,2,4,50,0,0,0,0,0,0,2,4,50,1,0.5
"Vernon Carey Jr.","C","wsh",3,0,9,4,1.7,0.7,2.3,0,0.3,0.3,0.7,1,0,15.02,1.3,2.3,57.1,0,0,0,1.3,3.3,40,1.3,2.3,57.1,1.714,0.57
"Craig Sword","G","wsh",3,0,6.3,2,0,0,0,0.3,1.3,0,0.3,2.3,1,14.27,1,1.3,75,0,0.3,0,0,0,0,1,1,100,1.5,0.75
"Cassius Winston","PG","wsh",7,0,5.6,2,0,0.1,0.1,1,0,0,0.4,1.3,2.3,6.01,0.6,1.6,36.4,0.3,0.9,33.3,0.6,0.6,100,0.3,0.7,40,1.273,0.45
"Tremont Waters","G","wsh",1,0,8,2,0,0,0,0,1,0,0,2,0,7.32,1,2,50,0,0,0,0,0,0,1,2,50,1,0.5
"Isaiah Todd","PF","wsh",12,0,6.2,1.7,0.3,0.8,1,0.3,0.3,0.2,0.3,0.3,1,4.77,0.6,2.2,26.9,0.3,1.3,25,0.2,0.5,33.3,0.3,0.8,30,0.769,0.35
"Alize Johnson","F","wsh",3,0,6,1.3,1.7,2.3,4,0,0,0,1,0,0,5.76,0.7,2,33.3,0,0.7,0,0,0.3,0,0.7,1.3,50,0.667,0.33
"Jordan Schakel","F","wsh",4,0,7.5,1.3,0.5,1.5,2,0,0.3,0,0.3,0,0,-1.21,0.3,2.8,9.1,0.3,1.5,16.7,0.5,0.5,100,0,1.3,0,0.455,0.14
"Joel Ayayi","G","wsh",7,0,2.9,0.3,0.1,0.3,0.4,0.6,0,0,0,0,Inf,3.43,0.1,0.9,16.7,0,0.1,0,0,0,0,0.1,0.7,20,0.333,0.17
"Jordan Goodwin","G","wsh",2,0,3,0,0,0.5,0.5,0,0,0,0,0.5,0,-20.42,0,1.5,0,0,0.5,0,0,0,0,0,1,0,0,0
"Jaime Echenique","C","wsh",1,0,3,0,0,0,0,0,0,0,0,0,0,0,0,0,0,0,0,0,0,0,0,0,0,0,0,0
