Date,Away,Home,Location,Away_Score,Home_Score
2023-01-26,South Dakota State,TCU,"Fort Worth, Texas",3,16
2023-01-27,UT Martin,Baylor,"Waco, Texas",2,15
2023-01-27,South Dakota State,Texas A&M,Bryan-College Station,2,18
2023-01-28,UT Martin,SMU,"Dallas, Texas",5,13
2023-01-28,South Dakota State,Baylor,"Waco, Texas",3,17
2023-02-02,Minnesota-Crookston,UC Davis,"Davis, Calif. (Conf.)",0,15
2023-02-03,Minnesota-Crookston,Fresno State,"Fresno, Calif.",3,13
2023-02-03,Minnesota-Crookston,Fresno State,"Fresno, Calif.",3,13
2023-02-03,Baylor,Minnesota-Crookston,"Fresno, Calif.",10,3
2023-02-04,South Carolina,Georgia,"Bishop, Ga. (Conf.)",6,14
2023-02-04,Auburn,Texas A&M,Bryan-College Station (Conf.),5,13
2023-02-04,Baylor,Fresno State,"Fresno, Calif. (Conf.)",4,13
2023-02-04,Sweet Briar College,Georgia,"Athens, Ga.",1,8
2023-02-10,Delaware State,South Dakota State,"Brookings, S.D. (Conf.)",9,10
2023-02-10,TCU,Fresno State,"Fresno, Calif. (Conf.)",15,4
2023-02-10,Lynchburg,Sweet Briar College,"Sweet Briar, Va. (Conf.)",4,6
2023-02-10,Delaware State,Minnesota-Crookston,"Brookings, S.D.",14,2
2023-02-11,Minnesota-Crookston,South Dakota State,"Brookings, S.D. (Conf.)",1,13
2023-02-11,Texas A&M,South Carolina,"Blythewood, S.C. (Conf.)",11,8
2023-02-11,SMU,UT Martin,"Martin, Tenn.",12,6
2023-02-11,Georgia,Oklahoma State,"Stillwater, Okla.",8,11
2023-02-11,TCU,UC Davis,"Davis, Calif.",11,9
2023-02-18,Texas A&M,TCU,"Fort Worth, Texas",4,15
2023-02-18,Georgia,Auburn,"Auburn, Ala. (Conf.)",4,14
2023-02-18,Oklahoma State,Baylor,"Waco, Texas (Conf.)",10,9
2023-02-23,SMU,South Carolina,"Columbia, S.C.",13,7
2023-02-24,Dartmouth College,Lynchburg,"Lynchburg, Va.",1,8
2023-02-24,Bridgewater College,Sweet Briar College,"Sweet Briar, Va. (Conf.)",4,6
2023-02-24,SMU,Georgia,"Bishop, Ga.",10,9
2023-02-24,Dartmouth College,Sweet Briar College,"Sweet Briar, VA (Conf.)",1,9
2023-02-25,SMU,Auburn,"Auburn, Ala.",5,15
2023-02-25,TCU,Oklahoma State,"Stillwater, Okla. (Conf.)",9,11
2023-02-28,UT Martin,South Dakota State,"Brookings, S.D. (Conf.)",11,9
2023-03-02,SMU,Baylor,"Waco, Texas",10,8
2023-03-03,Berry College (Ga.),Sweet Briar College,"Sweet Briar, Va.",3,4
2023-03-03,Oklahoma State,UC Davis,"Davis, Calif. (Conf.)",13,7
2023-03-03,South Carolina,Auburn,"Auburn, Ala. (Conf.)",4,14
2023-03-04,Berry College (Ga.),Lynchburg,"Lynchburg, Va.",4,4
2023-03-04,Baylor,TCU,"Fort Worth, Texas (Conf.)",7,12
2023-03-04,Georgia,Texas A&M,"College Station, Tex. (Conf.)",8,12
2023-03-04,Bridgewater College,Berry College,"Lynchburg, Va.",4,4
2023-03-04,Oklahoma State,Fresno State,"Fresno, Calif. (Conf.)",9,10
2023-03-05,Bridgewater College,Lynchburg,"Lynchburg, Va.",3,5
2023-03-10,Bridgewater College,UT Martin,"Martin, Tenn.",6,4
2023-03-11,Texas A&M,SMU,"Dallas, Texas",6,11
2023-03-11,Miami (Ohio),UT Martin,"Martin, Tenn.",4,17
2023-03-11,Lynchburg,Oklahoma State,"Stillwater, Okla.",0,9
2023-03-23,Sacred Heart,Dartmouth College,"Rustburg, VA",7,2
2023-03-23,Minnesota-Crookston,South Dakota State,"Brookings, S.D.",3,13
2023-03-24,Auburn,South Carolina,"Blythewood, S.C.",13,7
2023-03-24,UT Martin,South Dakota State,"Brookings, S.D.",14,6
2023-03-24,Sacred Heart,Lynchburg,"Rustburg, Va.",2,8
2023-03-24,Delaware State,UC Davis,"Brookings, S.D.",8,10
2023-03-24,Baylor,Oklahoma State,"Stillwater, Okla.",8,12
2023-03-24,TCU,Fresno State,"Stillwater, Okla.",15,5
2023-03-24,Bridgewater College,Sweet Briar College,"Rustburg, VA",1,9
2023-03-24,Georgia,Texas A&M,"Blythewood, S.C.",8,10
2023-03-25,Georgia,South Carolina,"Blythewood, S.C.",15,5
2023-03-25,Sweet Briar College,Lynchburg,"Rustburg, VA",6,3
2023-03-25,Baylor,Fresno State,"Stillwater, Okla.",16,4
2023-03-25,UT Martin,UC Davis,"Brookings, SD",8,10
2023-03-25,TCU,Oklahoma State,"Stillwater, OK",8,12
2023-03-25,Texas A&M,Auburn,"Blythewood, S.C.",6,13
2023-04-13,SMU,Baylor,"Ocala, FL.",10,8
2023-04-13,Texas A&M,TCU,"Ocala, Fla.",7,13
2023-04-13,South Carolina,Auburn,"Ocala, Fla.",7,13
2023-04-13,Georgia,Oklahoma State,"Ocala, Fla.",7,13
2023-04-14,Sacred Heart,Sweet Briar College,"Ocala, Fla.",3,5
2023-04-14,Lynchburg,Bridgewater College,"Ocala, Fla.",7,1
2023-04-14,SMU,TCU,"Ocala, FL",14,6
2023-04-14,Auburn,Oklahoma State,"Ocala, FL",14,6
2023-04-15,Lynchburg,Sweet Briar College,"Ocala, FL",4,4
2023-04-15,Auburn,SMU,"Ocala, Fla.",8,11
2023-09-22,UC Davis,South Carolina,"Columbia, SC",8,11
2023-09-22,SMU,TCU,"Burleson, Texas",6,12
2023-09-22,Minnesota-Crookston,Delaware State,"Felton, Del. (Conf.)",1,15
2023-09-23,UC Davis,Auburn,"Auburn, Ala.",4,14
2023-09-29,UT Martin,South Carolina,"Blythewood, SC",4,14
2023-09-29,Lynchburg,South Carolina,"Columbia, SC",0,7
2023-09-29,Baylor,Texas A&M,"Bryan-College Station, Texas",3,16
2023-09-30,UT Martin,Georgia,"Bishop, Ga.",3,13
2023-10-05,TCU,Oklahoma State,"Stillwater, Okla. (Conf.)",10,9
2023-10-06,Georgia,Texas A&M,Bryan-College Station (Conf.),6,13
2023-10-06,Auburn,Baylor,"Waco, TX",16,3
2023-10-06,South Carolina,South Dakota State,"Brookings, S.D.",12,8
2023-10-07,South Carolina,Fresno State,"Brookings, S.D.",12,4
2023-10-07,Fresno State,South Dakota State,"Brookings, SD",9,10
2023-10-08,Bridgewater College,Sweet Briar College,"Sweet Briar, Va.",2,8
2023-10-12,South Dakota State,UT Martin,"Martin, Tenn. (Conf.)",5,15
2023-10-13,Auburn,UT Martin,"Martin, Tenn.",11,9
2023-10-13,Oklahoma State,Baylor,"Waco, Texas (Conf.)",10,8
2023-10-13,South Carolina,Georgia,"Athens, GA (Conf.)",4,15
2023-10-14,Oklahoma State,SMU,"Dallas, Texas",7,10
2023-10-14,Lynchburg,Dartmouth College,"Hanover, N.H. / Morton Farm",6,2
2023-10-20,Bridgewater College,Lynchburg,"Lynchburg, VA",1,9
2023-10-20,TCU,Fresno State,"Fresno, CA (Conf.)",15,5
2023-10-20,Georgia,Auburn,"Auburn, AL (Conf.)",8,12
2023-10-21,Texas A&M,Oklahoma State,"Stillwater, Okla.",10,9
2023-10-21,Sweet Briar College,Dartmouth College,"Hanover, N.H. / Morton Farm",4,4
2023-10-22,Sweet Briar College,Sacred Heart,"Norwalk, Conn. (Conf.)",6,2
2023-10-26,Texas A&M,SMU,"Dallas, Texas",9,9
2023-10-27,TCU,UT Martin,"Martin, Tenn.",12,7
2023-10-27,Georgia,TCU,"Martin, Tenn.",7,8
2023-10-27,South Carolina,Auburn,"Auburn, AL (Conf.)",4,14
2023-10-28,Georgia,UT Martin,"Martin, Tenn.",14,5
2023-11-02,Fresno State,Baylor,"Waco, Texas (Conf.)",9,9
2023-11-03,Texas A&M,South Carolina,"Blythewood, S.C. (Conf.)",10,8
2023-11-03,UC Davis,Minnesota-Crookston,"Crookston, MN (Conf.)",19,1
2023-11-03,Lynchburg,Sweet Briar College,"Sweet Briar, Va.",5,5
2023-11-03,Minnesota-Crookston,South Dakota State,"Brookings, S.D. (Conf.)",2,16
2023-11-03,UC Davis,South Dakota State,"Brookings, S.D. (Conf.)",14,4
2023-11-03,Fresno State,Oklahoma State,"Stillwater, OK (Conf.)",7,12
2023-11-03,College of Charleston,South Carolina,"Columbia, SC",2,6
2023-11-04,Bridgewater College,Sacred Heart,"Norwalk, Conn. (Conf.)",2,7
2023-11-05,Bridgewater College,Dartmouth College,"Hanover, N.H. / Morton Farm",2,5
2023-11-10,Baylor,TCU,"Burleson, Texas (Conf.)",6,14
2023-11-10,Auburn,Texas A&M,"College Station, TX (Conf.)",9,11
2023-11-10,University of the SouthSewanee,Sweet Briar College,"Sweet Briar, Va.",1,7
2023-11-11,University of the SouthSewanee,Lynchburg,"Lynchburg, VA",1,5
2023-11-11,Auburn,SMU,"Dallas, Texas",8,12
2023-11-12,Sacred Heart,Dartmouth College,"Hanover, NH (Conf.)",2,6
2023-11-17,Baylor,Delaware State,"Felton, Del. (Conf.)",7,10
2023-11-17,Oklahoma State,South Carolina,"Columbia, SC",8,12
2023-11-17,SMU,Fresno State,"Fresno, CA",9,10
2023-11-18,Oklahoma State,Georgia,"Athens, GA",6,11
2023-11-18,Baylor,UT Martin,"Dover, Del.",7,7
2023-11-18,UT Martin,Delaware State,"Felton, Del. (Conf.)",7,10
2023-11-18,SMU,UC Davis,"Davis, CA",11,9
2023-12-02,Berry College (Ga.),University of the SouthSewanee,"Sewanee, Tenn.",2,6
2022-01-27,Delaware State,TCU,"Fort Worth, Texas",5,14
2022-01-27,UT Martin,SMU,"Dallas, Texas (Conf.)",4,16
2022-01-28,Delaware State,UT Martin,"Dallas, Texas (Conf.)",6,10
2022-01-28,Delaware State,UT Martin,"Dallas, Texas",6,10
2022-01-28,SUNY New Paltz,Auburn,"Auburn, Ala.",1,7
2022-01-28,University of the SouthSewanee,SUNY New Paltz,"Auburn, Ala. (Conf.)",4,3
2022-01-28,University of the SouthSewanee,Auburn,"Auburn, Ala.",0,8
2022-01-29,University of the SouthSewanee,Dartmouth College,"Auburn, Ala. (Conf.)",4,4
2022-01-29,Dartmouth College,SUNY New Paltz,"Auburn, Ala. (Conf.)",3,5
2022-01-29,UT Martin,TCU,"Fort Worth, Texas",3,15
2022-01-29,Delaware State,SMU,"Dallas, Texas (Conf.)",2,16
2022-01-29,Baylor,Texas A&M,"Bryan-College Station, Texas",8,10
2022-01-29,Dartmouth College,Auburn,"Auburn, Ala.",0,8
2022-02-04,Georgia,Sweet Briar College,"Sweet Briar, Va.",7,3
2022-02-05,Auburn,South Carolina,"Blythewood, S.C. (Conf.)",14,4
2022-02-06,Baylor,Oklahoma State,"Stillwater, Okla. (Conf.)",8,11
2022-02-10,TCU,SMU,"Dallas, Texas",9,9
2022-02-11,University of the SouthSewanee,Sweet Briar College,"Sweet Briar, Va.",1,7
2022-02-11,UC Davis,UT Martin,"Martin, Tenn. (Conf.)",8,11
2022-02-11,UC Davis,Oklahoma State,"Martin, Tenn.",5,11
2022-02-12,Delaware State,Ole Miss,"Auburn, Ala.",13,2
2022-02-12,Texas A&M,Georgia,"Bishop, Ga. (Conf.)",9,9
2022-02-12,TCU,Baylor,"Waco, Texas (Conf.)",9,9
2022-02-12,Oklahoma State,UT Martin,"Martin, Tenn.",13,7
2022-02-12,Delaware State,Auburn,"Auburn, AL",4,16
2022-02-13,Sacred Heart,Dartmouth College,"Hanover, N.H. (Conf.)",4,4
2022-02-18,Fresno State,TCU,"Fort Worth, Texas (Conf.)",5,15
2022-02-18,South Carolina,Baylor,"Waco, Texas",5,13
2022-02-18,Georgia,Minnesota-Crookston,"Brookings, S.D.",16,0
2022-02-18,Georgia,South Dakota State,"Brookings, SD",11,8
2022-02-19,Minnesota-Crookston,South Dakota State,"Brookings, S.D. (Conf.)",4,11
2022-02-19,South Carolina,Texas A&M,"Bryan-College Station, Texas (Conf.)",9,10
2022-02-19,Fresno State,Oklahoma State,"Stillwater, Okla. (Conf.)",5,13
2022-02-19,Minnesota-Crookston,Georgia,"Brookings, S.D.",0,16
2022-02-25,SUNY New Paltz,Sweet Briar College,"Sweet Briar, Va. (Conf.)",3,5
2022-02-26,SUNY New Paltz,Lynchburg,"Lynchburg, Va. (Conf.)",2,5
2022-02-26,Oklahoma State,TCU,"Fort Worth, Texas (Conf.)",4,16
2022-02-26,Texas A&M,Auburn,"Auburn, AL (Conf.)",4,13
2022-02-26,UC Davis,Fresno State,"Fresno, Calif.",11,9
2022-02-26,Georgia,South Carolina,"Blythewood, S.C. (Conf.)",9,10
2022-02-26,UC Davis,Fresno State,"Fresno, Calif.",4,15
2022-03-04,Delaware State,South Carolina,"Columbia, S.C.",4,12
2022-03-04,Sweet Briar College,SMU,"Dallas, Texas (Conf.)",3,7
2022-03-04,Baylor,Fresno State,"Fresno, Calif. (Conf.)",6,12
2022-03-04,Auburn,Georgia,"Bishop, Ga. (Conf.)",7,13
2022-03-05,UT Martin,Georgia,"Bishop, Ga.",2,17
2022-03-05,Sweet Briar College,TCU,"Burleson, Texas",1,9
2022-03-05,Texas A&M,SMU,"Dallas, Texas",11,8
2022-03-05,Baylor,UC Davis,"Davis, Calif.",13,7
2022-03-11,South Dakota State,UT Martin,"Martin, Tenn. (Conf.)",6,14
2022-03-11,Bridgewater College,Texas A&M,"Bryan-College Station, Texas",0,8
2022-03-11,Bridgewater College,Oklahoma State,"Bryan-College Station, Texas",1,7
2022-03-11,Minnesota-Crookston,South Dakota State,"Martin, Tenn. (Conf.)",2,16
2022-03-12,Oklahoma State,Texas A&M,Bryan-College Station,9,8
2022-03-12,Minnesota-Crookston,UT Martin,"Martin, Tenn. (Conf.)",1,15
2022-03-12,Fresno State,UC Davis,"Davis, Calif.",9,11
2022-03-12,South Dakota State,Minnesota-Crookston,"Martin, Tenn.",14,2
2022-03-18,Bridgewater College,Sweet Briar College,"Sweet Briar, Va.",3,5
2022-03-18,Lynchburg,University of the SouthSewanee,"Sweet Briar, Va.",3,5
2022-03-19,Bridgewater College,Lynchburg,"Sweet Briar, Va.",3,5
2022-03-19,University of the SouthSewanee,Sweet Briar College,"Sweet Briar, Va.",0,8
2022-03-24,Minnesota-Crookston,Delaware State,"Harrington, Del.",0,20
2022-03-24,South Dakota State,UC Davis,"Harrington, Del.",5,15
2022-03-25,UC Davis,SMU,"Harrington, Del.",9,10
2022-03-25,UT Martin,Delaware State,"Harrington, Del.",10,10
2022-03-25,Fresno State,TCU,"Forth Worth, Texas",7,13
2022-03-25,Texas A&M,South Carolina,"Auburn, Ala.",12,7
2022-03-25,Georgia,Auburn,"Auburn, Ala.",7,12
2022-03-25,Oklahoma State,Baylor,"Fort Worth, TX",10,9
2022-03-26,SUNY New Paltz,Sacred Heart,"Hanover, N.H.",7,1
2022-03-26,Georgia,South Carolina,"Auburn, Ala.",12,7
2022-03-26,UT Martin,SMU,"Harrington, Del.",9,11
2022-03-26,Fresno State,Baylor,"Forth Worth, Texas",6,12
2022-03-26,Sacred Heart,Dartmouth College,"Hanover, N.H.",6,2
2022-03-26,SUNY New Paltz,Dartmouth College,"Hanover, N.H.",4,4
2022-03-26,Texas A&M,Auburn,"Auburn, AL",8,11
2022-03-26,Oklahoma State,TCU,"Forth Worth, Texas",11,9
2022-04-14,Fresno State,Oklahoma State,"Ocala, Fla.",8,12
2022-04-14,TCU,Georgia,"Ocala, Fla.",12,8
2022-04-14,Auburn,SMU,"Ocala, Fla.",8,12
2022-04-14,Baylor,Texas A&M,"Ocala, Fla.",6,13
2022-04-15,Sweet Briar College,SUNY New Paltz,"Ocala, Fla.",4,4
2022-04-15,SMU,Texas A&M,"Ocala, Fla.",5,14
2022-04-15,TCU,Oklahoma State,"Ocala, Fla.",6,13
2022-09-23,South Carolina,Delaware State,"Felton, Del.",14,6
2022-09-23,South Carolina,Minnesota-Crookston,"Felton, Del.",13,3
2022-09-23,TCU,Texas A&M,"College Station, Texas",10,10
2022-09-24,Minnesota-Crookston,Delaware State,"Felton, Del.",3,12
2022-09-24,Lynchburg,Dartmouth College,"Hanover, N.H.",7,1
2022-09-29,Baylor,South Carolina,"Columbia, S.C.",8,11
2022-09-30,Baylor,Georgia,"Athens, Ga.",8,10
2022-09-30,Texas A&M,Fresno State,"Fresno, Calif.",11,8
2022-10-01,Dartmouth College,UT Martin,"Martin, Tenn. (Conf.)",1,9
2022-10-01,SMU,Oklahoma State,"Stillwater, Okla.",10,9
2022-10-01,Texas A&M,UC Davis,"Davis, Calif.",14,5
2022-10-07,Sweet Briar College,Lynchburg,"Rustburg, Va. (Conf.)",4,6
2022-10-07,Auburn,Georgia,"Athens, Ga. (Conf.)",11,8
2022-10-08,South Carolina,Texas A&M,Bryan-College Station (Conf.),6,14
2022-10-13,TCU,UT Martin,"Felton, Del.",9,6
2022-10-13,TCU,Delaware State,"Dover, Del.",12,8
2022-10-14,UT Martin,Delaware State,"Felton, Del. (Conf.)",13,7
2022-10-14,Auburn,UC Davis,"Davis, Calif.",8,10
2022-10-15,Minnesota-Crookston,South Dakota State,"Brookings, S.D. (Conf.)",1,14
2022-10-15,Sweet Briar College,Dartmouth College,"Hanover, N.H. (Conf.)",7,1
2022-10-15,Baylor,Oklahoma State,"Stillwater, Okla. (Conf.)",3,17
2022-10-15,Auburn,Fresno State,"Fresno, Calif.",16,2
2022-10-21,TCU,Baylor,"Waco, Texas (Conf.)",7,12
2022-10-22,Sweet Briar College,Sacred Heart,"Fairfield, Conn. (Conf.)",9,1
2022-10-22,Texas A&M,Georgia,"Bishop, Ga. (Conf.)",8,10
2022-10-22,Bridgewater College,University of the SouthSewanee,"Sewanee, Tenn. (Conf.)",3,5
2022-10-22,UT Martin,Auburn,"Auburn, Ala.",4,16
2022-10-28,South Carolina,UT Martin,"Martin, Tenn.",10,9
2022-10-28,Oklahoma State,TCU,"Fort Worth, Texas (Conf.)",6,12
2022-10-28,South Dakota State,UC Davis,"Davis, Calif.",5,13
2022-10-28,South Dakota State,Georgia,"Davis, Calif.",3,13
2022-10-29,Lynchburg,UT Martin,"Martin, Tenn. (Conf.)",3,7
2022-10-29,Bridgewater College,Dartmouth College,"Hanover, N.H.",4,4
2022-10-29,Georgia,UC Davis,"Davis, Calif.",11,9
2022-11-03,Fresno State,TCU,"Burleson, Texas (Conf.)",1,16
2022-11-04,Fresno State,Oklahoma State,"Stillwater, Okla. (Conf.)",6,13
2022-11-04,Auburn,South Carolina,"Columbia, S.C. (Conf.)",13,6
2022-11-05,Dartmouth College,Sacred Heart,"Fairfield, Conn.",2,8
2022-11-11,UC Davis,TCU,"Fort Worth, Texas",5,15
2022-11-11,Texas A&M,Auburn,"Auburn, Ala. (Conf.)",6,10
2022-11-11,Delaware State,UC Davis,"Dallas, Texas",7,7
2022-11-12,Sweet Briar College,University of the SouthSewanee,"Sewanee, Tenn. (Conf.)",7,1
2022-11-12,UC Davis,SMU,"Dallas, Texas",6,14
2022-11-12,Georgia,South Carolina,"Blythewood, S.C. (Conf.)",9,10
2022-11-12,Sacred Heart,Lynchburg,"Lynchburg, Va. (Conf.)",1,7
2022-11-13,Sacred Heart,Bridgewater College,"Rustburg, Va. (Conf.)",4,4
2022-11-17,Bridgewater College,Auburn,"Auburn, Ala.",2,6
2022-11-17,Fresno State,Texas A&M,"College Station, Texas",6,14
2022-11-17,Oklahoma State,Bridgewater College,"Auburn, Ala.",7,1
2022-11-18,Georgia,Delaware State,"Dover, Del.",8,11
2022-11-18,South Dakota State,UT Martin,"Martin, Tenn. (Conf.)",6,13
2022-11-18,Fresno State,Baylor,"Waco, TX (Conf.)",7,11
2022-11-18,Lynchburg,Georgia,"Felton, Del.",1,9
2022-11-18,Oklahoma State,Auburn,"Auburn, Ala.",4,15
2022-11-19,Lynchburg,Delaware State,"Felton, Del.",5,5
2021-01-28,South Dakota State,TCU,"Fort Worth, Texas",1,18
2021-01-28,UT Martin,TCU,"Forth Worth, Texas",4,15
2021-01-29,Lynchburg,South Carolina,"Blythewood, S.C.",1,9
2021-01-29,South Dakota State,SMU,"Dallas, Texas",4,15
2021-01-29,South Dakota State,UT Martin,"Dallas, Texas",8,8
2021-01-30,UT Martin,SMU,"Dallas, Texas",5,15
2021-01-30,Baylor,Texas A&M,"Bryan-College Station, Texas",9,9
2021-02-03,SMU,TCU,"Fort Worth, Texas",6,12
2021-02-06,TCU,Baylor,"Waco, Texas (Conf.)",9,10
2021-02-06,South Carolina,Georgia,"Bishop, Ga. (Conf.)",6,10
2021-02-06,South Carolina,Georgia,"Bishop, Ga. (Conf.)",6,10
2021-02-12,Minnesota-Crookston,UT Martin,"Martin, TN",1,9
2021-02-13,Auburn,Texas A&M,"Bryan-College Station, Texas (Conf.)",14,6
2021-02-13,Fresno State,UC Davis,"Davis, Calif.",10,9
2021-02-19,Sweet Briar College,Georgia,"Athens, GA (Conf.)",3,7
2021-02-21,Oklahoma State,TCU,"Forth Worth, Texas (Conf.)",5,14
2021-02-25,UC Davis,Fresno State,"Fresno, Calif.",8,12
2021-02-25,UC Davis,Fresno State,"Fresno, Calif.",8,12
2021-02-26,Delaware State,South Dakota State,"Brookings, S.D.",8,11
2021-02-27,Minnesota-Crookston,South Dakota State,"Brookings, S.D.",2,6
2021-02-27,Georgia,Auburn,"Auburn, Ala. (Conf.)",3,12
2021-02-27,Wilson College,Sweet Briar College,"Sweet Briar, Va.",1,7
2021-02-27,Texas A&M,South Carolina,"Blythewood, S.C. (Conf.)",10,9
2021-03-05,TCU,SMU,"Dallas, Texas",3,11
2021-03-05,Fresno State,TCU,"Dallas, Texas (Conf.)",8,8
2021-03-06,UT Martin,Delaware State,"Felton, Del.",9,9
2021-03-06,Georgia,Texas A&M,"Bryan-College Station, Texas (Conf.)",9,8
2021-03-06,Lynchburg,Sweet Briar College,"Auburn, Ala.",1,8
2021-03-06,Baylor,Oklahoma State,"Stillwater, Okla. (Conf.)",6,14
2021-03-06,Fresno State,SMU,"Dallas, Texas",3,12
2021-03-06,Sweet Briar College,Auburn,"Auburn, AL",2,8
2021-03-06,Lynchburg,Auburn,"Auburn, Ala.",1,9
2021-03-07,Fresno State,Baylor,"Forth Worth, Texas (Conf.)",9,6
2021-03-07,Oklahoma State,Fresno State,"Fort Worth, Texas (Conf.)",8,7
2021-03-11,Lynchburg,TCU,"Fort Worth, Texas",1,7
2021-03-11,Baylor,TCU,"Forth Worth, Texas",7,12
2021-03-11,UC Davis,Fresno State,"Fresno, Calif.",9,10
2021-03-12,Delaware State,UT Martin,"Martin, Tenn.",6,13
2021-03-12,Lynchburg,SMU,"Dallas, Texas",3,5
2021-03-12,Delaware State,UT Martin,"Martin, Tenn.",6,13
2021-03-13,Baylor,SMU,"Dallas, Texas",8,12
2021-03-13,South Carolina,Auburn,"Auburn, Ala. (Conf.)",5,13
2021-03-13,TCU,Oklahoma State,"Stillwater, Okla.",14,5
2021-03-13,Fresno State,UC Davis,"Davis, Calif.",8,8
2021-03-14,Oklahoma State,Baylor,"Waco, Texas",11,8
2021-03-19,Wilson College,Sweet Briar College,"Sweet Briar, Va.",2,6
2021-03-20,Delaware State,Sweet Briar College,"Sweet Briar, Va.",2,7
2021-03-20,Wilson College,Delaware State,"Sweet Briar, Va.",1,6
2021-03-25,UC Davis,Delaware State,"Martin, Tenn.",7,9
2021-03-26,Texas A&M,Georgia,"Bishop, Ga.",10,10
2021-03-26,Delaware State,SMU,"Martin, Tenn.",5,9
2021-03-26,South Dakota State,UT Martin,"Martin, Tenn.",2,14
2021-03-26,Oklahoma State,Baylor,"Waco, Texas",12,8
2021-03-26,TCU,Fresno State,"Waco, Texas",15,4
2021-03-26,Auburn,South Carolina,"Bishop, Ga.",13,6
2021-03-27,Texas A&M,South Carolina,"Bishop, Ga.",11,9
2021-03-27,Fresno State,Baylor,"Waco, Texas",7,13
2021-03-27,TCU,Oklahoma State,"Waco, Texas",9,11
2021-03-27,SMU,UT Martin,"Martin, Tenn.",11,4
2021-03-27,Auburn,Georgia,"Bishop, Ga.",15,5
2021-04-15,Auburn,Baylor,"Waco, Texas",7,8
2021-04-15,Oklahoma State,Fresno State,"Waco, Texas",10,6
2021-04-15,SMU,Texas A&M,"Waco, Texas",7,7
2021-04-15,Georgia,TCU,"Waco, Texas",10,6
2021-04-16,Georgia,Oklahoma State,"Waco, Texas",10,6
2021-04-16,Baylor,SMU,"Waco, Texas",6,8
2021-04-17,SMU,Georgia,"Waco, Texas",7,9
2021-04-17,Lynchburg,Sweet Briar College,"Waco, Texas",2,6
2021-09-18,Lynchburg,SUNY New Paltz,"New Paltz, N.Y. (Conf.)",6,4
2021-09-24,Baylor,UT Martin,"Martin, Tenn.",13,6
2021-09-24,SUNY New Paltz,Delaware State,"Felton, Del. (Conf.)",5,3
2021-09-25,SUNY New Paltz,Sacred Heart,"Dover, DE (Conf.)",3,5
2021-09-25,Texas A&M,South Dakota State,"Brookings, S.D.",11,8
2021-09-25,Sacred Heart,Delaware State,"Felton, Del. (Conf.)",2,6
2021-09-26,Bridgewater College,Lynchburg,"Lynchburg, Va. (Conf.)",3,5
2021-09-30,South Carolina,UC Davis,"Davis, Calif.",6,11
2021-10-01,UT Martin,Delaware State,"Felton, Del. (Conf.)",7,13
2021-10-01,South Carolina,Fresno State,"Fresno, Calif.",9,10
2021-10-01,TCU,South Carolina,"Fresno, CA",8,7
2021-10-02,SMU,UT Martin,"Dover, Del. (Conf.)",6,9
2021-10-02,SMU,Delaware State,"Dover, Del. (Conf.)",7,13
2021-10-02,TCU,Fresno State,"Fresno, Calif. (Conf.)",9,10
2021-10-02,South Carolina,TCU,"Fresno, Calif.",7,8
2021-10-02,SMU,Delaware State,"Felton, Del. (Conf.)",8,7
2021-10-03,TCU,UC Davis,"Davis, Calif.",11,9
2021-10-08,SMU,TCU,"Fort Worth, Texas",11,9
2021-10-08,Oklahoma State,Baylor,"Waco, Texas (Conf.)",10,9
2021-10-08,Georgia,Auburn,"Auburn, Ala. (Conf.)",7,13
2021-10-15,UT Martin,South Dakota State,"Brookings, SD (Conf.)",10,8
2021-10-15,Texas A&M,Baylor,"Waco, Texas",7,12
2021-10-15,Auburn,Oklahoma State,"Stillwater, Okla.",9,10
2021-10-16,Auburn,SMU,"Dallas, Texas",11,7
2021-10-22,Texas A&M,South Carolina,"Blythewood, S.C. (Conf.)",10,8
2021-10-22,Fresno State,Georgia,"Athens, Ga.",3,16
2021-10-22,Lynchburg,Auburn,"Auburn, Ala.",1,9
2021-10-23,Lynchburg,Fresno State,"Auburn, Ala.",4,4
2021-10-23,Fresno State,Auburn,"Auburn, Ala.",5,13
2021-10-23,TCU,Oklahoma State,"Stillwater, Okla. (Conf.)",6,12
2021-10-28,TCU,South Dakota State,"Brookings, S.D.",7,7
2021-10-28,Lynchburg,Delaware State,"Felton, Del. (Conf.)",4,4
2021-10-28,Minnesota-Crookston,South Dakota State,"Brookings, S.D. (Conf.)",1,15
2021-10-29,Minnesota-Crookston,TCU,"Brookings, S.D.",1,15
2021-10-29,Lynchburg,Sweet Briar College,"Felton, Del. (Conf.)",3,5
2021-10-29,Sweet Briar College,Delaware State,"Felton, Del. (Conf.)",2,6
2021-10-29,Georgia,Texas A&M,"Bryan-College Station, Texas (Conf.)",6,13
2021-10-29,South Carolina,Auburn,"Auburn, Ala. (Conf.)",8,11
2021-10-30,Georgia,SMU,"Dallas, Texas",11,9
2021-11-04,SMU,UC Davis,"Davis, Calif. (Conf.)",14,6
2021-11-05,Baylor,TCU,"Fort Worth, Texas (Conf.)",14,6
2021-11-05,Oklahoma State,Fresno State,"Fresno, Calif. (Conf.)",10,9
2021-11-05,Oklahoma State,SMU,"Fresno, Calif.",5,10
2021-11-06,SMU,Fresno State,"Fresno, Calif.",7,11
2021-11-06,SMU,Oklahoma State,"Fresno, Calif.",10,5
2021-11-12,Texas A&M,UT Martin,"Martin, Tenn.",12,8
2021-11-12,Bridgewater College,Sweet Briar College,"Sweet Briar, Va. (Conf.)",0,6
2021-11-13,Sacred Heart,Bridgewater College,"Sweet Briar, Va. (Conf.)",8,0
2021-11-13,Sacred Heart,Sweet Briar College,"Sweet Briar, Va. (Conf.)",2,5
2021-11-13,Lynchburg,UT Martin,"Martin, Tenn. (Conf.)",2,8
2021-11-13,Lynchburg,Texas A&M,"Martin, Tenn.",2,8
2021-11-13,South Carolina,Georgia,"Athens, Ga. (Conf.)",4,14
2021-11-18,Auburn,Texas A&M,"Bryan-College Station, Texas (Conf.)",6,10
2021-11-19,Fresno State,SMU,"Dallas, Texas",2,17
2021-11-19,Auburn,Baylor,"Waco, Texas",13,7
2021-11-19,UC Davis,Delaware State,"Felton, Del. (Conf.)",8,11
2021-11-19,UC Davis,South Dakota State,"Dover, Del. (Conf.)",13,6
2021-11-20,South Dakota State,Delaware State,"Dover, Del. (Conf.)",8,11
2021-11-20,Fresno State,Baylor,"Waco, Texas (Conf.)",7,11
2021-11-20,South Dakota State,Delaware State,"Felton, Del.",5,12
2021-11-21,South Dakota State,Sweet Briar College,"Sweet Briar, Va. (Conf.)",3,6
2020-01-30,Delaware State,TCU,"Fort Worth, Texas",2,15
2020-01-31,Sweet Briar College,South Carolina,"Blythewood, S.C.",2,7
2020-01-31,Auburn,UC Davis,"Davis, Calif.",13,7
2020-01-31,Sweet Briar College,South Dakota State,"Blythewood, S.C.",4,3
2020-02-01,Georgia,Texas A&M,"College Station, Texas (Conf.)",9,9
2020-02-01,South Dakota State,South Carolina,"Blythewood, S.C.",5,15
2020-02-01,Auburn,Fresno State,"Fresno, Calif.",10,8
2020-02-07,Baylor,TCU,"Springtown, Texas (Conf.)",8,12
2020-02-07,UT Martin,Fresno State,"Fresno, Calif.",4,14
2020-02-07,UT Martin,UC Davis,"Fresno, Calif.",7,9
2020-02-08,Texas A&M,South Carolina,"Blythewood, S.C. (Conf.)",10,10
2020-02-08,UC Davis,Fresno State,"Fresno, Calif.",5,14
2020-02-08,Auburn,Georgia,"Athens, Ga. (Conf.)",12,8
2020-02-08,Oklahoma State,SMU,"Dallas, Texas",5,13
2020-02-15,Texas A&M,SMU,"Dallas, Texas",7,12
2020-02-15,TCU,Oklahoma State,"Stillwater, Okla. (Conf.)",5,14
2020-02-15,Baylor,Auburn,"Auburn, Ala.",4,15
2020-02-20,SMU,UT Martin,"Martin, Tenn.",11,7
2020-02-21,Fresno State,TCU,"Fort Worth, Texas (Conf.)",10,9
2020-02-21,SUNY New Paltz,UT Martin,"Martin, Tenn. (Conf.)",1,9
2020-02-21,SUNY New Paltz,SMU,"Martin, Tenn.",1,8
2020-02-22,UC Davis,South Dakota State,"Brookings, S.D. (Conf.)",10,9
2020-02-22,Texas A&M,Oklahoma State,"Stillwater, Okla.",7,10
2020-02-22,Fresno State,Baylor,"Waco, Texas (Conf.)",8,11
2020-02-22,Georgia,South Carolina,"Blythewood, S.C. (Conf.)",5,14
2020-02-28,Baylor,Texas A&M,"College Station, Texas",8,10
2020-02-28,Delaware State,Georgia,"Bishop, Ga.",4,15
2020-02-28,Baylor,South Dakota State,"College Station, Texas",13,3
2020-02-29,UT Martin,Georgia,"Bishop, Ga.",2,17
2020-02-29,TCU,SMU,"Dallas, Texas",1,17
2020-02-29,South Carolina,Auburn,"Auburn, Ala. (Conf.)",5,13
2020-02-29,South Dakota State,Texas A&M,"College Station, Texas",5,13
2020-02-29,Delaware State,UT Martin,"Bishop, Ga.",8,7
2020-03-06,South Carolina,Delaware State,"Felton, Del.",14,5
2020-03-06,SMU,Fresno State,"Fresno, Calif.",8,11
2020-03-06,SUNY New Paltz,Sweet Briar College,"Sweet Briar, Va.",5,5
2020-03-07,Georgia,TCU,"Fort Worth, Texas",9,10
2020-03-07,Texas A&M,Auburn,"Auburn, Ala.",9,10
2020-03-07,Oklahoma State,Baylor,"Waco, Texas (Conf.)",10,8
2020-03-07,Lynchburg,UC Davis,"Davis, Calif.",4,4
2020-03-07,Lynchburg,Fresno State,"Fresno, Calif.",1,7
2020-10-16,Auburn,South Carolina,"Blythewood, S.C. (Conf.)",14,5
2020-10-23,Auburn,Georgia,"Athens, Ga. (Conf.)",10,8
2020-10-29,Texas A&M,Georgia,"Bishop, Ga. (Conf.)",9,10
2020-10-30,Texas A&M,Auburn,"Auburn, Ala. (Conf.)",5,15
2020-11-05,South Carolina,Texas A&M,"Bryan-College Station, Texas (Conf.)",7,13
2020-11-13,Georgia,South Carolina,"Blythewood, S.C. (Conf.)",8,11
2019-01-24,Georgia,UT Martin,"Martin, Tenn.",9,11
2019-01-26,Texas A&M,South Dakota State,"Brookings, S.D.",14,5
2019-01-31,Delaware State,UC Davis,UC Davis Equestrian Center (Conf.),5,10
2019-01-31,West Texas A&M,TCU,"11 a.m.-Springtown, Texas <br> 6 p.m.-Fort Worth, Texas (John Justin Arena)",1,15
2019-01-31,West Texas A&M,TCU,"Fort Worth, TX",1,15
2019-02-01,Delaware State,Fresno State,"Fresno, CA",5,13
2019-02-01,Auburn,Delaware State,"Fresno, Calif.",15,1
2019-02-02,Auburn,Fresno State,"Fresno, CA",16,3
2019-02-02,Delaware State,Auburn,"Fresno, CA",1,15
2019-02-02,Ohio State,South Carolina,"Blythewood, S.C.",2,6
2019-02-02,Liberty,South Carolina,"Blythewood, S.C.",3,6
2019-02-02,SMU,Texas A&M,College Station,9,11
2019-02-02,Fresno State,Delaware State,"Fresno, CA",13,5
2019-02-08,UT Martin,Auburn,"Auburn, Ala.",0,17
2019-02-08,UT Martin,South Dakota State,"Auburn, Ala.",10,5
2019-02-08,TCU,Sweet Briar College,"Sweet Briar, Va.",8,2
2019-02-08,South Dakota State,UT Martin,"Auburn, AL (Conf.)",5,10
2019-02-08,TCU,Lynchburg,"Sweet Briar, Va.",7,1
2019-02-08,UT Martin,Auburn,"Auburn, Ala.",0,17
2019-02-09,Oklahoma State,Baylor,"Waco, Texas (Conf.)",8,11
2019-02-09,TCU,South Carolina,"Blythewood, S.C.",5,13
2019-02-09,South Dakota State,Auburn,"Auburn, Ala.",0,20
2019-02-09,Texas A&M,Georgia,"Athens, GA (Conf.)",8,12
2019-02-10,Mississippi State,UT Martin,"Martin, Tenn.",2,14
2019-02-15,Texas A&M,Sweet Briar College,"Sweet Briar, Va.",5,5
2019-02-15,TCU,South Dakota State,"Brookings, S.D.",13,6
2019-02-16,Minnesota-Crookston,TCU,"Brookings, SD",14,2
2019-02-16,TCU,Minnesota-Crookston,"Brookings, S.D.",14,2
2019-02-16,SMU,Oklahoma State,"Stillwater, OK",7,13
2019-02-16,Auburn,South Carolina,"Blythewood, S.C. (Conf.)",14,6
2019-02-16,UC Davis,Texas A&M,College Station,2,14
2019-02-21,UC Davis,TCU,"Springtown, Texas",4,12
2019-02-22,UC Davis,SMU,"Dallas, Texas (Conf.)",3,13
2019-02-23,Georgia,Baylor,"Waco, Texas",8,11
2019-02-23,TCU,Oklahoma State,"Stillwater, OK (Conf.)",8,12
2019-02-23,South Carolina,Texas A&M,College Station (Conf.),6,13
2019-03-01,Auburn,Texas A&M,College Station (Conf.),12,8
2019-03-01,Delaware State,Oklahoma State,"Felton, DE",5,10
2019-03-02,Fresno State,UC Davis,UC Davis Equestrian Center (Conf.),12,4
2019-03-02,Auburn,SMU,"Dallas, Texas",10,8
2019-03-02,South Dakota State,Delaware State,"Dover, DE (Conf.)",9,10
2019-03-02,South Dakota State,Oklahoma State,"Dover, DE",5,11
2019-03-02,Baylor,TCU,"Springtown, Texas (Conf.)",11,7
2019-03-02,South Carolina,Georgia,"Athens, GA (Conf.)",7,13
2019-03-08,Delaware State,South Carolina,"Blythewood, S.C.",4,15
2019-03-08,Delaware State,South Carolina,"Blythewood, SC",5,14
2019-03-08,Georgia,Auburn,"Auburn, Ala. (Conf.)",3,17
2019-03-09,Fresno State,Oklahoma State,"Stillwater, OK",5,14
2019-03-09,Texas A&M,Baylor,"Waco, Texas",11,9
2019-03-09,Fresno State,Oklahoma State,"Stillwater, OK",5,14
2019-03-09,SMU,TCU,"Springtown, Texas",7,13
2019-03-14,Miami (Ohio),UT Martin,"Martin, Tenn.",3,15
2019-03-21,South Dakota State,UT Martin,"Martin, TN (Conf.) United Equestrian Conference Tournament",7,9
2019-03-22,Fresno State,Delaware State,"Martin, TN (Conf.) United Equestrian Conference Tournament",9,7
2019-03-22,SMU,UT Martin,"Martin, Tenn. (Conf.) United Equestrian Conference Tournament",12,4
2019-03-23,Fresno State,SMU,"Martin, TN United Equestrian Conference Tournament",2,14
2019-03-23,Fresno State,SMU,"Martin, Tenn. (Conf.) United Equestrian Conference Tournament",2,14
2019-03-29,TCU,Baylor,"Stillwater, Okla. Big 12 Championship",8,11
2019-03-29,TCU,Oklahoma State,"Stillwater, Okla. Big 12 Championship",7,13
2019-03-29,Georgia,Texas A&M,College Station SEC Championship,8,12
2019-03-29,South Carolina,Auburn,"College Station, Texas (Conf.) SEC Championship",7,13
2019-03-30,Baylor,Oklahoma State,"Stillwater, Okla. SEC Championship",10,10
2019-03-30,UC Davis,Fresno State,"Fresno, CA (Conf.) United Equestrian Conference Tournament",3,16
2019-03-30,Georgia,South Carolina,"College Station, Texas SEC Championship",11,8
2019-03-30,Texas A&M,Auburn,"College Station, Texas (Conf.) SEC Championship",6,11
2019-04-17,Auburn,Fresno State,"Waco, TX (Conf.) NCEA Championship",3,1
2019-04-17,Oklahoma State,Baylor,"Waco, Texas NCEA Championship",3,0
2019-04-17,Baylor,South Dakota State,"Waco, Texas",3,1
2019-04-17,SMU,UC Davis,"Waco, Tex. (Extraco Events Center) NCEA Championship",4,0
2019-04-17,Texas A&M,UC Davis,"Waco, Tex. (Extraco Events Center) NCEA Championship",3,1
2019-04-17,Texas A&M,UC Davis,"Waco, Tex. (Extraco Events Center) NCEA Championship",3,1
2019-04-17,Texas A&M,UC Davis,"Waco, Tex. (Extraco Events Center) NCEA Championship",3,1
2019-04-17,SMU,UT Martin,"Waco, Texas NCEA Championship",3,1
2019-04-17,Delaware State,UT Martin,"Waco, Texas NCEA Championship",3,1
2019-04-17,South Carolina,TCU,"Waco, Texas NCEA Championship",4,0
2019-04-17,Fresno State,South Carolina,"Waco, Texas NCEA Championship",0,4
2019-04-17,TCU,UT Martin,"Waco, Texas NCEA Championship",2,2
2019-04-17,Georgia,UT Martin,"Waco, Texas NCEA Championship",3,1
2019-04-17,Delaware State,TCU,"Waco, Texas NCEA Championship",1,3
2019-04-17,Fresno State,South Carolina,"Waco, Texas NCEA Championship",1,3
2019-04-17,Fresno State,South Carolina,"Waco, Texas NCEA Championship",1,3
2019-04-18,Baylor,Georgia,"Waco, Texas NCEA Championship",6,10
2019-04-18,Oklahoma State,Auburn,"Waco, Texas (Conf.) NCEA Championship",5,11
2019-04-18,TCU,Auburn,"Waco, Texas (Conf.) NCEA Championship",4,12
2019-04-18,Oklahoma State,SMU,"Extraco Events Center / WACO, TX NCEA Championship",8,6
2019-04-18,South Carolina,Texas A&M,"Waco, Texas NCEA Championship",6,10
2019-04-18,Texas A&M,Georgia,"Waco, Texas NCEA Championship",7,8
2019-04-19,Baylor,South Carolina,"Waco, Texas NCEA Championship",0,4
2019-04-19,Baylor,South Carolina,"Waco, Texas NCEA Championship",2,2
2019-04-19,Oklahoma State,Baylor,"Waco, Texas NCEA Championship",2,2
2019-04-19,Baylor,TCU,"Waco, Texas NCEA Championship",2,2
2019-04-19,SMU,Texas A&M,"Waco, Texas NCEA Championship",2,2
2019-04-19,Georgia,TCU,"Waco, Texas NCEA Championship",3,1
2019-04-19,Texas A&M,South Carolina,"Waco, Texas NCEA Championship",3,0
2019-04-19,Auburn,Texas A&M,"Waco, Texas (Conf.) NCEA Championship",4,0
2019-04-19,Auburn,UT Martin,"Waco, Texas (Conf.) NCEA Championship",4,0
2019-04-19,Oklahoma State,Texas A&M,"Waco, Texas NCEA Championship",1,3
2019-04-19,SMU,South Carolina,"Waco, Texas (Conf.) NCEA Championship",2,2
2019-04-19,Texas A&M,TCU,"Waco, Texas NCEA Championship",2,2
2019-04-19,SMU,South Carolina,"Waco, Texas NCEA Championship",2,2
2019-04-19,Texas A&M,South Carolina,"Waco, Texas NCEA Championship",1,3
2019-04-19,Georgia,South Carolina,"Waco, Texas NCEA Championship",4,0
2019-04-20,Auburn,Georgia,"Waco, Texas (Conf.)",8,7
2019-04-20,TCU,Georgia,"Waco, Texas NCEA Championship",2,2
2019-04-20,South Carolina,Auburn,"Waco, Texas (Conf.) NCEA Championship",0,4
2019-09-19,Auburn,UT Martin,"Martin, Tenn.",17,1
2019-09-19,Oklahoma State,UT Martin,"Martin, Tenn.",14,4
2019-09-20,Texas Tech,TCU,"Fort Worth, Texas",0,20
2019-09-20,Fresno State,South Carolina,"Columbia, S.C.",8,11
2019-09-20,Auburn,Oklahoma State,"Martin, Tenn.",12,8
2019-09-21,Fresno State,Sweet Briar College,"Sweet Briar, Va.",6,4
2019-09-21,Fresno State,Lynchburg,"Lynchburg, Va.",6,2
2019-09-26,South Dakota State,TCU,"Fort Worth, Texas",3,17
2019-09-27,Baylor,SMU,"Dallas, Texas",5,14
2019-09-27,Sweet Briar College,Georgia,"Bishop, Ga.",2,8
2019-09-27,South Dakota State,Oklahoma State,"Stillwater, Okla.",7,13
2019-09-28,SUNY New Paltz,Delaware State,"Felton, Del. (Conf.)",2,9
2019-10-04,SUNY New Paltz,Sweet Briar College,"Sweet Briar, Va.",3,7
2019-10-04,Delaware State,Baylor,"Waco, Texas",3,12
2019-10-04,TCU,Fresno State,"Fresno, Calif. (Conf.)",12,7
2019-10-04,SUNY New Paltz,Lynchburg,"Lynchburg, Va.",6,1
2019-10-04,UC Davis,Baylor,"Waco, Texas",2,14
2019-10-04,TCU,Texas A&M,"Fresno, Calif.",4,11
2019-10-04,UT Martin,Miami (Ohio),"Oxford, Ohio",13,11
2019-10-05,South Carolina,Georgia,"Bishop, Ga. (Conf.)",5,14
2019-10-05,Texas A&M,Fresno State,"Fresno, Calif.",9,11
2019-10-05,Delaware State,UC Davis,"Waco, Tex. (Conf.)",8,8
2019-10-10,South Dakota State,UT Martin,"Martin, Tenn.",8,9
2019-10-10,SMU,TCU,"Fort Worth, Texas",9,11
2019-10-11,Delaware State,UT Martin,"Martin, Tenn.",9,11
2019-10-11,South Dakota State,Delaware State,"Martin, Tenn.",7,13
2019-10-18,TCU,Sweet Briar College,"Auburn, Ala.",5,3
2019-10-18,SUNY New Paltz,Auburn,"Auburn, Ala.",1,7
2019-10-18,Baylor,Oklahoma State,"Stillwater, Okla. (Conf.)",5,11
2019-10-18,Sweet Briar College,Auburn,"Auburn, Ala.",2,6
2019-10-18,SUNY New Paltz,TCU,"Auburn, Ala.",1,7
2019-10-19,SUNY New Paltz,Sweet Briar College,"Auburn, Ala.",3,5
2019-10-19,TCU,Auburn,"Auburn, Ala.",4,15
2019-10-25,Sweet Briar College,Delaware State,"Felton, Del.",4,4
2019-10-25,Lynchburg,Delaware State,"Felton, Del.",0,8
2019-10-25,Texas A&M,Georgia,"Bishop, Ga.",10,8
2019-10-25,Auburn,South Carolina,"Columbia, S.C. (Conf.)",14,6
2019-10-25,Oklahoma State,Fresno State,"Fresno, Calif. (Conf.)",5,14
2019-10-26,SMU,Georgia,"Bishop, Ga.",8,10
2019-10-26,Oklahoma State,UC Davis,"Davis, Calif.",13,5
2019-11-01,South Carolina,Texas A&M,"College Station, Texas",10,9
2019-11-01,TCU,Baylor,"Waco, Texas (Conf.)",6,14
2019-11-01,Ole Miss,Auburn,"Auburn, Ala.",1,9
2019-11-02,Minnesota-Crookston,South Dakota State,"Brookings, S.D.",2,16
2019-11-08,Oklahoma State,TCU,"Forth Worth, Texas (Conf.)",10,9
2019-11-08,Auburn,SMU,"Dallas, Texas",12,6
2019-11-08,Baylor,Fresno State,"Fresno, Calif. (Conf.)",7,12
2019-11-08,Georgia,Baylor,"Fresno, Calif.",10,6
2019-11-09,Auburn,Texas A&M,"College Station, Texas",11,9
2019-11-09,Georgia,Fresno State,"Fresno, Calif.",10,9
2019-11-15,UT Martin,South Carolina,"Columbia, S.C.",4,15
2019-11-15,Georgia,Auburn,"Auburn, Ala. (Conf.)",4,16
2019-11-15,Fresno State,UC Davis,"Davis, Calif.",12,7
2019-11-22,South Carolina,SMU,"Dallas, Texas",9,11
2019-11-23,South Carolina,Oklahoma State,"Stillwater, Okla.",7,12
2018-01-19,Auburn,Alabama,"Tuscaloosa, Ala.",8,4
2018-01-25,Texas A&M,TCU,John Justin Arena,8,11
2018-01-26,Converse College,Georgia,"Bishop, Ga.",1,8
2018-01-27,Ohio State,South Carolina,"Blythewood, S.C.",1,7
2018-02-02,Auburn,Baylor,"Waco, Texas",8,9
2018-02-02,Fresno State,TCU,"Springtown, Texas",5,15
2018-02-03,Sweet Briar College,Georgia,"Bishop, GA",0,9
2018-02-03,South Carolina,SMU,"Dallas, Texas",12,7
2018-02-03,South Carolina,SMU,"Dallas, Texas",12,7
2018-02-03,Auburn,Oklahoma State,"Stillwater, OK",10,8
2018-02-03,Fresno State,Texas A&M,College Station,6,12
2018-02-03,Sweet Briar College,Georgia,"Bishop, Ga.",0,9
2018-02-08,North Dakota State,South Dakota State,"Brookings, S.D.",2,14
2018-02-09,Delaware State,South Dakota State,"Brookings, SD",7,9
2018-02-09,North Dakota State,South Dakota State,"Brookings, SD",2,14
2018-02-09,Auburn,Georgia,"Bishop, Ga. (Conf.)",12,6
2018-02-10,TCU,Baylor,"Waco, Texas (Conf.)",7,10
2018-02-10,Texas A&M,South Carolina,"Blythewood, S.C. (Conf.)",6,12
2018-02-16,Oklahoma State,SMU,"Fresno, CA",8,6
2018-02-16,UT Martin,TCU,"Martin, TN",6,13
2018-02-16,Fresno State,SMU,"Fresno, CA",8,9
2018-02-17,Oklahoma State,Fresno State,"Fresno, CA",11,8
2018-02-17,SMU,Oklahoma State,"Fresno, Calif.",6,8
2018-02-17,Texas A&M,Auburn,"Auburn, Ala. (Conf.)",7,11
2018-02-17,Georgia,South Carolina,"Blythewood, S.C. (Conf.)",7,12
2018-02-22,South Dakota State,TCU,"Springtown, Texas",7,12
2018-02-23,UT Martin,SMU,"Dallas, Texas (Conf.)",3,15
2018-02-23,South Dakota State,SMU,"Dallas, Texas (Conf.)",5,15
2018-02-24,UT Martin,South Dakota State,"Dallas, TX",10,6
2018-02-24,South Dakota State,SMU,"Dallas, Texas (Conf.)",5,15
2018-02-24,Oklahoma State,TCU,"Springtown, Texas (Conf.)",9,10
2018-02-24,Baylor,Texas A&M,College Station,4,14
2018-02-24,South Carolina,Auburn,"Auburn, Ala. (Conf.)",7,12
2018-03-02,South Carolina,Delaware State,"Felton, Del.",6,4
2018-03-02,Baylor,South Carolina,"Dover, Del.",7,5
2018-03-02,SMU,Georgia,"Bishop, Ga.",8,11
2018-03-03,Baylor,Delaware State,"Dover, Del.",6,8
2018-03-03,SMU,Auburn,"Auburn, Ala.",3,14
2018-03-09,SMU,TCU,"Springtown, Texas",4,14
2018-03-09,Fresno State,South Carolina,"Blythewood, S.C.",6,13
2018-03-10,West Texas A&M,Oklahoma State,"Stillwater, OK",3,17
2018-03-10,Minnesota-Crookston,South Dakota State,"Brookings, S.D.",5,15
2018-03-10,West Texas A&M,Oklahoma State,"Stillwater, Oklahoma",3,17
2018-03-10,Georgia,Texas A&M,College Station (Conf.),13,7
2018-03-10,Fresno State,Auburn,"Auburn, Ala.",2,15
2018-03-15,UT Martin,Sweet Briar College,"Martin, TN",5,3
2018-03-15,Sweet Briar College,UT Martin,"Martin, TN",3,5
2018-03-16,Sweet Briar College,Minnesota-Crookston,"Martin, TN",8,2
2018-03-16,Minnesota-Crookston,Sweet Briar College,"Martin, TN",2,8
2018-03-16,UT Martin,Minnesota-Crookston,"Martin, Tennessee",19,0
2018-03-16,Minnesota-Crookston,UT Martin,"Martin, Tennessee",0,19
2018-03-17,Oklahoma State,Baylor,"Waco, Texas (Conf.)",14,6
2018-03-23,West Texas A&M,Texas A&M,"College Station, TX",0,17
2018-03-23,West Texas A&M,Texas A&M,College Station,0,17
2018-03-30,South Dakota State,SMU,"Dallas, Texas (Conf.)",1,15
2018-03-30,Auburn,Texas A&M,"Blythewood, S.C.",14,6
2018-03-30,UT Martin,Fresno State,United Equestrian Conference Tournament,6,10
2018-03-30,Oklahoma State,TCU,"Springtown, Texas",9,11
2018-03-30,South Dakota State,SMU,"Dallas, Texas",1,15
2018-03-30,Georgia,South Carolina,"Blythewood, S.C.",16,4
2018-03-30,Baylor,TCU,"Springtown, Texas",8,12
2018-03-31,South Dakota State,UT Martin,"Dallas, Texas (Conf.)",8,8
2018-03-31,Texas A&M,South Carolina,"Blythewood, S.C.",10,9
2018-03-31,Fresno State,SMU,"Dallas, Texas",3,13
2018-03-31,SMU,Fresno State,United Equestrian Conference Tournament,13,3
2018-03-31,Baylor,TCU,"Springtown, Texas",8,12
2018-03-31,Auburn,Georgia,"Blythewood, S.C.",7,12
2018-03-31,Oklahoma State,Baylor,"Springtown, Texas",13,7
2018-04-18,South Dakota State,Fresno State,NCEA Championship,0,4
2018-04-18,UT Martin,Fresno State,NCEA Championship,2,2
2018-04-18,Texas A&M,Fresno State,NCEA Championship,3,1
2018-04-18,TCU,Sweet Briar College,"Waco, Texas",2,1
2018-04-18,Baylor,South Carolina,"Waco, Texas (Extraco Events Center)",2,2
2018-04-18,SMU,Delaware State,NCEA Championship,3,1
2018-04-18,South Carolina,TCU,"Waco, Texas",4,0
2018-04-18,UT Martin,Fresno State,NCEA Championship,1,3
2018-04-18,Baylor,SMU,"Waco, Texas (Extraco Events Center)",1,2
2018-04-18,Baylor,South Carolina,"Waco, Texas (Extraco Events Center)",3,1
2018-04-18,South Carolina,TCU,"Waco, Texas",4,1
2018-04-19,South Carolina,Georgia,"Waco, Texas",4,11
2018-04-19,Auburn,Baylor,"Waco, Texas",12,3
2018-04-19,TCU,Oklahoma State,"Waco, Texas",10,6
2018-04-19,Texas A&M,SMU,"Waco, Texas",8,7
2018-04-19,South Dakota State,Delaware State,NCEA Championship,3,1
2018-04-19,TCU,Auburn,"Waco, Texas",12,4
2018-04-19,Texas A&M,Georgia,"Waco, Texas",1,13
2018-04-20,TCU,Georgia,"Waco, Texas",3,1
2018-04-20,South Carolina,Auburn,"Waco, Texas",3,1
2018-04-20,South Carolina,Georgia,"Waco, Texas",3,1
2018-04-20,Baylor,Auburn,"Waco, Texas (Extraco Events Center)",1,3
2018-04-20,Baylor,Auburn,"Waco, Texas (Extraco Events Center)",2,2
2018-04-20,Georgia,Fresno State,NCEA Championship,4,0
2018-04-20,Georgia,Fresno State,NCEA Championship,3,1
2018-04-20,South Carolina,Auburn,"Waco, Texas",3,0
2018-04-20,TCU,Oklahoma State,"Waco, Texas",3,1
2018-04-20,TCU,Georgia,"Waco, Texas",3,0
2018-04-21,Auburn,Georgia,"Waco, Texas",10,5
2018-09-14,Baylor,SMU,"Dallas, Texas",6,14
2018-09-20,Auburn,UT Martin,"Martin, Tenn.",15,4
2018-09-20,Auburn,UT Martin,"Martin, Tenn.",15,4
2018-09-21,SMU,Sweet Briar College,"Sweet Briar, Va.",6,3
2018-09-21,Texas Tech,TCU,"Springtown, TX",1,14
2018-09-21,Texas Tech,TCU,"Springtown, Texas",1,14
2018-09-22,SMU,South Carolina,"Blythewood, S.C.",9,8
2018-09-27,Delaware State,TCU,"Springtown, Texas",4,15
2018-09-28,UT Martin,Fresno State,"Waco, Texas",7,8
2018-09-28,Oklahoma State,Texas A&M,College Station,5,12
2018-09-28,South Carolina,Auburn,"Auburn, Ala. (Conf.)",2,18
2018-09-29,Fresno State,Delaware State,"Waco, TX",6,9
2018-09-29,Fresno State,Baylor,"Waco, Texas",4,11
2018-09-29,UT Martin,Baylor,"Waco, Texas",3,13
2018-10-05,Texas A&M,TCU,"Springtown, Texas",9,8
2018-10-05,Georgia,South Carolina,"Blythewood, S.C. (Conf.)",9,10
2018-10-07,Sweet Briar College,Delaware State,"Felton, DE",4,5
2018-10-11,Sweet Briar College,South Dakota State,"Martin, TN",6,3
2018-10-11,South Dakota State,UT Martin,"Martin, TN (Conf.)",5,9
2018-10-11,South Dakota State,UT Martin,"Martin, Tenn.",5,9
2018-10-12,Sweet Briar College,UT Martin,"Martin, TN",3,6
2018-10-12,Texas A&M,South Carolina,"Blythewood, S.C. (Conf.)",9,8
2018-10-12,Auburn,Ole Miss,"Auburn, AL",17,1
2018-10-12,Ole Miss,Auburn,"Auburn, Ala.",1,17
2018-10-13,Georgia,SMU,"Dallas, Texas",8,11
2018-10-13,Baylor,Oklahoma State,"Stillwater, OK (Conf.)",9,11
2018-10-19,Oklahoma State,Auburn,"Auburn, Ala.",7,12
2018-10-19,Oklahoma State,Auburn,"Auburn, AL",7,12
2018-10-20,Oklahoma State,Georgia,"Athens, GA",6,13
2018-10-26,Fresno State,Texas A&M,"College Station, TX",3,17
2018-10-26,South Carolina,Sweet Briar College,"Sweet Briar, VA.",9,1
2018-10-26,Fresno State,Texas A&M,College Station,3,17
2018-10-26,South Carolina,Lynchburg,"Sweet Briar, VA.",6,2
2018-10-27,Fresno State,SMU,"Dallas, TX",5,15
2018-10-27,TCU,Baylor,"Waco, Texas (Conf.)",8,10
2018-10-27,Fresno State,SMU,"Dallas, Texas (Conf.)",5,15
2018-10-27,South Carolina,Liberty,"Lynchburg, VA.",4,3
2018-11-02,Oklahoma State,TCU,"Springtown, Texas (Conf.)",9,11
2018-11-02,South Carolina,UT Martin,"Martin, Tenn.",11,8
2018-11-02,Texas A&M,Auburn,"Auburn, Ala. (Conf.)",5,14
2018-11-03,Minnesota-Crookston,South Dakota State,"Brookings, S.D.",4,11
2018-11-09,South Carolina,Fresno State,"Fresno, CA",10,7
2018-11-09,Auburn,Georgia,"Athens, GA (Conf.)",11,6
2018-11-09,South Carolina,Fresno State,"Fresno, Calif.",10,7
2018-11-09,South Carolina,Baylor,"Fresno, Calif.",8,8
2018-11-10,Baylor,Fresno State,"Fresno, CA",8,10
2018-11-10,West Texas A&M,Oklahoma State,"Stillwater, OK",3,17
2018-11-10,TCU,SMU,"Dallas, Texas",6,11
2018-11-10,West Texas A&M,Oklahoma State,"Stillwater, OK",3,17
2018-11-16,SMU,Delaware State,"Felton, DE",8,6
2018-11-16,Georgia,Texas A&M,College Station (Conf.),11,8
2017-01-20,Auburn,Alabama,"Tuscaloosa, Ala.",9,3
2017-01-26,Baylor,TCU,"Fort Worth, Texas (Conf.)",11,9
2017-01-28,New Mexico State,Texas A&M,"Las Cruces, NM",7,7
2017-01-28,Ohio State,South Carolina,"Blythewood, S.C.",1,7
2017-01-28,Texas A&M,New Mexico State,"Las Cruces, N.M.",7,7
2017-01-28,Georgia,Baylor,"Waco, Texas",7,10
2017-02-03,South Carolina,Georgia,"Bishop, Ga. (Conf.)",5,14
2017-02-04,Delaware State,Georgia,"Bishop, Ga.",2,18
2017-02-04,Texas A&M,SMU,"Dallas, Texas",11,9
2017-02-04,Oklahoma State,Baylor,"Waco, TX (Conf.)",4,15
2017-02-04,Oklahoma State,Baylor,"Waco, Texas (Conf.)",4,15
2017-02-04,South Carolina,Delaware State,"Bishop, Ga.",14,6
2017-02-10,Oklahoma State,South Dakota State,"Brookings, S.D.",12,4
2017-02-10,Fresno State,SMU,"Dallas, Texas (Conf.)",4,15
2017-02-10,South Carolina,Texas A&M,College Station (Conf.),6,14
2017-02-11,Minnesota-Crookston,South Dakota State,"Brookings, S.D.",7,8
2017-02-11,Minnesota-Crookston,South Dakota State,"Brookings, SD",7,8
2017-02-11,New Mexico State,SMU,"Dallas, TX",4,16
2017-02-11,New Mexico State,SMU,"Dallas, Texas (Conf.)",4,16
2017-02-11,Fresno State,TCU,"Springtown, Texas",6,12
2017-02-11,Georgia,Auburn,"Auburn, Ala. (Conf.)",10,8
2017-02-12,South Carolina,TCU,"Springtown, Texas",9,8
2017-02-12,South Carolina,TCU,"Springtown, Texas",9,8
2017-02-17,Baylor,Fresno State,"Fresno, Calif.",10,10
2017-02-17,Baylor,SMU,"Fresno, Calif.",8,8
2017-02-17,TCU,Oklahoma State,"Stillwater, OK (Conf.)",4,16
2017-02-18,SMU,Fresno State,"Fresno, Calif. (Conf.)",9,10
2017-02-18,Baylor,Fresno State,"Fresno, Calif.",10,10
2017-02-18,UT Martin,Auburn,"Auburn, Ala.",2,17
2017-02-24,New Mexico State,TCU,"Las Cruces, NM",9,7
2017-02-24,TCU,South Dakota State,"Las Cruces, N.M.",9,6
2017-02-25,Texas A&M,Georgia,"Bishop, Ga. (Conf.)",4,12
2017-02-25,TCU,New Mexico State,"Las Cruces, N.M.",7,9
2017-02-25,South Dakota State,New Mexico State,"Las Cruces, N.M.",8,8
2017-02-25,New Mexico State,South Dakota State,"Las Cruces, NM",8,8
2017-03-03,Georgia,Fresno State,"Fresno, Calif.",11,8
2017-03-03,Minnesota-Crookston,UT Martin,"Martin, TN",0,16
2017-03-03,Auburn,Baylor,"Waco, Texas",9,9
2017-03-04,SMU,South Carolina,"Columbia, S.C.",5,14
2017-03-04,Oklahoma State,New Mexico State,"Las Cruces, NM",10,5
2017-03-04,SMU,South Carolina,"Blythewood, S.C.",5,14
2017-03-04,New Mexico State,Oklahoma,"Las Cruces, NM",5,10
2017-03-04,Auburn,Texas A&M,College Station (Conf.),12,7
2017-03-11,SMU,South Dakota State,"Brookings, S.D. (Conf.)",8,8
2017-03-11,SMU,South Dakota State,"Brookings, S.D.",8,8
2017-03-11,Fresno State,Oklahoma State,"Stillwater, OK",5,14
2017-03-11,TCU,Texas A&M,College Station,7,12
2017-03-24,Oklahoma State,TCU,(Conf.),11,8
2017-03-24,SMU,UT Martin,"Dover, Del.",11,3
2017-03-24,Texas A&M,Auburn,"Auburn, Ala.",9,11
2017-03-24,Fresno State,Delaware State,"Harrington, DE United Equestrian Conference Tournament",8,7
2017-03-24,TCU,Baylor,"Waco, Texas (Conf.)",9,10
2017-03-24,South Carolina,Georgia,"Auburn, Ala.",13,7
2017-03-24,UT Martin,Delaware State,United Equestrian Conference Tournament,5,7
2017-03-25,Fresno State,UT Martin,"Harrington, Del. (Conf.)",12,4
2017-03-25,SMU,Delaware State,"Dover, Del.",6,6
2017-03-25,Delaware State,SMU,"Harrington, DE United Equestrian Conference Tournament",6,6
2017-03-25,Georgia,Auburn,"Auburn, Ala.",10,9
2017-03-25,TCU,Oklahoma State,"Waco, Texas",8,11
2017-03-25,Oklahoma State,Baylor,"Waco, Texas (Conf.)",7,11
2017-03-25,South Carolina,Texas A&M,"Auburn, Ala.",12,8
2017-04-13,Fresno State,New Mexico State,"Waco, Texas",10,5
2017-04-13,TCU,SMU,"Waco, Texas",8,7
2017-04-13,New Mexico State,Fresno State,"Waco, TX",5,10
2017-04-13,South Dakota State,South Carolina,"Waco, Texas",1,15
2017-04-13,Texas A&M,Delaware State,"Waco, Texas",13,2
2017-04-14,Fresno State,Georgia,"Waco, Texas",3,12
2017-04-14,Georgia,Fresno State,"Waco, Texas",12,3
2017-04-14,Baylor,TCU,"Waco, Texas (Conf.)",7,9
2017-04-14,Auburn,South Carolina,"Waco, Texas",12,4
2017-04-15,Texas A&M,TCU,"Waco, Texas",16,0
2017-04-15,Georgia,Auburn,"Waco, Texas",9,7
2017-04-15,Texas A&M,Georgia,"Waco, Texas",11,5
2017-09-15,Delaware State,Sweet Briar College,"Harrington, DE",4,3
2017-09-22,West Texas A&M,Baylor,"Waco, TX",2,18
2017-09-22,Texas Tech,TCU,"Springtown, TX",4,14
2017-09-22,UT Martin,Auburn,"Martin, TN",7,13
2017-09-22,Fresno State,South Dakota State,"Fresno, CA",17,2
2017-09-22,West Texas A&M,Baylor,"Waco, Texas",2,18
2017-09-22,Auburn,UT Martin,"Martin, Tenn.",13,7
2017-09-22,South Dakota State,Texas A&M,"Fresno, Calif.",12,4
2017-09-22,Texas A&M,Fresno State,"Fresno, Calif.",14,5
2017-09-23,South Dakota State,Texas A&M,"Fresno, Calif. (Conf.)",2,17
2017-09-29,Georgia,Fresno State,"Fresno, CA",10,8
2017-09-29,TCU,SMU,"Dallas, Texas",8,11
2017-09-29,TCU,SMU,"Dallas, Texas",8,11
2017-09-29,Fresno State,Georgia,"Fresno, CA",8,10
2017-09-29,South Carolina,Texas A&M,College Station (Conf.),8,12
2017-09-29,Alabama,Auburn,"Auburn, Ala.",1,11
2017-10-06,TCU,UT Martin,"Dover, Del.",8,7
2017-10-06,TCU,Delaware State,"Harrington, DE",10,5
2017-10-06,Ole Miss,Auburn,"Auburn, Ala.",2,16
2017-10-06,Ole Miss,Auburn,"Auburn, AL",2,16
2017-10-07,Baylor,Oklahoma State,"Stillwater, OK (Conf.)",4,14
2017-10-07,UT Martin,Delaware State,"Harrington, DL",9,6
2017-10-13,South Carolina,South Dakota State,"Brookings, S.D.",4,15
2017-10-13,Texas A&M,Georgia,"Bishop, Ga. (Conf.)",4,12
2017-10-14,Delaware State,Texas A&M,"Harrington, DE",6,18
2017-10-14,Baylor,SMU,"Dallas, Texas",10,10
2017-10-20,Georgia,TCU,"Springtown, Texas",12,6
2017-10-21,Fresno State,South Dakota State,"Brookings, S.D. (Conf.)",12,7
2017-10-21,Oklahoma State,SMU,"Dallas, Texas",9,11
2017-10-21,Baylor,Auburn,"Auburn, Ala.",4,15
2017-10-26,TCU,Texas A&M,College Station,3,16
2017-10-27,Oklahoma State,South Carolina,"Blythewood, S.C.",7,13
2017-11-03,Baylor,TCU,"Springtown, Texas (Conf.)",10,10
2017-11-03,Auburn,Texas A&M,College Station (Conf.),9,9
2017-11-03,South Carolina,Georgia,"Bishop, Ga. (Conf.)",6,14
2017-11-09,UT Martin,SMU,"Martin, TN",7,8
2017-11-09,UT Martin,Fresno State,"Martin, TN",11,5
2017-11-09,Fresno State,UT Martin,"Martin, TN",5,11
2017-11-09,SMU,Delaware State,"Martin, Tenn. (Conf.)",8,7
2017-11-10,Minnesota-Crookston,South Dakota State,"Brookings, S.D.",2,18
2017-11-10,SMU,UT Martin,"Martin, Tenn. (Conf.)",8,7
2017-11-10,TCU,Oklahoma State,"Stillwater, OK (Conf.)",6,13
2017-11-10,Georgia,Auburn,"Auburn, Ala. (Conf.)",12,8
2017-11-17,Georgia,Delaware State,"Harrington, DE",13,7
2017-11-17,Auburn,South Carolina,"Blythewood, S.C. (Conf.)",13,6
2017-11-19,Texas A&M,Oklahoma State,"Stillwater, OK",8,10
2016-01-30,UT Martin,South Carolina,"Blythewood, S.C.",3,16
2016-01-30,Georgia,Texas A&M,College Station (Conf.),10,9
2016-01-30,Auburn,Baylor,"Auburn, Ala.",15,5
2016-01-30,Baylor,Auburn,"Auburn, Ala.",5,14
2016-02-05,Fresno State,TCU,"Springtown, Texas",6,14
2016-02-05,Fresno State,TCU,"Fort Worth, Texas",6,14
2016-02-05,Baylor,Texas A&M,College Station,8,10
2016-02-06,Minnesota-Crookston,South Dakota State,"Brookings, S.D.",0,15
2016-02-06,Kansas State,Oklahoma State,"Stillwater, OK (Conf.)",6,11
2016-02-06,Minnesota-Crookston,South Dakota State,DeHaan Center,0,15
2016-02-06,Fresno State,SMU,"Dallas, Texas",10,10
2016-02-06,Georgia,South Carolina,"Blythewood, S.C. (Conf.)",13,7
2016-02-12,SMU,Delaware State,"Martin, Tenn.",9,6
2016-02-12,SMU,Delaware State,"Martin, Tenn.",6,9
2016-02-13,TCU,Baylor,"Waco, Texas (Conf.)",13,6
2016-02-13,SMU,UT Martin,"Martin, Tenn.",9,5
2016-02-13,Auburn,Georgia,"Bishop, Ga. (Conf.)",12,8
2016-02-19,Oklahoma State,TCU,"Springtown, Texas (Conf.)",8,12
2016-02-19,New Mexico State,West Texas A&M,"Las Cruces, NM",17,2
2016-02-19,West Texas A&M,New Mexico State,"Las Cruces, NM",2,17
2016-02-19,Oklahoma State,TCU,"Springtown, TX (Conf.)",12,8
2016-02-20,Texas A&M,South Carolina,"Blythewood, S.C. (Conf.)",10,9
2016-02-20,Oklahoma State,Baylor,"Waco, TX (Conf.)",6,13
2016-02-26,Fresno State,Kansas State,"Manhattan, KS",8,7
2016-02-26,Fresno State,Georgia,"Athens, Ga.",4,16
2016-02-26,TCU,South Dakota State,DeHaan Center,7,11
2016-02-26,Kansas State,Georgia,"Bishop, Ga.",4,15
2016-02-26,Kansas State,Georgia,"Bishop, GA",4,15
2016-02-27,Fresno State,Kansas State,"Athens, Ga.",7,8
2016-02-27,Fresno State,Georgia,"Bishop, Ga.",4,16
2016-02-27,Oklahoma State,Texas A&M,College Station,8,12
2016-02-27,South Carolina,Auburn,"Auburn, Ala. (Conf.)",5,15
2016-03-04,South Carolina,Delaware State,"Harrington, Del.",6,10
2016-03-04,SMU,South Carolina,"Dover, Del.",7,8
2016-03-04,Baylor,Kansas State,"Waco, Texas",13,7
2016-03-04,Kansas State,Baylor,"Waco, Texas",7,13
2016-03-05,Kansas State,TCU,"Springtown, Texas (Conf.)",7,13
2016-03-05,SMU,Delaware State,"Dover, Del.",5,10
2016-03-05,New Mexico State,Georgia,"Las Cruces, N.M.",7,12
2016-03-05,Georgia,New Mexico State,"Las Cruces, N.M.",12,7
2016-03-05,Texas A&M,Auburn,"Auburn, Ala. (Conf.)",10,10
2016-03-11,Auburn,Oklahoma State,"Stillwater, OK",10,9
2016-03-11,Auburn,Oklahoma State,"Stillwater, OK",10,9
2016-03-12,Auburn,Kansas State,"Manhattan, KS",10,9
2016-03-18,Baylor,Fresno State,"Fresno, Calif.",13,5
2016-03-18,South Dakota State,Baylor,"Fresno, Calif.",5,10
2016-03-19,South Dakota State,Baylor,"Waco, TX",10,5
2016-03-19,SMU,Texas A&M,College Station,10,9
2016-03-19,South Dakota State,Fresno State,"Fresno, Calif. (Conf.)",4,11
2016-03-25,South Carolina,Auburn,"Bishop, Ga.",7,11
2016-03-25,Texas A&M,Georgia,"Bishop, Ga. (Conf.)",7,13
2016-03-25,Baylor,Kansas State,"Stillwater, Okla.",10,10
2016-03-25,New Mexico State,Delaware State,"Las Cruces, N.M.",9,7
2016-03-25,TCU,Oklahoma State,"Stillwater, Okla.",12,7
2016-03-25,SMU,UT Martin,"Las Cruces, N.M.",8,8
2016-03-26,South Carolina,Texas A&M,"Athens, Ga.",11,8
2016-03-26,TCU,Kansas State,"Stillwater, Okla.",8,11
2016-03-26,SMU,Delaware State,"Las Cruces, N.M.",7,9
2016-03-26,Auburn,Georgia,"Bishop, Ga.",11,7
2016-04-14,TCU,New Mexico State,"Waco, TX",6,10
2016-04-14,Delaware State,Kansas State,"Waco, TX",10,6
2016-04-14,SMU,South Carolina,"Waco, Texas",10,6
2016-04-14,Texas A&M,Fresno State,"Waco, Texas",14,2
2016-04-14,TCU,New Mexico State,"Waco, Texas",10,6
2016-04-14,South Carolina,SMU,"Waco, Texas",6,10
2016-04-15,TCU,Baylor,"Waco, Texas",8,8
2016-04-15,SMU,Georgia,"Waco, Texas",4,12
2016-04-15,Auburn,Kansas State,"Waco, TX",1,15
2016-04-15,TCU,Baylor,"Waco, TX",8,8
2016-04-15,Oklahoma State,Texas A&M,"Waco, TX",5,11
2016-04-16,Texas A&M,Auburn,"Waco, TX",6,10
2016-04-16,TCU,Georgia,"Waco, Texas",10,5
2016-04-16,TCU,Auburn,"Waco, TX",7,8
2016-09-16,Alabama,South Carolina,"Blythewood, S.C.",2,8
2016-09-23,SMU,TCU,"Springtown, Texas",9,8
2016-09-23,Texas A&M,UT Martin,"Martin, Tenn.",12,7
2016-09-23,Baylor,South Carolina,"Blythewood, S.C.",6,12
2016-09-23,Ole Miss,Auburn,"Auburn, Ala.",2,18
2016-09-29,Auburn,UT Martin,"Martin, Tenn.",14,6
2016-09-30,Fresno State,New Mexico State,"Waco, Texas / Willis Family Equestrian Center (Conf.)",7,6
2016-09-30,Fresno State,New Mexico State,"Waco, TX",6,7
2016-09-30,South Dakota State,Fresno State,"Waco, Texas",4,12
2016-09-30,South Dakota State,Baylor,"Waco, Texas",2,14
2016-09-30,New Mexico State,Baylor,"Waco, Texas",6,10
2016-09-30,Texas A&M,South Carolina,"Blythewood, S.C. (Conf.)",8,10
2016-10-01,Fresno State,Baylor,"Waco, Texas / Willis Family Equestrian Center",5,9
2016-10-01,South Dakota State,New Mexico State,"Waco, Texas",2,13
2016-10-01,South Dakota State,New Mexico State,"Waco, TX",13,2
2016-10-01,New Mexico State,Baylor,"Waco, TX",6,10
2016-10-01,Fresno State,Baylor,"Waco, Texas",5,9
2016-10-02,Alabama,Georgia,"Bishop, Ga.",1,9
2016-10-07,Fresno State,Auburn,"Felton, Del. / Dovington Training Center",11,5
2016-10-08,Auburn,Delaware State,"Felton, Del.",12,4
2016-10-09,Georgia,South Carolina,"Blythewood, S.C. (Conf.)",8,9
2016-10-15,Oklahoma State,SMU,"Dallas, Texas",8,10
2016-10-15,Texas A&M,Auburn,"Auburn, Ala. (Conf.)",9,9
2016-10-21,TCU,Fresno State,"Fresno, Calif.",10,10
2016-10-21,New Mexico State,South Carolina,"Blythewood, SC",8,11
2016-10-21,New Mexico State,South Carolina,"Blythewood, S.C.",8,11
2016-10-21,Alabama,Auburn,"Auburn, Ala.",2,10
2016-10-22,UT Martin,New Mexico State,"Bishop, GA",12,3
2016-10-22,Baylor,Oklahoma State,"Stillwater, OK (Conf.)",8,12
2016-10-22,UT Martin,Georgia,"Bishop, Ga.",2,17
2016-10-22,Texas A&M,South Dakota State,"Brookings, S.D.",12,7
2016-10-23,New Mexico State,Georgia,"Bishop, Ga.",2,17
2016-10-23,New Mexico State,Georgia,"Bishop, GA",2,17
2016-10-29,SMU,Baylor,"Waco, Texas",6,13
2016-11-04,South Carolina,Fresno State,"Fresno, Calif.",8,10
2016-11-04,Minnesota-Crookston,South Dakota State,"Brookings, S.D.",7,12
2016-11-04,Minnesota-Crookston,South Dakota State,"Brookings, SD",7,12
2016-11-05,Oklahoma State,TCU,"Springtown, Texas (Conf.)",11,8
2016-11-05,Oklahoma State,TCU,"Forth Worth, TX (Conf.)",11,8
2016-11-05,Georgia,Texas A&M,College Station (Conf.),7,13
2016-11-10,Delaware State,Texas A&M,College Station,2,18
2016-11-11,New Mexico State,West Texas A&M,"Las Cruces, NM",12,4
2016-11-11,West Texas A&M,New Mexico State,"Las Cruces, NM",4,12
2016-11-11,Delaware State,Baylor,"Waco, Texas",3,13
2016-11-11,Auburn,Georgia,"Bishop, Ga. (Conf.)",7,11
2016-11-12,TCU,Baylor,"Waco, Texas (Conf.)",7,9
2016-11-12,Delaware State,SMU,"Dallas, Texas (Conf.)",6,12
2016-11-18,Georgia,South Dakota State,"Brookings, S.D.",14,6
2016-11-18,South Carolina,Auburn,"Auburn, Ala. (Conf.)",5,13
2016-11-19,Georgia,Oklahoma State,"Stillwater, OK",10,10
2015-01-29,New Mexico State,Baylor,"Waco, TX",3,13
2015-01-29,Baylor,New Mexico State,"Waco, TX",13,3
2015-01-30,Georgia,UT Martin,"Martin, TN",13,6
2015-01-30,UT Martin,Georgia,"Martin, TN",6,13
2015-01-30,Kansas State,Georgia,"Martin, TN",14,4
2015-01-30,Georgia,Kansas State,"Martin, TN",4,14
2015-01-30,Delaware State,Texas A&M,"College Station, TX",2,13
2015-01-30,Texas A&M,Delaware State,"College Station, TX",13,2
2015-01-30,SMU,Auburn,"Auburn, AL",6,14
2015-01-30,Auburn,SMU,"Auburn, AL",14,6
2015-01-30,Delaware State,New Mexico State,"College Station, TX",11,5
2015-01-30,New Mexico State,Delaware State,"College Station, TX",5,11
2015-01-31,SMU,South Carolina,"Blythewood, SC",2,13
2015-01-31,South Carolina,SMU,"Blythewood, SC",13,2
2015-01-31,Kansas State,UT Martin,"Martin, TN",9,11
2015-01-31,UT Martin,Kansas State,"Martin, TN",11,9
2015-01-31,New Mexico State,Texas A&M,"College Station, TX",3,12
2015-01-31,Texas A&M,New Mexico State,"College Station, TX",12,3
2015-02-06,SMU,TCU,"Fort Worth, TX",7,11
2015-02-06,TCU,SMU,"Fort Worth, TX",11,7
2015-02-07,Kansas State,Oklahoma State,"Stillwater, OK",7,13
2015-02-07,Oklahoma State,Kansas State,"Stillwater, OK",13,7
2015-02-07,South Carolina,Delaware State,"Bishop, GA",2,17
2015-02-07,Delaware State,South Carolina,"Bishop, GA",17,2
2015-02-07,South Carolina,Georgia,"Bishop, GA",11,9
2015-02-07,Georgia,South Carolina,"Bishop, GA",9,11
2015-02-07,Texas A&M,Baylor,"Waco, TX",8,11
2015-02-07,Baylor,Texas A&M,"Waco, TX",11,8
2015-02-08,Delaware State,Georgia,"Bishop, GA",3,16
2015-02-08,Georgia,Delaware State,"Bishop, GA",16,3
2015-02-14,Baylor,TCU,"Springtown, TX",11,9
2015-02-14,TCU,Baylor,"Springtown, TX",9,11
2015-02-14,Georgia,Auburn,"Auburn, AL",10,9
2015-02-14,Auburn,Georgia,"Auburn, AL",9,10
2015-02-20,TCU,Kansas State,"Manhattan, KS",5,14
2015-02-20,Kansas State,TCU,"Manhattan, KS",14,5
2015-02-21,Fresno State,South Dakota State,"Brookings, SD",10,6
2015-02-21,South Dakota State,Fresno State,"Brookings, SD",6,10
2015-02-21,TCU,Oklahoma State,"Stillwater, OK",10,10
2015-02-21,Oklahoma State,TCU,"Stillwater, OK",10,10
2015-02-21,South Carolina,Texas A&M,"College Station, TX",8,11
2015-02-21,Texas A&M,South Carolina,"College Station, TX",11,8
2015-02-27,Baylor,Oklahoma State,"Stillwater, OK",8,11
2015-02-27,Oklahoma State,Baylor,"Stillwater, OK",11,8
2015-02-28,Baylor,Kansas State,"Manhattan, KS",9,10
2015-02-28,Kansas State,Baylor,"Manhattan, KS",10,9
2015-02-28,Auburn,South Carolina,"Blythewood, SC",7,11
2015-02-28,South Carolina,Auburn,"Blythewood, SC",11,7
2015-02-28,Texas A&M,Georgia,"Bishop, GA",6,13
2015-02-28,Georgia,Texas A&M,"Bishop, GA",13,6
2015-03-06,Georgia,Fresno State,"Fresno, CA",14,6
2015-03-06,Fresno State,Georgia,"Fresno, CA",6,14
2015-03-06,Baylor,South Carolina,"Blythewood, SC",6,12
2015-03-06,South Carolina,Baylor,"Blythewood, SC",12,6
2015-03-07,TCU,Fresno State,"Fresno, CA",9,9
2015-03-07,Fresno State,TCU,"Fresno, CA",9,9
2015-03-07,TCU,Georgia,"Fresno, CA",5,10
2015-03-07,Georgia,TCU,"Fresno, CA",10,5
2015-03-07,Baylor,Auburn,"Auburn, AL",7,13
2015-03-07,Auburn,Baylor,"Auburn, AL",13,7
2015-03-08,Oklahoma State,SMU,"Dallas, TX",9,10
2015-03-08,SMU,Oklahoma State,"Dallas, TX",10,9
2015-03-13,South Dakota State,UT Martin,"Martin, TN",6,10
2015-03-13,UT Martin,South Dakota State,"Martin, TN",10,6
2015-03-13,Auburn,New Mexico State,"Las Cruces, NM",11,8
2015-03-13,New Mexico State,Auburn,"Las Cruces, NM",8,11
2015-03-14,Sacred Heart,UT Martin,"Martin, TN",3,13
2015-03-14,UT Martin,Sacred Heart,"Martin, TN",13,3
2015-03-14,Sacred Heart,South Dakota State,"Martin, TN",9,6
2015-03-14,South Dakota State,Sacred Heart,"Martin, TN",6,9
2015-03-14,Auburn,Texas A&M,"College Station, TX",7,12
2015-03-14,Texas A&M,Auburn,"College Station, TX",12,7
2015-03-20,SMU,Delaware State,"Dover, DE",11,8
2015-03-20,Delaware State,SMU,"Dover, DE",8,11
2015-03-27,South Dakota State,Fresno State,"Fresno, Calif.",3,12
2015-03-27,Fresno State,South Dakota State,"Fresno, Calif.",12,3
2015-03-27,SMU,New Mexico State,"Fresno, Calif.",6,10
2015-03-27,New Mexico State,SMU,"Fresno, Calif.",10,6
2015-03-27,TCU,Baylor,"Fort Worth, TX",14,6
2015-03-27,Baylor,TCU,"Fort Worth, TX",6,14
2015-03-27,Georgia,Auburn,"College Station, TX",6,13
2015-03-27,Auburn,Georgia,"College Station, TX",13,6
2015-03-27,South Carolina,Texas A&M,"College Station, TX",11,7
2015-03-27,Texas A&M,South Carolina,"College Station, TX",7,11
2015-03-27,Kansas State,Oklahoma State,"Fort Worth, Texas",8,10
2015-03-27,Oklahoma State,Kansas State,"Fort Worth, Texas",10,8
2015-03-28,New Mexico State,South Dakota State,"Fresno, CA",6,9
2015-03-28,South Dakota State,New Mexico State,"Fresno, CA",9,6
2015-03-28,SMU,Fresno State,"Fresno, CA",4,12
2015-03-28,Fresno State,SMU,"Fresno, CA",12,4
2015-03-28,South Carolina,Auburn,"College Station, TX",13,6
2015-03-28,Auburn,South Carolina,"College Station, TX",6,13
2015-03-28,Kansas State,Baylor,"Fort Worth, TX",8,11
2015-03-28,Baylor,Kansas State,"Fort Worth, TX",11,8
2015-03-28,TCU,Oklahoma State,"Fort Worth, TX",9,11
2015-03-28,Oklahoma State,TCU,"Fort Worth, TX",11,9
2015-03-28,Georgia,Texas A&M,"College Station, TX",5,12
2015-03-28,Texas A&M,Georgia,"College Station, TX",12,5
2015-04-16,SMU,Kansas State,"Waco, Texas",10,5
2015-04-16,Kansas State,SMU,"Waco, Texas",5,10
2015-04-16,Auburn,UT Martin,"Waco, Texas",3,13
2015-04-16,UT Martin,Auburn,"Waco, Texas",13,3
2015-04-16,Fresno State,New Mexico State,"Waco, Texas",7,8
2015-04-16,New Mexico State,Fresno State,"Waco, Texas",8,7
2015-04-16,TCU,Oklahoma State,"Waco, Texas",13,3
2015-04-16,Oklahoma State,TCU,"Waco, Texas",3,13
2015-04-17,Georgia,Kansas State,"Waco, Texas",5,10
2015-04-17,Kansas State,Georgia,"Waco, Texas",10,5
2015-04-17,Auburn,Texas A&M,"Waco, Texas",6,9
2015-04-17,Texas A&M,Auburn,"Waco, Texas",9,6
2015-04-17,Baylor,Oklahoma State,"Waco, Texas",8,8
2015-04-17,Oklahoma State,Baylor,"Waco, Texas",8,8
2015-04-17,South Carolina,Fresno State,"Waco, Texas",4,12
2015-04-17,Fresno State,South Carolina,"Waco, Texas",12,4
2015-04-18,Georgia,Auburn,"Waco, Texas",6,10
2015-04-18,Auburn,Georgia,"Waco, Texas",10,6
2015-04-18,South Carolina,Baylor,"Waco, TX",6,10
2015-04-18,Baylor,South Carolina,"Waco, TX",10,6
2015-04-18,Georgia,South Carolina,"Waco, Texas",10,6
2015-04-18,South Carolina,Georgia,"Waco, Texas",6,10
2015-09-18,Auburn,UT Martin,"Martin, TN",13,7
2015-09-18,TCU,TCU,"Springtown, Texas",4,10
2015-09-19,SMU,Baylor,"Waco, Texas",11,11
2015-09-24,TCU,SMU,"Bartonville, Texas",10,9
2015-09-24,TCU,SMU,"Dallas, Texas",10,9
2015-09-25,Texas A&M,Georgia,"Bishop, Ga. (Conf.)",9,10
2015-09-25,South Carolina,South Dakota State,DeHaan Center,9,7
2015-09-26,SMU,Oklahoma State,"Stillwater, OK",6,13
2015-10-02,TCU,South Carolina,"Blythewood, S.C.",11,8
2015-10-02,Fresno State,Delaware State,"Dover, Del. (Conf.)",9,7
2015-10-02,TCU,South Carolina,"Blythewood, S.C.",8,11
2015-10-03,Georgia,Fresno State,"Dover, Del.",12,8
2015-10-03,SMU,New Mexico State,"Las Cruces, N.M.",9,9
2015-10-03,Kansas State,South Dakota State,DeHaan Center,11,8
2015-10-03,New Mexico State,SMU,"Las Cruces, NM",9,9
2015-10-08,New Mexico State,TCU,"Springtown, Texas",5,12
2015-10-09,Fresno State,UT Martin,"Waco, Texas (Conf.)",12,3
2015-10-09,Oklahoma State,Kansas State,"Manhattan, KS",13,7
2015-10-09,UT Martin,Baylor,"Waco, TX",2,14
2015-10-09,Fresno State,New Mexico State,"Waco, TX",7,9
2015-10-09,Auburn,South Carolina,"Blythewood, S.C. (Conf.)",14,6
2015-10-10,Fresno State,New Mexico State,"Waco, Texas (Conf.)",7,9
2015-10-10,Fresno State,Baylor,"Waco, Texas",6,9
2015-10-10,New Mexico State,Baylor,"Waco, TX",3,11
2015-10-10,Baylor,Fresno State,"Waco, TX",9,6
2015-10-10,UT Martin,New Mexico State,"Waco, TX",4,11
2015-10-16,Minnesota-Crookston,South Dakota State,"Brookings, S.D.",3,12
2015-10-16,Minnesota-Crookston,South Dakota State,DeHaan Center,3,12
2015-10-16,Oklahoma State,Georgia,"Bishop, Ga.",6,14
2015-10-17,Oklahoma State,Auburn,"Auburn, AL",5,14
2015-10-17,Auburn,Oklahoma State,"Auburn, Ala.",14,5
2015-10-23,Baylor,TCU,"Springtown, Texas (Conf.)",9,9
2015-10-23,New Mexico State,Fresno State,"Fresno, CA",8,12
2015-10-23,New Mexico State,Fresno State,"Fresno, Calif. (Conf.)",8,12
2015-10-23,Texas A&M,New Mexico State,"Fresno, Calif.",14,1
2015-10-24,Texas A&M,New Mexico State,"Las Cruces, NM",1,14
2015-10-24,Texas A&M,Fresno State,"Fresno, Calif.",9,9
2015-10-29,South Carolina,Texas A&M,College Station (Conf.),5,14
2015-10-30,South Dakota State,SMU,"Dallas, Texas",5,13
2015-10-30,Baylor,Kansas State,"Manhattan, KS",9,9
2015-10-30,South Dakota State,SMU,"Dallas, Texas",5,13
2015-10-31,South Dakota State,TCU,"Springtown, Texas",5,12
2015-10-31,Baylor,Oklahoma State,"Stillwater, OK (Conf.)",7,13
2015-10-31,Baylor,Oklahoma State,"Stillwater, OK",7,13
2015-11-06,South Dakota State,New Mexico State,"Felton, DE",9,7
2015-11-06,South Dakota State,New Mexico State,"Dover, Del.",7,9
2015-11-06,Auburn,Texas A&M,College Station (Conf.),8,11
2015-11-06,Baylor,South Carolina,"Waco, TX",16,3
2015-11-07,New Mexico State,Delaware State,"Felton, DE",5,11
2015-11-07,South Dakota State,Delaware State,"Dover, Del.",7,8
2015-11-07,South Carolina,SMU,"Dallas, Texas",9,11
2015-11-08,Auburn,SMU,"Dallas, Texas",12,7
2015-11-13,TCU,Kansas State,"Manhattan, Kan. (Conf.)",10,9
2015-11-13,UT Martin,South Dakota State,DeHaan Center,9,11
2015-11-13,Auburn,Georgia,"Bishop, Ga.",11,8
2015-11-14,TCU,Oklahoma State,"Stillwater, Okla. (Conf.)",12,8
2015-11-14,TCU,Oklahoma State,"Stillwater, OK (Conf.)",8,12
2015-11-20,Baylor,SMU,"Dallas, Texas",10,7
2015-11-20,Texas A&M,Kansas State,"Felton, DE",0,14
2015-11-20,South Carolina,Georgia,"Bishop, Ga. (Conf.)",5,13
2015-11-21,Texas A&M,Delaware State,"Felton, Del.",10,4
2014-09-19,Auburn,UT Martin,"Martin, TN",13,7
2014-09-19,UT Martin,Auburn,"Martin, TN",7,13
2014-09-19,South Carolina,Kansas State,"Manhattan, KS",8,10
2014-09-19,Kansas State,South Carolina,"Manhattan, KS",10,8
2014-09-25,UT Martin,Texas A&M,"College Station, TX",2,18
2014-09-25,Texas A&M,UT Martin,"College Station, TX",18,2
2014-09-25,New Mexico State,Kansas State,"Manhattan, KS",5,14
2014-09-25,Kansas State,New Mexico State,"Manhattan, KS",14,5
2014-09-26,South Dakota State,New Mexico State,"Manhattan, KS",7,7
2014-09-26,New Mexico State,South Dakota State,"Manhattan, KS",7,7
2014-09-26,SMU,Fresno State,"Waco, Texas",7,6
2014-09-26,Fresno State,SMU,"Waco, Texas",6,7
2014-09-26,South Dakota State,Kansas State,"Manhattan, KS",6,13
2014-09-26,Kansas State,South Dakota State,"Manhattan, KS",13,6
2014-09-26,UT Martin,Baylor,"Waco, TX",7,9
2014-09-26,Baylor,UT Martin,"Waco, TX",9,7
2014-09-27,UT Martin,SMU,"Waco, Texas",8,8
2014-09-27,SMU,UT Martin,"Waco, Texas",8,8
2014-09-27,Fresno State,Baylor,"Waco, Texas",6,10
2014-09-27,Baylor,Fresno State,"Waco, Texas",10,6
2014-09-27,UT Martin,Fresno State,"Waco, Texas",8,6
2014-09-27,Fresno State,UT Martin,"Waco, Texas",6,8
2014-09-27,SMU,Baylor,"Waco, Texas",1,14
2014-09-27,Baylor,SMU,"Waco, Texas",14,1
2014-09-27,South Dakota State,Oklahoma State,"Stillwater, OK",4,16
2014-09-27,Oklahoma State,South Dakota State,"Stillwater, OK",16,4
2014-10-03,TCU,Delaware State,"Dover, DE",12,3
2014-10-03,Delaware State,TCU,"Dover, DE",3,12
2014-10-03,Georgia,South Carolina,"Blythewood, SC",11,9
2014-10-03,South Carolina,Georgia,"Blythewood, SC",9,11
2014-10-04,Texas A&M,SMU,"Dallas, TX",7,13
2014-10-04,SMU,Texas A&M,"Dallas, TX",13,7
2014-10-10,South Carolina,Auburn,"Auburn, AL",10,9
2014-10-10,Auburn,South Carolina,"Auburn, AL",9,10
2014-10-17,New Mexico State,UT Martin,"Las Cruces, NM",6,14
2014-10-17,UT Martin,New Mexico State,"Las Cruces, NM",14,6
2014-10-17,UT Martin,Fresno State,"Las Cruces, NM",6,8
2014-10-17,Fresno State,UT Martin,"Las Cruces, NM",8,6
2014-10-18,Fresno State,New Mexico State,"Las Cruces, NM",8,10
2014-10-18,New Mexico State,Fresno State,"Las Cruces, NM",10,8
2014-10-18,Oklahoma State,Baylor,"Waco, TX",7,9
2014-10-18,Baylor,Oklahoma State,"Waco, TX",9,7
2014-10-24,TCU,Baylor,"Waco, TX",8,11
2014-10-24,Baylor,TCU,"Waco, TX",11,8
2014-10-25,Georgia,Baylor,"Waco, TX",6,13
2014-10-25,Baylor,Georgia,"Waco, TX",13,6
2014-10-25,South Dakota State,Texas A&M,"College Station, TX",4,15
2014-10-25,Texas A&M,South Dakota State,"College Station, TX",15,4
2014-10-26,Georgia,SMU,"Dallas, TX",9,9
2014-10-26,SMU,Georgia,"Dallas, TX",9,9
2014-10-31,New Mexico State,South Dakota State,"Brookings, SD",11,8
2014-10-31,South Dakota State,New Mexico State,"Brookings, SD",8,11
2014-10-31,Texas A&M,South Carolina,"Blythewood, SC",8,12
2014-10-31,South Carolina,Texas A&M,"Blythewood, SC",12,8
2014-11-01,SMU,South Dakota State,"Brookings, SD",9,9
2014-11-01,South Dakota State,SMU,"Brookings, SD",9,9
2014-11-01,New Mexico State,SMU,"Brookings, SD",9,7
2014-11-01,SMU,New Mexico State,"Brookings, SD",7,9
2014-11-01,Oklahoma State,TCU,"Springtown, TX",7,11
2014-11-01,TCU,Oklahoma State,"Springtown, TX",11,7
2014-11-07,South Carolina,Fresno State,"Fresno, CA",13,6
2014-11-07,Fresno State,South Carolina,"Fresno, CA",6,13
2014-11-07,Texas A&M,Auburn,"Auburn, AL",9,11
2014-11-07,Auburn,Texas A&M,"Auburn, AL",11,9
2014-11-08,Oklahoma State,Kansas State,"Manhattan, KS",7,12
2014-11-08,Kansas State,Oklahoma State,"Manhattan, KS",12,7
2014-11-14,UT Martin,South Dakota State,"Dover, DE",10,10
2014-11-14,South Dakota State,UT Martin,"Dover, DE",10,10
2014-11-14,UT Martin,Delaware State,"Dover, DE",10,8
2014-11-14,Delaware State,UT Martin,"Dover, DE",8,10
2014-11-14,Kansas State,TCU,"Springtown, TX",5,13
2014-11-14,TCU,Kansas State,"Springtown, TX",13,5
2014-11-14,Auburn,Georgia,"Bishop, GA",6,13
2014-11-14,Georgia,Auburn,"Bishop, GA",13,6
2014-11-15,South Dakota State,Delaware State,"Dover, DE",9,9
2014-11-15,Delaware State,South Dakota State,"Dover, DE",9,9
2014-11-15,Kansas State,Baylor,"Waco, TX",7,13
2014-11-15,Baylor,Kansas State,"Waco, TX",13,7
2014-11-21,Baylor,Delaware State,"Dover, DE",14,6
2014-11-21,Delaware State,Baylor,"Dover, DE",6,14
2014-11-21,South Carolina,Oklahoma State,"Stillwater, OK",12,8
2014-11-21,Oklahoma State,South Carolina,"Stillwater, OK",8,12
2014-11-21,Kansas State,Auburn,"Fresno, CA",10,6
2014-11-21,Auburn,Kansas State,"Fresno, CA",6,10
2014-11-22,Kansas State,Fresno State,"Fresno, CA",8,12
2014-11-22,Fresno State,Kansas State,"Fresno, CA",12,8
2014-11-22,Kansas State,Auburn,"Fresno, CA",8,9
2014-11-22,Auburn,Kansas State,"Fresno, CA",9,8
2014-11-22,Georgia,Texas A&M,"College Station, TX",7,11
2014-11-22,Texas A&M,Georgia,"College Station, TX",11,7
